cycle,agent_count,stream_count,self_state,stability,adaptive_score,rigidity,dissent,dominance,ambiguity,queen_pressure,queen_throne,queen_whisper,field_spread,visible_shadow_gap,truth_load,shadow_load,correction,rep_A,rep_B,rep_C,rep_D,hash
1,4,8,0.000587,0.970951,0.834095,0.469556,0.142782,0.192287,0.128832,0.010253,0.00543,0.014375,0.142782,0.025493,0.001393,0.009112,0.002346,0.700032,0.694083,0.697931,0.694916,8c82b8943f7db14af453fa647eb61b4d858833b65d32382a49a85b1ac063c3ed
2,4,8,-0.002097,0.968759,0.834335,0.469521,0.135566,0.195658,0.132276,0.022141,0.010929,0.008045,0.135566,0.091544,0.000955,0.01743,-0.010735,0.700235,0.691197,0.696716,0.688584,d7412e66a113ceaafceb67f1b291af2cb2483f9139957ee777cc7cba669de997
3,4,8,-0.002642,0.970023,0.834197,0.470547,0.136222,0.199146,0.1233,0.029599,0.015786,0.015819,0.136222,0.052293,0.000908,0.023547,-0.00218,0.700495,0.686962,0.69429,0.683345,812a8e572ffd052ed8340644728cab1f206920074a83e97d585133dd94e77ca2
4,4,8,-0.002173,0.966375,0.834586,0.463893,0.153381,0.19274,0.130636,0.033945,0.019342,0.017586,0.153381,0.004832,0.000776,0.026424,0.001878,0.699798,0.68231,0.693926,0.679464,e27e7e0072583cfc83c474c9dc91ed9e67875cfb06ca837b0f53e34a3b800e6e
5,4,8,-0.004879,0.967368,0.834483,0.469861,0.133814,0.195422,0.108628,0.038331,0.021875,0.009249,0.133814,0.03884,0.000438,0.02753,-0.01083,0.697194,0.678909,0.693109,0.672401,39f03d75f3d0fc5d25003d0c2c2f68cbe97797bc6e7295162ae6305a1f5792c1
6,4,8,-0.010399,0.96071,0.835136,0.462334,0.150784,0.192051,0.13584,0.044891,0.023625,0.001936,0.150784,0.071239,0.004024,0.028237,-0.022115,0.697664,0.677213,0.692953,0.665283,6e8185d2ff65d177c64a5d2e2240129cf341a4b2ebd63d23ce97e010ea412a45
7,4,8,-0.011506,0.966008,0.834623,0.467919,0.147892,0.198485,0.10898,0.046085,0.024596,0.010809,0.147892,0.003756,0.002892,0.027155,-0.004432,0.693191,0.674035,0.693726,0.660039,fc4cba76fbd7a5953c7e432abb5d91db0c8afdbc82e4adc6b1bf4f91c70045d9
8,4,8,-0.011505,0.965938,0.83463,0.464786,0.154927,0.197232,0.117423,0.048426,0.024793,0.001952,0.154927,0.019435,0.002047,0.024532,1e-06,0.68869,0.67061,0.692071,0.656722,7d5515a317ad721eb657bd8e01fc957675d505f7cbfd41673bb90e1975ed3e82
9,4,8,-0.012478,0.970544,0.83414,0.470118,0.123996,0.19635,0.110952,0.049889,0.024998,0.012628,0.123996,0.04362,0.002838,0.026389,-0.003895,0.685493,0.667805,0.689334,0.654295,ebed51f2456c4de856552e52d4c7c6d99f2843913e6837bebd02d52f5b5e59dd
10,4,8,-0.013421,0.966712,0.834551,0.467126,0.143074,0.195482,0.106497,0.052612,0.025113,0.008629,0.143074,0.049609,0.004211,0.027507,-0.003774,0.6812,0.666175,0.688187,0.648291,31c94e53a42c9409a7342b5e784f89f53870e5bc7770772cc5ae701a4bd48f39
11,4,8,-0.014731,0.975313,0.833587,0.477965,0.097692,0.193108,0.073506,0.049323,0.024909,0.009001,0.097692,0.003415,0.003948,0.025146,-0.005235,0.676117,0.665116,0.684895,0.647691,e666d5b7e7ab4dcd46a4f7c10e1db0df8d4131401a6a92db63bb2788d45b4c5b
12,4,8,-0.015407,0.963844,0.834839,0.458919,0.157388,0.188639,0.133091,0.054968,0.025112,0.017516,0.157388,0.082339,0.004785,0.031306,-0.002711,0.672996,0.662628,0.6834,0.644287,fa4f2ce38294368c912220b906b38eb5abc083d771c0faa4adf438170eb766f0
13,4,8,-0.018998,0.961888,0.835027,0.462025,0.150238,0.190219,0.121837,0.058646,0.025196,0.002056,0.150238,0.073693,0.007939,0.031169,-0.014392,0.671062,0.663735,0.68013,0.641801,9e0e5c6c2432e0c1bc051d3c08c8259c88ccf482c43751c46b36bd70839a943d
14,4,8,-0.018762,0.972808,0.833883,0.471196,0.112246,0.184953,0.082144,0.056922,0.025226,0.011848,0.112246,0.03305,0.007685,0.031036,0.000942,0.666593,0.664843,0.680481,0.640784,ae11b9567e61b0e80f12e8d58fb2b8f6e13328e9e8bea6853bfbe8d39a0f4259
15,4,8,-0.019946,0.965136,0.834711,0.461877,0.149603,0.185269,0.113395,0.056111,0.024785,-0.003037,0.149603,0.004698,0.008508,0.026062,-0.004743,0.663841,0.666518,0.67978,0.63955,b956afaffe1982799a5a994d6e85f1ffd60ff2165e78e54c32ba940ca5711c36
16,4,8,-0.019701,0.970398,0.834156,0.46914,0.127319,0.188821,0.093297,0.054989,0.024335,0.01122,0.127319,0.019962,0.007645,0.026563,0.000981,0.659402,0.666405,0.678832,0.639232,ff3e9998b6610e8f7941b7745e79c843b9ffa810619fc3de3fc1c44d5acc6a32
17,4,8,-0.021093,0.964131,0.834811,0.464058,0.154858,0.187088,0.094968,0.054876,0.023652,0.001499,0.154858,0.005187,0.008298,0.024211,-0.005574,0.654286,0.669294,0.677237,0.638624,05301b285b2019a733bebb0f341dafb01ce112ad36b396a2211d12013d92dc62
18,4,8,-0.023469,0.96778,0.834439,0.473185,0.129155,0.191873,0.069653,0.057171,0.022995,-0.000859,0.129155,0.071851,0.011406,0.024915,-0.009507,0.65314,0.670901,0.675297,0.636875,4982da9cf372e7656ae83895b033d5537f87c1752e2754ada0d411aa3f5ba41d
19,4,8,-0.027536,0.96251,0.834968,0.466648,0.148163,0.190149,0.096391,0.057732,0.022154,-0.005595,0.148163,0.030042,0.013522,0.022581,-0.016293,0.650527,0.672582,0.675092,0.63346,56e014b02d97fd031854ef1777da9d3b8d48b09a2b07fe88b5de13a9afc3400c
20,4,8,-0.028081,0.968588,0.834353,0.468146,0.137121,0.185951,0.088567,0.056591,0.021216,-0.000418,0.137121,0.014464,0.014131,0.020785,-0.002184,0.647767,0.673143,0.674872,0.636626,beddb797f0a5bf6b796722ed36549b72788f32d200b44e2988ce72b02630feca
21,4,8,-0.031301,0.966791,0.834543,0.470555,0.134316,0.192189,0.097989,0.05561,0.019981,-0.016712,0.134316,0.016587,0.017571,0.014791,-0.012889,0.646309,0.674663,0.671175,0.636711,d4fcdac722e0c78d6c3234e5dbeb3c871726d0b8b910ff9159cabb43a1ebdaa9
22,4,8,-0.029579,0.969684,0.834235,0.469186,0.128745,0.19237,0.115957,0.05499,0.018652,-0.010011,0.128745,0.025424,0.016223,0.012329,0.006895,0.645306,0.675315,0.670623,0.639463,d22043ed61480f5a5c24a308437c36f0cf1cc1eaf2440678b2bce43d52962ec5
23,4,8,-0.02598,0.966147,0.834609,0.464563,0.13664,0.184772,0.113143,0.056362,0.017335,-0.009838,0.13664,0.04896,0.012514,0.011713,0.014412,0.643224,0.676239,0.671889,0.63883,86bb8a5a5248c21b0d1b5eeacf1f3ff39a3f9ced2c7876051df53f1c47018967
24,4,8,-0.020907,0.96671,0.834551,0.468912,0.124593,0.194604,0.118081,0.055393,0.016165,0.003658,0.124593,0.026104,0.00911,0.014235,0.02031,0.639927,0.675872,0.669825,0.638313,3e0001c37b86e08e36350eba72602a6480e437001ad72b2a0b91b8bcb2283e75
25,4,8,-0.022943,0.970969,0.834092,0.468194,0.121892,0.185784,0.107091,0.053326,0.014863,-0.014023,0.121892,0.007471,0.010989,0.009479,-0.00815,0.639579,0.675731,0.667129,0.64312,e2e6b596970038df36ec2b82a712178dc70cf58e488d73dd4159a48e5067731a
26,4,8,-0.024745,0.968415,0.834372,0.469096,0.138608,0.19594,0.107926,0.05453,0.013376,-0.028192,0.138608,0.039065,0.012053,0.004013,-0.007213,0.638674,0.673673,0.664885,0.644963,eb29ac4309644b9861abdfa591e34e03f900fcc586cfab4fa77c060280935b84
27,4,8,-0.0257,0.971249,0.834061,0.471338,0.129368,0.191054,0.092026,0.052709,0.011873,-0.010969,0.129368,0.001289,0.013669,0.003114,-0.003824,0.637839,0.669419,0.665321,0.647984,9584eae677eb0ec76d044ef80318889d26d2afe72dbc72f3dfc8c0c735143534
28,4,8,-0.026281,0.970406,0.834155,0.466226,0.136308,0.186378,0.114443,0.051782,0.010404,-0.008968,0.136308,0.003692,0.014789,0.002812,-0.002327,0.636685,0.666993,0.664896,0.650839,82d57028bdc70bb469707ffab071f09deff29c018cfac6f74e956aa6f747e630
29,4,8,-0.032032,0.965071,0.834718,0.465698,0.134842,0.184059,0.120101,0.055428,0.008927,-0.029311,0.134842,0.079355,0.021459,0.001273,-0.023033,0.639096,0.6625,0.660256,0.652525,9cc0bce892edb97edad70e780b68948fba33d6f48d6e8f95c6a48d2f404a3012
30,4,8,-0.030727,0.966269,0.834596,0.459823,0.151439,0.181777,0.137765,0.056599,0.007639,-0.002622,0.151439,0.031647,0.021004,0.005569,0.005233,0.639428,0.662372,0.661159,0.653926,64b6edb0ba632e27babf72c5faffe2db43b1320fa658177b27eeb381dadeea9c
31,4,8,-0.034318,0.965847,0.83464,0.463789,0.14228,0.179475,0.115504,0.056376,0.006272,-0.025271,0.14228,0.021181,0.024118,0.002146,-0.014389,0.640119,0.658208,0.661366,0.657245,210653e291c6103f14025378c0ea280d0c8b4770242496480fbc69081bb16571
32,4,8,-0.037258,0.964493,0.834775,0.46115,0.15127,0.183591,0.138917,0.059881,0.005011,-0.019917,0.15127,0.073975,0.027556,0.004015,-0.011787,0.641517,0.655508,0.658095,0.654501,c9811c30fe563c79ae673d226df78561488db1c02164b840c884e43738682827
33,4,8,-0.037173,0.970619,0.834131,0.462226,0.134222,0.177875,0.136907,0.060682,0.003676,-0.015521,0.134222,0.056655,0.029025,0.005619,0.000342,0.643311,0.6545,0.656571,0.655324,a48bf042417f92bf4b0c3660d8af736c29d3d547a9ea6ac08dcce39b286026a8
34,4,8,-0.038351,0.964501,0.834775,0.45671,0.161129,0.179294,0.153817,0.060877,0.002076,-0.024607,0.161129,0.021164,0.030715,0.003415,-0.004727,0.645108,0.650551,0.655827,0.655296,958d9366a5c6e30c4f5e34fc4d31f2ed617b5cf6ee69522e75fdabad3ea02f96
35,4,8,-0.041536,0.968752,0.834336,0.469441,0.128715,0.182728,0.107248,0.058161,0.000165,-0.032606,0.128715,0.006131,0.032146,0.002286,-0.012752,0.645216,0.647858,0.654659,0.651933,e40bf856197f5a89674c8b499e0d3f44ecdc40a74caec191e4d96fe7c7bf21ad
36,4,8,-0.042045,0.97369,0.833781,0.470924,0.117885,0.182783,0.113108,0.057404,-0.00176,-0.023225,0.117885,0.042047,0.033706,0.00263,-0.002037,0.646965,0.645272,0.655408,0.650628,4d6fd92d4394ae915bc4e544bd7b0f5e08fc3c47d9a5044a429228b131c3c95b
37,4,8,-0.040027,0.965854,0.834639,0.464873,0.147394,0.184254,0.12357,0.059373,-0.003894,-0.049495,0.147394,0.055241,0.032266,0.008921,0.008086,0.650804,0.640959,0.657604,0.648075,509a57aa707f07ad0660e05594296138b57142646f9aad6af6fa71eae895fade
38,4,8,-0.041492,0.966237,0.8346,0.461001,0.148162,0.176212,0.134131,0.058837,-0.006075,-0.030672,0.148162,0.018237,0.033899,0.010079,-0.005871,0.652231,0.640281,0.658924,0.650255,b14a796b025cff63db7265ef5cace8137dafade0ca57653d88873f2cc848f171
39,4,8,-0.032511,0.960376,0.835166,0.46696,0.132924,0.184746,0.105443,0.065836,-0.008312,-0.066279,0.132924,0.159171,0.024533,0.014107,0.035973,0.655148,0.643296,0.654996,0.645268,7b3e295e6ac5d5fb94649423510ec21d7003ed290160447903106fc1835c1edf
40,4,8,-0.027896,0.961869,0.835028,0.459768,0.148662,0.179927,0.118261,0.068545,-0.010468,-0.046356,0.148662,0.091943,0.019695,0.014607,0.018505,0.657483,0.644421,0.654565,0.640587,39c274ba936be7dddc23b242fe38c788aaf4a00ffb793ed2864019f85befb542
41,4,8,-0.026067,0.953533,0.83574,0.442012,0.202025,0.177487,0.163536,0.079631,-0.01297,-0.09315,0.202025,0.186198,0.014032,0.021709,0.007358,0.65743,0.645814,0.651912,0.63504,2cfb5affc62117098daba90767adfe41abca36fdea909cbb1f9b908cf4cc982f
42,4,8,-0.024717,0.967366,0.834483,0.463344,0.134761,0.183532,0.099455,0.07483,-0.015407,-0.026575,0.134761,0.021638,0.013707,0.018349,0.005409,0.658525,0.643235,0.651131,0.633101,650a3a2c8b12a6ab1eaa39ccfdb8e7c58d7923e4158a938db93621da342c501b
43,4,8,-0.015522,0.956169,0.83553,0.454466,0.147017,0.181409,0.12801,0.081058,-0.017818,-0.071329,0.147017,0.180133,0.005062,0.019736,0.036891,0.660377,0.644127,0.64644,0.632374,80fdb80dd5c9fbe1d995192b5d8c2b1bf938012074fa5f2b028b15711f073243
44,4,8,-0.016056,0.967652,0.834453,0.461351,0.134268,0.188612,0.111442,0.079912,-0.020544,-0.064034,0.134268,0.088001,0.005463,0.023375,-0.002139,0.659086,0.644848,0.648719,0.631576,d567d7258ff1a0532146a2f3b62cd26b58b6632e4cb52c6c70bea8484ba0ccec
45,4,8,-0.017445,0.964011,0.834823,0.456247,0.150356,0.18071,0.117426,0.076212,-0.023247,-0.039262,0.150356,0.024954,0.007667,0.021752,-0.005571,0.657604,0.643913,0.651072,0.631158,e8606a5e69deda4805d59366386d09b483fd3d47a1346e002a39cac0ec9b3111
46,4,8,-0.021323,0.959668,0.83523,0.457897,0.158759,0.184828,0.112177,0.074774,-0.026086,-0.058499,0.158759,0.043165,0.010928,0.023711,-0.015558,0.653735,0.643436,0.652491,0.63159,29846f3936ca65fce937fa68e5995b1878aed337cb4b031abc1a8be2b5f6c6cd
47,4,8,-0.021125,0.964411,0.834784,0.454692,0.153766,0.178308,0.125254,0.075295,-0.028815,-0.063309,0.153766,0.076935,0.010909,0.025251,0.000792,0.650361,0.642993,0.650791,0.630521,d50076a8fb001073bc94c4ab34d7c87cd2c358db189ff896004bc0979137ddb2
48,4,8,-0.020629,0.96617,0.834607,0.458601,0.143847,0.181063,0.112361,0.074656,-0.031495,-0.05034,0.143847,0.06921,0.009308,0.023274,0.001988,0.64923,0.645279,0.649335,0.629347,4e1ad22534be8bee10710ccfd6899681479d9a7539359cbeab81f89800b91975
49,4,8,-0.016641,0.962434,0.834975,0.453819,0.145243,0.177568,0.133606,0.074873,-0.033934,-0.045772,0.145243,0.080241,0.00573,0.019694,0.015999,0.649872,0.645125,0.645884,0.626403,0b3b5a4f72e043515d8375b900166904bdbe58d15b1b36d2732a22294de4a8da
50,4,8,-0.015129,0.965421,0.834683,0.458521,0.148593,0.178852,0.097002,0.071724,-0.036037,-0.011103,0.148593,0.02077,0.005125,0.009766,0.00606,0.645442,0.649629,0.640963,0.629631,a8059d7fa5e784550f86cde38f09c39f78b3029a96fbec727b9d78d7653a70ac
51,4,8,-0.015248,0.96417,0.834807,0.451552,0.164143,0.17451,0.118458,0.071724,-0.037916,-0.037345,0.164143,0.048226,0.003407,0.007138,-0.000475,0.640909,0.651581,0.638884,0.631274,1038084a68f34642413bed88c05e14cb5f163c5490029894afc48ae1585b1126
52,4,8,-0.008843,0.965517,0.834673,0.461707,0.123245,0.179052,0.099942,0.071291,-0.039533,-0.036003,0.123245,0.083079,0.001838,0.003581,0.025649,0.642334,0.655017,0.636918,0.627344,4aa0d54fcf92b03b0fa960b9b369d862a4b384f114775c5b247a9d49cf506341
53,4,8,-0.007635,0.963089,0.834912,0.452423,0.166662,0.180356,0.126103,0.071304,-0.040781,-0.030021,0.166662,0.044541,0.003511,0.000342,0.00485,0.642399,0.657824,0.638846,0.623437,61b543e35a65b8b1614ad7c4676b305bb3b3dec743917726bbc02966d10c3338
54,4,8,-0.003451,0.96152,0.835061,0.45739,0.156594,0.182695,0.10785,0.075414,-0.041913,-0.05857,0.156594,0.123933,0.008416,0.001163,0.016784,0.642939,0.655838,0.637788,0.623515,2446b79643f3cb19e7adc507a5c64ebd76cc088d6d12a49c5de1255f6b9221f5
55,4,8,-0.000579,0.967309,0.834489,0.467642,0.133533,0.186437,0.069084,0.075038,-0.042956,-0.047116,0.133533,0.084605,0.010931,0.00146,0.011502,0.640021,0.655448,0.63545,0.623854,7448793ea4869153d413a925a2462323d676e10afbb37ca22eef1b3c7a8dbcb8
56,4,8,-0.000323,0.972723,0.833893,0.468113,0.120743,0.185144,0.0848,0.069168,-0.043839,-0.013568,0.120743,0.004166,0.010114,0.003216,0.001025,0.638465,0.658878,0.63426,0.627179,8b8b320a3b6719b62c11c5095110ed7e2ef8d25e694e3eb4023a5246d7c96b4f
57,4,8,-0.002867,0.965525,0.834672,0.460901,0.141775,0.176103,0.084298,0.069978,-0.044221,-0.01269,0.141775,0.077167,0.007498,0.01203,-0.010195,0.636849,0.660623,0.635254,0.628386,e02fbeafc1df64ed93959c6802ee7bd850f8118eb1df2faf351fbf88051d3c0a
58,4,8,-0.005148,0.964447,0.83478,0.454965,0.147141,0.175806,0.123219,0.069253,-0.044188,-0.016863,0.147141,0.048248,0.00542,0.016789,-0.009143,0.637422,0.661251,0.633202,0.630397,18e775cec15b488f5ba38d267dc56d6721da31e1ef365722214af532fb081a4e
59,4,8,-0.003355,0.971094,0.834078,0.470873,0.115,0.188837,0.081396,0.06415,-0.043877,-0.006696,0.115,0.005459,0.006616,0.020109,0.007174,0.638389,0.663266,0.632411,0.633535,f5d12c522010cb8f37a46af52fef3797cfef932c9d472a0e4e31abea1a6ad55d
60,4,8,-0.009145,0.967606,0.834458,0.470137,0.112514,0.188401,0.088501,0.061206,-0.043501,-0.02622,0.112514,0.028916,0.003643,0.018169,-0.023164,0.636246,0.663115,0.633511,0.633483,98c7d60cdee8a3701f0ea68d652c0974a70a2b0b863db85d64e2695b995141e2
61,4,8,-0.010563,0.965123,0.834713,0.464094,0.150377,0.18244,0.067669,0.06081,-0.043013,-0.024138,0.150377,0.023871,0.001629,0.018012,-0.005682,0.633944,0.659079,0.6371,0.636726,492824129159fc7cc4def225092ee5e406ce2729a2093f1cd3ad22ecfbd4a8ac
62,4,8,-0.016363,0.95834,0.835347,0.451503,0.154964,0.177256,0.144235,0.069568,-0.042284,-0.021275,0.154964,0.172054,0.004619,0.027126,-0.023271,0.633483,0.661587,0.639986,0.635746,92d712411e5052a0114f1f300dc9ea36b1249c486eb526c566530eb73f3fd9c8
63,4,8,-0.013315,0.965913,0.834633,0.465784,0.131742,0.186234,0.077038,0.069845,-0.041422,-0.034693,0.131742,0.079745,0.001193,0.024375,0.012209,0.636489,0.655774,0.641523,0.637836,7359e73e16bc040741facc784b02051a4ad4c6647c1c9a08982617c99b3fa00e
64,4,8,-0.01077,0.970036,0.834196,0.467513,0.113859,0.17833,0.073359,0.065368,-0.040503,-0.011763,0.113859,0.018961,0.003967,0.025157,0.01018,0.636329,0.652309,0.641121,0.639452,fbc245c506cd9e17e6bfb1426c84c04386545fee2ec66752d3095eabfa173e14
65,4,8,-0.009034,0.962148,0.835002,0.455536,0.160682,0.180492,0.11906,0.066783,-0.039702,-0.0345,0.160682,0.056358,0.006203,0.022344,0.006965,0.638503,0.651059,0.640822,0.639873,1df3a002f2a6659543b3c3ae8155b42bff6864fb05899dd94bd20f416e64681f
66,4,8,-0.019753,0.944477,0.836356,0.440859,0.198173,0.178992,0.169948,0.077861,-0.038685,-0.04273,0.198173,0.184695,0.004906,0.025899,-0.043107,0.63496,0.653486,0.644315,0.633295,401a77f012b72a57435d8b0a605bb3fd2e81f931775896230c5aa18301e8ff30
67,4,8,-0.011682,0.958018,0.835374,0.458984,0.13742,0.1796,0.102171,0.074356,-0.036977,0.028298,0.13742,0.035349,0.002364,0.039189,0.032344,0.636383,0.645919,0.641613,0.637163,ac29d8ced225c466528b9e5b57f778fc881ab48e1d7542d7d60ae979ecb68652
68,4,8,-0.011836,0.961668,0.835047,0.450811,0.160866,0.181516,0.140541,0.075674,-0.035118,-0.009096,0.160866,0.081778,0.000883,0.043009,-0.000616,0.637568,0.643235,0.642989,0.635744,c5366015800fc7fb9c5e142c87664b94076ff061faf47b9c592071df234552fd
69,4,8,-0.014398,0.964023,0.834822,0.457269,0.133791,0.174029,0.100181,0.075287,-0.032869,-0.005512,0.133791,0.084947,0.000463,0.045874,-0.010269,0.641313,0.642107,0.646734,0.637779,00aba73234e7f47521cee703ba12b2f4b25780870e3f74c6a7c102a39e74cdc2
70,4,8,-0.008048,0.963942,0.83483,0.463783,0.114648,0.17726,0.093702,0.070445,-0.030501,-0.0036,0.114648,0.02851,0.004143,0.045016,0.025423,0.642875,0.636558,0.647289,0.639807,d80121fb0683954da3d071e035f08dc493ea36ff2519ce2796f15df6ae849e26
71,4,8,-0.012144,0.958674,0.835318,0.453864,0.152415,0.176914,0.112974,0.074646,-0.027859,-0.011521,0.152415,0.127166,0.00031,0.048376,-0.01643,0.64679,0.636801,0.649983,0.636517,0d9fb00570803c2d9abcc7c93c6c7c19ee9e1cd736dfeec965bf3c9b70e8e928
72,4,8,-0.007109,0.948967,0.836071,0.443988,0.196596,0.175642,0.141229,0.073534,-0.025048,0.014241,0.196596,0.004914,0.004625,0.052861,0.020235,0.647974,0.630976,0.650219,0.638234,f988b53fbbbf0ed8744d349bc750af0b7fec9fc67e830fbcea36f7e12ea2af57
73,4,8,-0.004435,0.964773,0.834748,0.460564,0.129313,0.178378,0.110711,0.070312,-0.021994,-0.007984,0.129313,0.035362,0.007867,0.04907,0.010714,0.645739,0.628642,0.651346,0.638145,58dec958b44efe1370bdf0bde97a99bb66d646ab69060d2cee3afcd02da93ad9
74,4,8,-0.012064,0.952739,0.835801,0.449239,0.161312,0.17581,0.135637,0.076626,-0.018884,-0.011556,0.161312,0.153167,0.001469,0.052661,-0.030623,0.646446,0.631913,0.654635,0.63663,4159280fb091de497beba895d84f13c5de2b6fc7f13654623a3d0107f5bdab33
75,4,8,-0.013189,0.966865,0.834535,0.463541,0.121144,0.182283,0.086234,0.077957,-0.015493,0.006006,0.121144,0.129782,0.000618,0.057821,-0.004503,0.648965,0.631859,0.656245,0.638512,f0baf49d1f13a09f50ca6daa3c3de4b46f9276cf0267a537c277dc5f93fb621c
76,4,8,-0.017476,0.962578,0.834961,0.460593,0.125889,0.179685,0.098852,0.075616,-0.011851,0.010441,0.125889,0.067124,4.7e-05,0.059386,-0.017176,0.650326,0.63093,0.656937,0.638952,9973ce45779326a78d74df66b4f17d0211b6668b086daa5f1a738ef49eae0edc
77,4,8,-0.017159,0.9653,0.834695,0.460683,0.137497,0.182488,0.099148,0.073559,-0.008422,-0.015837,0.137497,0.052848,0.003268,0.052373,0.001272,0.648551,0.629586,0.659279,0.64233,4df9b5b53312088360932b2791688d4d1b803f930fe0ec43dc8c3eaba3fc239b
78,4,8,-0.021185,0.954137,0.835693,0.450981,0.171845,0.184099,0.129115,0.07975,-0.004741,-0.003716,0.171845,0.150072,0.002271,0.056328,-0.016166,0.652316,0.630255,0.659654,0.639959,4889d5eaa345cf11889b33939fcbd1bc6f09ae68d9fa02618f115606df4e2fb8
79,4,8,-0.021483,0.962111,0.835006,0.458203,0.150513,0.18305,0.096617,0.079473,-0.000934,0.004908,0.150513,0.081942,0.003483,0.057509,-0.001197,0.650198,0.633078,0.662261,0.639918,9a46c2a78f6940c972145a1714d512d6f34cf9c7ab8181e6249f96480e943836
80,4,8,-0.029183,0.94899,0.83607,0.450486,0.177942,0.182224,0.125574,0.081333,0.002746,-0.006482,0.177942,0.088793,0.00719,0.055802,-0.030925,0.650782,0.631425,0.659565,0.636876,0856d8959fc51a661f41314c6549e9e289ce479e23a6d07bb10643ee7fcc328d
81,4,8,-0.028677,0.964327,0.834792,0.461448,0.13765,0.181409,0.08803,0.080177,0.006379,0.010192,0.13765,0.085194,0.007784,0.05709,0.002029,0.65005,0.632374,0.656647,0.642167,4c87c474847aec429500ef630177015d29cbb9478fe0553c7801b69fc069d6fa
82,4,8,-0.022663,0.95986,0.835213,0.461851,0.132886,0.180716,0.086692,0.075824,0.009593,0.007405,0.132886,0.032751,0.002948,0.053485,0.024093,0.643718,0.631332,0.657971,0.643101,f7f61d309f4fb19642d46c78837a5600fd8859f570dc4684ee52bd21404ad4e2
83,4,8,-0.028019,0.944905,0.836331,0.444815,0.207535,0.178273,0.115404,0.08694,0.012989,0.01057,0.207535,0.203084,0.008006,0.064102,-0.021536,0.643222,0.633595,0.658164,0.642258,313f6e91de8a86223c624451eafc0c9f578f6cf400308f2ba19de50aa7c4b88c
84,4,8,-0.030955,0.955501,0.835585,0.452147,0.165216,0.18508,0.134625,0.088235,0.016212,0.004826,0.165216,0.115043,0.011125,0.063795,-0.011794,0.646147,0.634337,0.656643,0.641493,fe240a1a3b38759c02230d580b8b0e608ec4bb68bae901b93f683d00de840d31
85,4,8,-0.036149,0.956416,0.83551,0.457921,0.145612,0.181422,0.105189,0.092511,0.019414,0.003298,0.145612,0.18934,0.016657,0.065733,-0.02084,0.644284,0.634056,0.653099,0.643287,a8f7e7e019263a17e38af0ec8fd7f5c35ac2b7b88fde9d54b6756423a56e53d6
86,4,8,-0.032913,0.960643,0.835142,0.455053,0.13753,0.173852,0.120014,0.085438,0.022569,0.023632,0.13753,0.019555,0.012711,0.06322,0.012978,0.638205,0.631197,0.652562,0.644178,77989ddd8a68f3633b8b63bafdad807362e5bf2b6f81db70d10a12d9fe906df0
87,4,8,-0.035002,0.951921,0.835862,0.445247,0.184703,0.172642,0.131472,0.093451,0.025913,0.015448,0.184703,0.203501,0.016883,0.070024,-0.008398,0.635913,0.634359,0.649906,0.642598,c695e0c988a5266d34f74b10c55745631641e0b720d239256b55b555fb634b4e
88,4,8,-0.040825,0.948892,0.836076,0.447213,0.180144,0.172343,0.125466,0.096555,0.028937,-0.003805,0.180144,0.14984,0.02249,0.066467,-0.023405,0.63373,0.63817,0.643316,0.642206,f771a7a18b0294bac64272b78e8398c0d278398d9a9ffc92e7846b60dd176c92
89,4,8,-0.04406,0.953399,0.835751,0.452027,0.170775,0.174818,0.10807,0.098606,0.031618,0.00632,0.170775,0.151165,0.025811,0.06573,-0.012994,0.632274,0.639002,0.639253,0.645743,6d22d353ecc7977d56c813e9c3dde875a7edf8cb1ca60a88df5d6f577c829d76
90,4,8,-0.046209,0.954966,0.835628,0.453835,0.167572,0.175749,0.102324,0.10085,0.034128,0.008154,0.167572,0.163946,0.028959,0.066773,-0.008634,0.636178,0.640168,0.636893,0.648966,6b979634936dc208963d24e2263f55978e68e126acdc843af8a181fe91671e2f
91,4,8,-0.037306,0.95537,0.835595,0.462139,0.130846,0.175329,0.078971,0.091767,0.036425,0.033475,0.130846,0.01787,0.020575,0.064758,0.035686,0.629083,0.639389,0.64078,0.650565,7b00a18f7aa3fbe6a45f077358fc67e1a8fd4a4076dd9c4d9553a5ea86b5f96f
92,4,8,-0.046738,0.941149,0.836541,0.444746,0.200044,0.173896,0.130158,0.100848,0.038664,-0.008726,0.200044,0.224865,0.029525,0.064499,-0.037948,0.632157,0.636735,0.632692,0.653522,fb5ebb2cb81433adc940626cf2988070dab88d544f154054199093f6bd0cdd56
93,4,8,-0.050398,0.955672,0.835571,0.45629,0.154238,0.178059,0.109735,0.103868,0.040988,0.012096,0.154238,0.197523,0.033268,0.067269,-0.0147,0.634567,0.635863,0.635882,0.652363,ccf396b7f0ac6ec9cafad893d615b171cd033566a9284429f70237e2cc3b1557
94,4,8,-0.048296,0.950492,0.835965,0.451013,0.190388,0.180994,0.115179,0.104752,0.042935,0.012415,0.190388,0.133482,0.034497,0.066434,0.008454,0.635072,0.640043,0.628556,0.652399,0650047b086bd8ac385e81eed89aba8d950a441258c41d1b3a439c6de5119728
95,4,8,-0.055786,0.944966,0.836327,0.45111,0.189729,0.179594,0.116191,0.106769,0.044756,-0.002935,0.189729,0.15591,0.039191,0.063327,-0.030124,0.638368,0.638276,0.627539,0.653908,da2781c814ccb94ff88de5eec720e2c0bfce718e7d1d2783f62cf6e01305668f
96,4,8,-0.061772,0.952547,0.835815,0.46145,0.161052,0.183105,0.08866,0.106885,0.046257,-0.013611,0.161052,0.159552,0.045208,0.056874,-0.024043,0.640408,0.633126,0.629415,0.655978,208a4781a132189aafe3ee4da96bec97de9bb8be5c36d1247be355dfa4e8b0f5
97,4,8,-0.058431,0.951957,0.835859,0.456315,0.17823,0.181483,0.104684,0.108162,0.047838,0.007514,0.17823,0.161759,0.046831,0.058021,0.013434,0.644589,0.631247,0.629734,0.653482,5411ff6c2e01b1e9c0a71ac53d52c3693c936670b940a178713ab368b4d2bfa5
98,4,8,-0.061537,0.952035,0.835853,0.452457,0.187341,0.177912,0.122608,0.100773,0.048803,-0.014355,0.187341,0.010363,0.046098,0.043634,-0.012492,0.646504,0.633698,0.630483,0.653578,40808299912c66a083891853f7784ad98863778825a46a03fd9a562d46f97297
99,4,8,-0.059765,0.955451,0.835589,0.455868,0.174771,0.17844,0.114616,0.105303,0.049305,-0.003937,0.174771,0.201561,0.050979,0.045592,0.007125,0.650002,0.629274,0.626851,0.651993,941f778c2c305aebfc10111e0136262e2785f49d50f5414b5a12c9c7ddeb0397
100,4,8,-0.06275,0.948238,0.83612,0.449057,0.207743,0.17819,0.129087,0.104205,0.049457,-0.003756,0.207743,0.086584,0.051555,0.041883,-0.012015,0.648544,0.632515,0.624483,0.653179,4c37798d0e9e8e9bbd01f1f7ae558b77fc162d5ecc91bbe561d9fae16fa65cf9
101,4,8,-0.06971,0.953057,0.835777,0.462276,0.162714,0.178677,0.091035,0.10514,0.049194,-0.02713,0.162714,0.163863,0.058665,0.034673,-0.027955,0.652179,0.623146,0.624255,0.65478,6c1fb01b1afd0a5c8e823ebd490d55423ff7696c9e94e1d1d9ee09011289f8d0
102,4,8,-0.066301,0.952373,0.835828,0.454924,0.184176,0.17963,0.123301,0.105384,0.049005,0.013206,0.184176,0.132961,0.056915,0.039684,0.013711,0.656254,0.618418,0.629726,0.651369,5c04a897ee495c2ae2c233cd7b85836ab054ed2c0cbd2e181ce7fc81afe670a3
103,4,8,-0.069048,0.956533,0.8355,0.455598,0.169791,0.178228,0.136754,0.09944,0.048477,0.000462,0.169791,0.04434,0.054617,0.034835,-0.011043,0.659553,0.620165,0.632012,0.648254,926cb5a69a18370f1e2cca5e4b365f65a4f90800193a00ca62835c5a26bf8df9
104,4,8,-0.064218,0.951431,0.835898,0.457629,0.184165,0.179747,0.102812,0.098968,0.047864,0.010099,0.184165,0.103633,0.052794,0.036842,0.019413,0.660547,0.617544,0.635677,0.645983,f1d3cb2388330e016310d9fabd7dafbc3b8dd577b07ef85efa3aa8204efa5e95
105,4,8,-0.058563,0.946029,0.836262,0.448992,0.204174,0.176698,0.132849,0.103085,0.047494,0.013666,0.204174,0.158856,0.052418,0.042872,0.02276,0.658526,0.612774,0.636719,0.642019,a0f6bb5e8e03844e63125b60bfda0d8204ac646bac2d779d08f5f6f337940f04
106,4,8,-0.055733,0.961347,0.835077,0.461044,0.144924,0.177565,0.11108,0.096456,0.046741,-0.006986,0.144924,0.051466,0.045354,0.034701,0.011358,0.660104,0.616259,0.641444,0.636517,c26e256625f4be060b570e5a7af3284e2a27b6a6076e6f7ca847e43ca7a621d0
107,4,8,-0.05899,0.952395,0.835827,0.45679,0.189126,0.182994,0.101736,0.095512,0.045793,0.012522,0.189126,0.081533,0.043312,0.0365,-0.013091,0.656401,0.613618,0.641075,0.633152,4ff8a793064efd143bd18930bb9de57aae80e9558ee49b691cfb2a16bb337bd3
108,4,8,-0.05125,0.948529,0.836101,0.451093,0.187672,0.177681,0.131311,0.092277,0.04449,-0.008265,0.187672,0.041611,0.038386,0.030315,0.031116,0.657887,0.612571,0.64635,0.627822,f796cd3ae1c5a88f509e7bc278882168368324fd4523639cbcbda4f8d43f656e
109,4,8,-0.052579,0.965644,0.83466,0.468136,0.136925,0.18461,0.083121,0.085265,0.043317,0.009601,0.136925,0.020506,0.036007,0.027832,-0.005327,0.658972,0.61376,0.648935,0.622833,06af20253d2dee0db2a2d6e839323ef4a847b62265e25a4de3f89d5181217c55
110,4,8,-0.047722,0.966089,0.834615,0.468799,0.117208,0.177085,0.084478,0.078058,0.042035,0.017392,0.117208,0.01629,0.032139,0.026849,0.019447,0.660682,0.613771,0.645672,0.621303,4221c2bea3ba3e71c00f5547c557042279ea85d7dca1acf7e8da6f09cb04a5f3
111,4,8,-0.045783,0.972561,0.833912,0.473934,0.103724,0.182233,0.080942,0.070796,0.040593,0.005548,0.103724,0.007415,0.029831,0.022025,0.007759,0.659914,0.617358,0.64686,0.619354,a65bd61d26b78d0c3a362ef5f4482dae00ee770a775505e56f2456d386545e7b
112,4,8,-0.041442,0.962025,0.835014,0.466516,0.148829,0.184423,0.090923,0.068087,0.039038,-0.005717,0.148829,0.01559,0.028705,0.016273,0.017396,0.658419,0.615942,0.645688,0.618072,b96e700fdce079fd39cbb251047fc9910e46f54a42f7f02ad321d7bd25d5a404
113,4,8,-0.041719,0.956907,0.835469,0.45105,0.202338,0.184529,0.136625,0.074916,0.036925,-0.057895,0.202338,0.112821,0.026875,0.002888,-0.001111,0.659848,0.615582,0.650244,0.617779,afbe22e6d6a13464832bbe2faaceaeec2154a8f57cecdc3a031517dc72ebf7dc
114,4,8,-0.045012,0.966456,0.834577,0.466996,0.13705,0.181215,0.084962,0.070495,0.034803,-0.004357,0.13705,0.011391,0.025808,0.001243,-0.013192,0.658909,0.613925,0.650921,0.614439,529fe06da231ec36063ca95182879d657f27e4400a2ee43f3db149e289a68d2f
115,4,8,-0.049039,0.958198,0.835359,0.457607,0.174551,0.183251,0.123121,0.074379,0.032383,-0.016477,0.174551,0.09916,0.031201,0.002824,-0.016165,0.658664,0.608892,0.653553,0.616779,5a5f5e8901837d5d50744b29673441a1f13de9012a7e7d7c63c36b51bcc63897
116,4,8,-0.037373,0.959277,0.835265,0.468968,0.126869,0.180749,0.085399,0.069342,0.029989,0.004829,0.126869,0.009877,0.027701,0.003899,0.046713,0.65967,0.609762,0.652457,0.616401,0ea4ea5ca61c0ca8de0588fe65c6d88150564aa017f05c86c3fd5c3f5c263e6c
117,4,8,-0.037842,0.968598,0.834352,0.469527,0.140146,0.187687,0.077445,0.070976,0.027173,-0.046069,0.140146,0.093252,0.025162,0.0046,-0.00188,0.656557,0.614318,0.646804,0.619387,2974b144292b84e319d5f29e544b9ea70546b5a8def765db0a49ac3f772ba1fa
118,4,8,-0.03725,0.966674,0.834555,0.460633,0.1516,0.175187,0.10096,0.067859,0.024448,0.002043,0.1516,0.006405,0.023971,0.001947,0.002373,0.654864,0.61514,0.647177,0.618414,2ac88a0cedbb88f645dc9b3da0c3b50baa7c68f2587bb14416969b3cce0e3dba
119,4,8,-0.039828,0.963353,0.834887,0.462283,0.15737,0.179932,0.098941,0.07074,0.021486,-0.021272,0.15737,0.091992,0.02939,0.001155,-0.010338,0.648493,0.61119,0.648593,0.620282,248d7db38eb126cc976888d8cd94ffe2d4bac1ac38a1d82ba58150a9c043ca39
120,4,8,-0.036035,0.963385,0.834884,0.463605,0.146023,0.182282,0.091705,0.075811,0.01838,-0.058816,0.146023,0.149287,0.022406,0.007944,0.015207,0.650926,0.614533,0.648262,0.616636,0856a224d316f9f34f8e03d2c5deeaa2700a1c2b2a8ffaf48f1fe9070bdaf14b
121,4,8,-0.030026,0.970376,0.834159,0.473471,0.101169,0.176894,0.056129,0.068743,0.01546,0.009589,0.101169,0.006515,0.018554,0.00242,0.024026,0.650716,0.617229,0.642111,0.617682,6362bb7f513c44ed570e7daff9bd71b6909a8b0ef875cff8ef6556e90e34cbc9
122,4,8,-0.0379,0.961186,0.835092,0.468028,0.138143,0.178833,0.06717,0.068977,0.01243,-0.028787,0.138143,0.069913,0.024239,0.004257,-0.031533,0.648858,0.614696,0.640566,0.617685,2356fa338e0faa8e53f647e780256d573c398f92dfc305ea90365ed9f86f4c47
123,4,8,-0.037466,0.974136,0.833728,0.469933,0.109953,0.17863,0.084267,0.06821,0.00925,-0.042937,0.109953,0.082827,0.021222,0.009455,0.001738,0.646755,0.618657,0.638104,0.617624,98500d02be7ad3f9d8927f72332232cb8e7713f279cc98c29dec43f4c5de5044
124,4,8,-0.03543,0.955406,0.835592,0.445785,0.20131,0.171273,0.139456,0.070883,0.006243,-0.007433,0.20131,0.044282,0.022062,0.003253,0.008184,0.641198,0.621803,0.63936,0.622098,2ed3a7aa51952966d08897a9dcaaa50cb7374ca999f11e94f8493693e68a55ef
125,4,8,-0.030237,0.961374,0.835074,0.455425,0.151927,0.168447,0.096996,0.074295,0.003183,-0.029342,0.151927,0.115718,0.013094,0.001344,0.020819,0.64415,0.622157,0.638916,0.618306,99cb26e1d0d1001ba92211a26ed73d2f8917b86cf18b9a45ab9212fd299247f3
126,4,8,-0.031288,0.970521,0.834142,0.467227,0.12694,0.174842,0.058089,0.07311,0.000296,-0.013296,0.12694,0.074389,0.016315,0.002678,-0.004207,0.640599,0.622063,0.642178,0.620556,b2a958b568e119519fcdddcb33256c7f2baeb9565c308d137a3a648ef770e18c
127,4,8,-0.033678,0.956893,0.83547,0.451576,0.192039,0.172672,0.096112,0.073291,-0.002587,-0.031784,0.192039,0.026741,0.017003,0.000311,-0.009595,0.63767,0.624807,0.643849,0.627443,45e2e231a94e106fa9b8ce34c902326689730f84c8c98d4c3f1d817f3359c55a
128,4,8,-0.032707,0.964632,0.834762,0.457224,0.157577,0.172555,0.08238,0.075989,-0.005333,-0.045499,0.157577,0.105156,0.011803,0.002616,0.003891,0.637872,0.628522,0.636073,0.629987,39a377b645006dd8709611a39785a906762a5824ddc828bb4a5bb140bc9d442a
129,4,8,-0.03816,0.954936,0.83563,0.450713,0.180088,0.170954,0.106301,0.076318,-0.008376,-0.057364,0.180088,0.050271,0.014751,0.009996,-0.021889,0.634884,0.632318,0.637403,0.634812,4abaa2d463e8b22c49aa59a70cd9640022476a0bd7a30fe9d9537c72b6b26a76
130,4,8,-0.040461,0.974094,0.833733,0.468566,0.094428,0.169037,0.070137,0.07344,-0.011163,-0.065557,0.094428,0.085518,0.014939,0.018299,-0.009203,0.63607,0.635092,0.638179,0.637822,470a5971f55c04ae57f2d203750c270c812b53a35b0789d2ec7e21e799652a3b
131,4,8,-0.041045,0.965338,0.834691,0.463686,0.146879,0.173525,0.053618,0.074942,-0.014265,-0.075466,0.146879,0.096512,0.015714,0.025089,-0.00234,0.636644,0.630305,0.639799,0.634592,d775582b74151d11a750f454b09c8406a5f62beff4e32bd064da601e3d352401
132,4,8,-0.032414,0.950533,0.835962,0.450652,0.176647,0.172327,0.112538,0.078612,-0.017385,-0.075427,0.176647,0.106871,0.014801,0.028991,0.034653,0.636245,0.633218,0.640016,0.638378,79cd1988229cde3e4eeb85d98ed4b0c0ac8acb1264d8c25ad90ed4ff2ad4c052
133,4,8,-0.029212,0.962692,0.83495,0.458114,0.141568,0.17014,0.079016,0.081574,-0.02036,-0.075243,0.141568,0.142228,0.01024,0.031149,0.012834,0.639425,0.629542,0.636271,0.638403,3e01c51fc3082601e4cbf8641ef9d1793b1813dd2fd5a52f3522ae30667168a5
134,4,8,-0.020577,0.95769,0.835403,0.459448,0.141037,0.17362,0.075593,0.079127,-0.023239,-0.029131,0.141037,0.060695,0.006212,0.023862,0.034604,0.64263,0.628366,0.637333,0.642001,f3c5145be7267354c1013a80bd31780d04351a05ea0c0e0ff48791b935088d4b
135,4,8,-0.024449,0.953605,0.835735,0.444779,0.185855,0.173909,0.120886,0.086784,-0.026092,-0.08988,0.185855,0.177197,0.001502,0.026903,-0.01556,0.645841,0.620632,0.635437,0.63744,f525831621d8518bee34368d74da429c0e8280cbe60f811bdf65b0e2a60235b7
136,4,8,-0.028361,0.955531,0.835582,0.45539,0.175053,0.177588,0.061869,0.086567,-0.029116,-0.06918,0.175053,0.078975,0.003706,0.028154,-0.015696,0.645041,0.618294,0.636773,0.634814,2cbae289a522334e327d327a2662b4168ce26a4e674b3211bba0c2c8e8692edd
137,4,8,-0.026742,0.95982,0.835216,0.458206,0.166851,0.176955,0.045471,0.086058,-0.032262,-0.053717,0.166851,0.081847,0.002122,0.02512,0.006492,0.648537,0.614292,0.634402,0.630564,f1c870bb4cc9803b0606d3dbd4d2bcb144c7416354cba509681567bfdb8b2192
138,4,8,-0.02436,0.954685,0.83565,0.441275,0.190907,0.175097,0.144024,0.087239,-0.035088,-0.05362,0.190907,0.083969,0.000134,0.021081,0.009575,0.652214,0.615045,0.634069,0.630437,a5b5210d7bd5439e62fe0a627dcff79ee37fec193e5f7979dfc0cc0575ae56b1
139,4,8,-0.020926,0.970531,0.834141,0.470271,0.107517,0.182393,0.047396,0.078334,-0.03765,-0.014546,0.107517,0.003666,0.000168,0.013211,0.013742,0.65298,0.614374,0.634094,0.630937,a75818e42e387bb5041d1d1df05dce2908dc4425d845d7f69581677c79fd64b3
140,4,8,-0.023968,0.978556,0.833186,0.474191,0.068822,0.172493,0.057463,0.069394,-0.039979,-0.04614,0.068822,0.015965,0.005517,0.016237,-0.012152,0.653652,0.61719,0.637603,0.629336,331f93fdc8b40ebccd06c94c19cb1ba02a305154daa117c03cf217507a1ca7cc
141,4,8,-0.018114,0.945743,0.83628,0.438576,0.227802,0.174875,0.138379,0.073731,-0.042029,-0.031904,0.227802,0.04859,0.002358,0.007849,0.023553,0.654838,0.611077,0.637196,0.62334,b7d0d0af2e0e6b82ce6fa0c846eccc037d30dbb6aee7442af487b7cec6b68241
142,4,8,-0.011877,0.961913,0.835024,0.459978,0.14078,0.177251,0.082077,0.076332,-0.043978,-0.05468,0.14078,0.122177,0.003774,0.00573,0.024992,0.654161,0.606411,0.638046,0.626044,8baaa75d0b46827a240a63cd274828d4a6a95981dde8a521e084c2269879eb74
143,4,8,-0.012061,0.959648,0.835232,0.446303,0.185754,0.172763,0.114873,0.081464,-0.045496,-0.034357,0.185754,0.12632,0.003238,0.004763,-0.000738,0.656109,0.61182,0.640591,0.620846,af12221327ffda1fa27416dd6bdcacda18a15710456d5a090f414497dc2a34f0
144,4,8,-0.016956,0.957233,0.835441,0.457268,0.167048,0.176455,0.063233,0.083785,-0.046452,-0.022794,0.167048,0.11382,0.007329,0.014644,-0.019635,0.654089,0.609727,0.639674,0.620396,f7738214ea9fa0cfb08c32bbab33add337f2ae8b16d3a414809f287800595bab
145,4,8,-0.022984,0.952707,0.835803,0.452679,0.182034,0.178692,0.092191,0.084541,-0.046723,-0.028447,0.182034,0.079076,0.010323,0.019849,-0.024206,0.655011,0.609831,0.637662,0.617245,514778f8e58f254e447a601bd4e71dab5ab4809072b2e7bda5a3cf86024f9148
146,4,8,-0.02728,0.957846,0.835389,0.459007,0.161649,0.184143,0.089599,0.088797,-0.046681,-0.040198,0.161649,0.161278,0.017693,0.024359,-0.01724,0.65655,0.614084,0.635016,0.612357,4a9a5822916d2425fcc32cc36689a8763ebc6c518c52f74ce1a304fdfe75b877
147,4,8,-0.026112,0.953531,0.83574,0.437157,0.20388,0.179006,0.185048,0.092985,-0.046855,-0.07716,0.20388,0.129533,0.012094,0.017023,0.004704,0.656214,0.616852,0.635335,0.615496,a93bb54fd899cf0bf8beb376840a26c1588d32a7d7c6778158263108e0c3da2f
148,4,8,-0.033791,0.946459,0.836235,0.437768,0.198783,0.171051,0.165547,0.099755,-0.046732,-0.035666,0.198783,0.190939,0.019106,0.025374,-0.030912,0.655222,0.619642,0.639605,0.608815,f3e01b1a5d900caea3ea291d76ceebfb0a58c964dfa5ba9de4420a8f224ce104
149,4,8,-0.032889,0.945588,0.836289,0.433107,0.240607,0.174257,0.162361,0.101539,-0.046301,-0.042497,0.240607,0.084431,0.023003,0.026764,0.003639,0.652438,0.623155,0.638649,0.600914,434107b628eecd6ec00d262579dfa0c7155d018beade66d5563666c760935f10
150,4,8,-0.032764,0.956173,0.83553,0.447803,0.186967,0.177081,0.122842,0.101371,-0.045705,-0.0265,0.186967,0.112228,0.024642,0.032417,0.000503,0.65322,0.627221,0.639166,0.599871,60614aab6cb18ce825f708772ee9741b8fcbb43cec6f6aa2bdee8d42d34e7ed9
151,4,8,-0.040949,0.950082,0.835994,0.44555,0.176691,0.176834,0.165581,0.097534,-0.045247,-0.049809,0.176691,0.060549,0.02818,0.027354,-0.032918,0.656442,0.631348,0.64131,0.59552,c450cef9a71a33973b866281c4ffa3d90b7d85704a0fab0ee1593a285650d72e
152,4,8,-0.043052,0.952541,0.835816,0.45397,0.201417,0.182126,0.084774,0.092576,-0.044662,-0.037943,0.201417,0.004563,0.028082,0.022995,-0.008452,0.658598,0.628251,0.642321,0.597323,ada0782c083c6ca5d86e9f8e3a46f22bb100650709d6202f9cbf3492072ddec0
153,4,8,-0.047195,0.943591,0.836408,0.438344,0.229376,0.176465,0.154716,0.100234,-0.043898,-0.023395,0.229376,0.173128,0.030604,0.035712,-0.016694,0.655205,0.634418,0.636578,0.601792,12380c4e128c19587cbdc9319db660f710d7199f2b4f30ea0ecff21c7129aa1f
154,4,8,-0.047239,0.961308,0.835081,0.455905,0.15463,0.178561,0.114389,0.103886,-0.042648,-0.020606,0.15463,0.2059,0.033561,0.044392,-0.000177,0.654539,0.639374,0.636074,0.602664,7417a11d37edcf0ff7564aa4c43d950d7464e7d0fb13ace6e24eea190274aadd
155,4,8,-0.050584,0.955359,0.835596,0.449407,0.166474,0.174024,0.144241,0.105119,-0.041115,-0.036354,0.166474,0.164059,0.037614,0.045447,-0.013451,0.652824,0.638634,0.637427,0.602999,c73284b04718bf7f28bd457e000e619774b56ef4bc5b8223669a35d08cb385d2
156,4,8,-0.050173,0.95666,0.835489,0.45259,0.173483,0.181539,0.128414,0.105861,-0.03943,-0.014315,0.173483,0.152282,0.036704,0.051427,0.001654,0.650154,0.640849,0.639107,0.598827,3c01ec46a6187960e34c4af5f69ef7713a068a94d474fe68c24d287ce6c5ecca
157,4,8,-0.047894,0.966978,0.834523,0.468562,0.113143,0.175219,0.064792,0.09665,-0.037816,-0.019882,0.113143,0.04915,0.034127,0.047098,0.009129,0.646165,0.638995,0.637673,0.601131,630a2c48dce758a7a69080ebaf63d8a4659ba3ccc39f5dd88953ec4d0176f5e2
158,4,8,-0.047648,0.957826,0.835391,0.455743,0.169393,0.175163,0.094473,0.099721,-0.036085,-0.01616,0.169393,0.170051,0.035396,0.053008,0.000989,0.647531,0.637357,0.632604,0.606149,273cf1291c472e62b9e848043c4a2647bb75dd577915aec68ff960e0dfb6b431
159,4,8,-0.049365,0.952526,0.835817,0.442919,0.180034,0.170673,0.165941,0.110531,-0.033662,-0.008128,0.180034,0.298693,0.0394,0.066773,-0.006913,0.648811,0.642369,0.631679,0.608522,51a7a684f421ae24cd9e47765d380aad9be76773627f7a68b4334d543eb632eb
160,4,8,-0.045831,0.963336,0.834889,0.467724,0.117672,0.175728,0.064254,0.101334,-0.031183,-0.012021,0.117672,0.058865,0.036068,0.06183,0.014163,0.64498,0.643291,0.633726,0.612041,8cef29318306358f651138dce809b547df108451d110107f4d391a0be8e67dfe
161,4,8,-0.043347,0.949695,0.836021,0.446796,0.194857,0.16943,0.115975,0.102339,-0.028372,-0.016427,0.194857,0.12323,0.036345,0.062298,0.009992,0.642032,0.646198,0.627927,0.618491,cb66c390af3f9ebd95a95013b2625d13cbeb2016c1d0d11faedf82d3a8e551bd
162,4,8,-0.047268,0.955198,0.835609,0.460818,0.163685,0.175272,0.065073,0.095088,-0.025544,-0.022561,0.163685,0.019405,0.034663,0.053331,-0.015736,0.635564,0.641547,0.628475,0.620033,4fad49a24716a1b82ba6f080916f835b8e6c6441a50dded9e12bda475ee128d2
163,4,8,-0.043965,0.961249,0.835086,0.459891,0.138539,0.171057,0.090395,0.087884,-0.022448,-0.002894,0.138539,0.024121,0.026925,0.050674,0.013245,0.629923,0.644995,0.629491,0.62405,0ffab2f413afcbad3295f42fe5530c984235c6fbbfa30c9aaade0b8e176a766e
164,4,8,-0.050041,0.94752,0.836167,0.442489,0.193072,0.167131,0.149677,0.092753,-0.019065,-0.017838,0.193072,0.149365,0.030076,0.052086,-0.02444,0.627996,0.640395,0.634482,0.626233,b3d12ce51982d43e11a3779ce8f3ed459d5e1a98a351b487039b929cd2ec8603
165,4,8,-0.042693,0.955691,0.835569,0.459478,0.146785,0.17428,0.094239,0.085149,-0.015679,-0.003803,0.146785,0.001818,0.025774,0.048239,0.029469,0.62966,0.64155,0.638212,0.62834,1cae664ea821dd687f0d0c4f1a3b1fce678ba06170af92d5d7482a74249d71c2
166,4,8,-0.049271,0.952213,0.83584,0.449918,0.166871,0.166657,0.126699,0.091884,-0.012437,-0.025677,0.166871,0.199493,0.032631,0.049595,-0.026423,0.630781,0.635529,0.640163,0.631644,26ab524d4d8f4a082786b5389f0b04e3e10bdc42f7719af7ee2062644cb4b1ce
167,4,8,-0.044775,0.945281,0.836308,0.445557,0.207443,0.173171,0.117863,0.100107,-0.008609,0.010945,0.207443,0.20314,0.032832,0.062089,0.01809,0.623521,0.632927,0.638943,0.638497,b307209e20104dbc151411b3b1f3b71556d7d039f6f9b887c36f90f3c0ead1ee
168,4,8,-0.033495,0.940197,0.83659,0.445403,0.197423,0.171317,0.108211,0.099537,-0.004738,-0.010272,0.197423,0.09035,0.02114,0.058754,0.045361,0.620513,0.629952,0.642175,0.637441,063dc1878a1579cc529ce210413fe6066f97477e0425f0ba24f1f7a464b80272
169,4,8,-0.030351,0.941761,0.836509,0.425689,0.221047,0.165901,0.21165,0.117778,-0.000189,0.015728,0.221047,0.38097,0.027871,0.079691,0.012689,0.625415,0.629138,0.639879,0.643473,5187e78e74b5ced69f82e789730beab650d9b25756d260449a0d13e212796962
170,4,8,-0.033201,0.955208,0.835608,0.451265,0.161391,0.170342,0.082988,0.115328,0.003678,-0.06421,0.161391,0.149379,0.020879,0.059062,-0.011452,0.619659,0.634814,0.640524,0.641175,b38a6fcf452f009b7799fcc03cf06482bb59bd0fc976bed0434d3dcae0253a50
171,4,8,-0.020587,0.943264,0.836426,0.448494,0.171546,0.172966,0.080981,0.113726,0.00711,-0.021154,0.171546,0.145766,0.007939,0.054295,0.05069,0.616852,0.63775,0.641001,0.629849,ea4f137ac92ddd483ac0f7980a908792983c3d3f38ba80b3273c015045b9147e
172,4,8,-0.016553,0.951392,0.835901,0.44003,0.179029,0.168777,0.122359,0.117295,0.010339,-0.044846,0.179029,0.220247,0.006828,0.047593,0.016225,0.614202,0.638621,0.638953,0.618687,92ccd157a5ec222833e1df60a40df4f2190f03682d139899b9dd2b0a6b8d934e
173,4,8,-0.021353,0.946296,0.836246,0.446379,0.203701,0.169061,0.049579,0.112983,0.013226,-0.008894,0.203701,0.072977,0.010681,0.045394,-0.019298,0.613961,0.639574,0.641312,0.608913,3fddb64217368950e5b7d80ac96f830ee3385a18af5753bc683a19a903ea6618
174,4,8,-0.02874,0.948538,0.8361,0.446974,0.175041,0.174381,0.087116,0.112673,0.016157,0.003197,0.175041,0.156808,0.003425,0.050935,-0.029689,0.617404,0.632827,0.64449,0.60965,780fd6a49b87b374fb00dd9e3a84a5b1844b703e8814130d793485d2510251c7
175,4,8,-0.019746,0.932397,0.836922,0.425961,0.249807,0.170861,0.162869,0.110868,0.018756,0.00923,0.249807,0.053666,0.008516,0.054458,0.036287,0.622732,0.635595,0.644606,0.60444,5e1f66da5646f964147a16cb208fc6bb2c41b44d29ce5f9efd8cb64ebf9b2c42
176,4,8,-0.021643,0.944155,0.836375,0.428514,0.220466,0.172676,0.163338,0.121868,0.021356,0.001317,0.220466,0.294009,0.003625,0.065149,-0.007648,0.625461,0.62741,0.640471,0.603581,a84e1d94a820bdd3fc597368b3073900a152b600426cd74e9026c05f632508e4
177,4,8,-0.035292,0.93288,0.836905,0.432446,0.209192,0.172406,0.156103,0.129425,0.023897,-0.013626,0.209192,0.280985,0.016453,0.06956,-0.055028,0.624529,0.625646,0.636317,0.609602,07b5c5102c9e9b912f6e6004a526bd992e5c418bcfd40bcd9b8a1080870fe07d
178,4,8,-0.032528,0.952928,0.835786,0.452408,0.170531,0.170255,0.047378,0.117365,0.026093,0.015948,0.170531,0.013472,0.014327,0.065629,0.011099,0.623464,0.622712,0.638867,0.609462,4116e1e3c4a6b0404d58b38fd739b19b55c53f82baabefa5000801c16ead834c
179,4,8,-0.037219,0.946307,0.836245,0.435644,0.188502,0.168596,0.160982,0.124988,0.028885,0.009753,0.188502,0.289767,0.022128,0.074475,-0.018894,0.620901,0.622713,0.64308,0.615573,f6da122eff3381672f6f01ec32d196475e85e10fe405bc8cfc9ace75531574fe
180,4,8,-0.034012,0.948683,0.83609,0.445822,0.186338,0.171851,0.094808,0.11841,0.03137,0.022866,0.186338,0.07602,0.020461,0.074437,0.012899,0.627492,0.619852,0.644331,0.607754,799440cb3772ea87b4bdf4a0fc854e34dedd608581da0d3e6c968bc17924a74d
181,4,8,-0.037275,0.953723,0.835726,0.453223,0.166695,0.172012,0.070453,0.108214,0.033543,0.003465,0.166695,0.015424,0.018694,0.064392,-0.013104,0.628471,0.618192,0.646484,0.598133,5599f50fc2a7dcb14973feba55463679530ebf0c0a8bc2d56ad5e79829f30d6f
182,4,8,-0.040408,0.955618,0.835575,0.448843,0.158625,0.167085,0.111975,0.107489,0.03548,0.002189,0.158625,0.152281,0.023537,0.062086,-0.01259,0.628068,0.613798,0.648704,0.596588,3fc7888d230f50ee96ba40b22dce5f61d9a12c8388ea35435e30678c920ff12b
183,4,8,-0.044672,0.944288,0.836367,0.443318,0.205322,0.179056,0.125981,0.114176,0.037949,0.029256,0.205322,0.226765,0.025476,0.072957,-0.017165,0.633019,0.607435,0.651643,0.592834,37b70515cb3f78108bb05b695542d9019fb1518471a1810f891ed40a2ec0a99f
184,4,8,-0.050799,0.946264,0.836248,0.449736,0.187704,0.174146,0.088773,0.111754,0.040389,0.003386,0.187704,0.111816,0.028046,0.066798,-0.024636,0.637644,0.606693,0.651114,0.596719,819b727a15c4be4f5eb2b68457c9023a93ff160506f70035e4b286d07f9d5bb8
185,4,8,-0.050394,0.948926,0.836074,0.445713,0.20717,0.175086,0.104021,0.111821,0.042368,0.005242,0.20717,0.126334,0.031017,0.064082,0.001629,0.634127,0.605142,0.649331,0.59669,83cae1c6a0f048407300df134fef32c51f4a73aff21d088ad9b16b956bf7b813
186,4,8,-0.053304,0.956275,0.835521,0.454686,0.153582,0.175932,0.105964,0.110869,0.044081,0.021113,0.153582,0.164578,0.03189,0.066536,-0.011691,0.635077,0.604838,0.649166,0.597039,7f084cf7ee8fe0bf3c0897b46d0e89605c9575b1e063e8c3d23e6af61de872c9
187,4,8,-0.052543,0.952229,0.835839,0.447677,0.185819,0.173825,0.117751,0.113186,0.045735,0.011145,0.185819,0.183537,0.035356,0.067771,0.003064,0.631363,0.604847,0.652741,0.596758,335ef89a17a5c57119224baa736557603a863501dc7067ee488ca70a3a55951c
188,4,8,-0.058877,0.957352,0.835431,0.466761,0.134234,0.183464,0.053005,0.105134,0.046825,0.001422,0.134234,0.069132,0.026868,0.05714,-0.025397,0.634512,0.610839,0.644333,0.596253,24a462520c4a04bdf33604934ac7f8441c85c476517663679cb61d2e3679a584
189,4,8,-0.057466,0.971346,0.83405,0.47185,0.091409,0.179036,0.06453,0.098244,0.047908,0.016854,0.091409,0.108416,0.027424,0.054652,0.005647,0.638848,0.61333,0.643732,0.601874,43209ef80be9778172485afb37836865aedfec9d45034419d9b21f29d9860013
190,4,8,-0.056305,0.960313,0.835172,0.45355,0.153816,0.172648,0.123422,0.096027,0.048549,0.001493,0.153816,0.101906,0.030913,0.049179,0.004661,0.637285,0.616845,0.647906,0.605872,3a860e39bb38f515167e6399093e0d697076496aa1116431550e36580a8f29a1
191,4,8,-0.049283,0.949661,0.836024,0.454473,0.17618,0.171258,0.078811,0.093011,0.048719,0.034363,0.17618,0.058692,0.026739,0.052678,0.028197,0.637785,0.616982,0.640377,0.602778,21531de0f20872973abbdb07d37636ea146ca89ad2d514fd484119f9d78f3686
192,4,8,-0.049344,0.947472,0.836171,0.435971,0.225662,0.168959,0.159748,0.098103,0.048843,0.003923,0.225662,0.135086,0.030591,0.052375,-0.000248,0.637875,0.621835,0.643738,0.605947,ef5286807a00c7403f6aeb9eb702d6aecc1c4ae15142185444d54bee8ad28806
193,4,8,-0.042715,0.948059,0.836132,0.446499,0.188953,0.17742,0.117867,0.103868,0.04851,-0.044347,0.188953,0.199653,0.018115,0.040066,0.026661,0.634867,0.623052,0.637444,0.600946,e56b22e72ae90a89fb3ba65bc57cae53ad388e3815e9c8f5e7f27923dc77cfa6
194,4,8,-0.040646,0.960757,0.835131,0.452585,0.145448,0.173102,0.11784,0.104788,0.048606,0.015876,0.145448,0.180379,0.022235,0.045296,0.00831,0.637377,0.619798,0.639563,0.606151,86afcf6f3d8624efb8ac74b919ff81caf50b427c8f6a7760a9edffff518aa348
195,4,8,-0.036961,0.960504,0.835154,0.450752,0.143879,0.167996,0.131295,0.095393,0.048435,0.003502,0.143879,0.011132,0.021562,0.036998,0.014791,0.637798,0.623427,0.644207,0.609384,db82b115421f2e6be8ec57ac036f71969c2642c421f25554065dc184b22c20d9
196,4,8,-0.040767,0.947445,0.836172,0.440226,0.207662,0.172752,0.144626,0.098315,0.048389,0.026223,0.207662,0.124309,0.021735,0.045,-0.015321,0.632944,0.62899,0.64168,0.610121,169c4a71de5b07a9055b70b959d1ec9a5f9bab0ad33152d166cd00381ee84571
197,4,8,-0.048689,0.950902,0.835936,0.458001,0.171418,0.173989,0.058174,0.091656,0.048163,0.002643,0.171418,0.009204,0.02219,0.037387,-0.03179,0.634389,0.625854,0.637447,0.610874,bbce9e57cc330ed0c0f929dc96ca045d61e7ea10c230f60c0a90200d13de6173
198,4,8,-0.043877,0.96298,0.834923,0.462791,0.128428,0.169583,0.070642,0.08548,0.047767,0.011264,0.128428,0.041449,0.022216,0.03453,0.019278,0.630799,0.627589,0.63109,0.614809,88f81930559b274559dabf4baee7e1e2e57f59f398f3a861267eb069035a4914
199,4,8,-0.04055,0.959602,0.835236,0.457741,0.156047,0.168392,0.08018,0.08488,0.046816,-0.003892,0.156047,0.088157,0.026452,0.031416,0.013344,0.632343,0.622733,0.633968,0.618544,fbb360c7202dc07b8482f51f4bcb11285cd2756186809b9f7e0859240ed85629
200,4,8,-0.036821,0.956524,0.835501,0.447707,0.166984,0.166515,0.136968,0.082253,0.046212,0.04473,0.166984,0.040937,0.020377,0.040294,0.014975,0.631156,0.614456,0.635883,0.621013,433cb33df0b3517867e1a58ab310927a5861226400fc24760d2f0f6afb4795b5
201,4,8,-0.032728,0.959618,0.835234,0.452694,0.151717,0.168934,0.113143,0.082169,0.04463,-0.014062,0.151717,0.09153,0.014383,0.033087,0.016422,0.631041,0.612375,0.629109,0.625222,04f24a4974db7f29c45876105b1e134ede2025b53a8e956d73c13cb1214dac72
202,4,8,-0.025711,0.948438,0.836107,0.443002,0.194823,0.169191,0.123706,0.084546,0.043505,-0.008228,0.194823,0.088278,0.008185,0.029501,0.028205,0.631314,0.617676,0.618693,0.627764,a3f82edcec21a8200c4fd217fcf0b8e8054763f6e94b92878d76baf79db68622
203,4,8,-0.027954,0.966642,0.834558,0.457552,0.128317,0.165711,0.091389,0.079749,0.042432,0.00578,0.128317,0.043236,0.010766,0.027348,-0.008989,0.628982,0.622168,0.620501,0.632605,b7d11c3fb43df20707e4f5402e5117bbe855c773c5b1eb06a40bcee99eaf9bcb
204,4,8,-0.019809,0.943335,0.836422,0.436736,0.216576,0.169672,0.126915,0.090836,0.041333,-0.044461,0.216576,0.205188,0.000351,0.022058,0.032778,0.627066,0.619565,0.613245,0.633385,3af01011749f70b8235be1093bd8f6caa4d490cadb4d295e11ddd134ea84ef2d
205,4,8,-0.029633,0.950032,0.835998,0.443975,0.176349,0.16157,0.10967,0.085816,0.040062,-0.015643,0.176349,0.009051,0.004583,0.014982,-0.039454,0.623974,0.620631,0.615327,0.629087,e0a91512a4d29ec825f9bda9eb5cb7f23730a4b6e8cf8accde6e638bd488e18b
206,4,8,-0.029618,0.972597,0.833908,0.462585,0.114968,0.1694,0.063257,0.080308,0.038594,-0.001248,0.114968,0.048871,0.002183,0.014077,5.8e-05,0.627696,0.621419,0.616192,0.633408,93f25355a5c6b3f2420635c765b7393f4e40cdd1320043ebbd65aed3cfa98455
207,4,8,-0.029448,0.968402,0.834373,0.457241,0.134799,0.16833,0.088709,0.080646,0.037209,-0.003752,0.134799,0.110154,0.008793,0.017106,0.000682,0.630649,0.625482,0.618463,0.632112,26654ee229090c9b7d8abd89c46e12a320c1bbe2faa5f5782a0d3928fe0ba147
208,4,8,-0.041935,0.951434,0.835898,0.459125,0.160904,0.170429,0.058878,0.077888,0.034951,-0.045801,0.160904,0.032168,0.015212,0.004084,-0.050059,0.629025,0.624799,0.622728,0.626765,89f6b6d05262aed0f0f26dd8ffff91c38bba84197eb9ba54bdd5cba5f6b06fb8
209,4,8,-0.036363,0.954257,0.835684,0.443383,0.183545,0.163292,0.132114,0.078015,0.03257,-0.003619,0.183545,0.049056,0.011504,0.007477,0.022381,0.630552,0.620689,0.629091,0.62736,daa4b3b98d06badf2c4c133fd9af4458b3da22d6b6675844cfb5ef8cd9c2f5fa
210,4,8,-0.03297,0.9677,0.834448,0.46253,0.126457,0.166128,0.063301,0.072235,0.03034,0.004977,0.126457,0.008817,0.010556,0.008341,0.013585,0.63299,0.619095,0.627684,0.624886,7c08de3437f32db8ed2def863892d24174871288bcca6485e0e50fd982796aea
211,4,8,-0.037301,0.967527,0.834466,0.465511,0.123286,0.16929,0.057745,0.067232,0.027774,0.004648,0.123286,0.007644,0.009893,0.008935,-0.017333,0.632094,0.617798,0.628661,0.629216,71856161f8c5de698e1b23cd389787134a51110a0f85601a2d6c424bc9a60264
212,4,8,-0.028903,0.945653,0.836285,0.440893,0.212713,0.164025,0.119177,0.070114,0.025256,0.002501,0.212713,0.033093,0.006989,0.013211,0.033754,0.630771,0.608317,0.627122,0.625829,7fa14b8afd2672d521a934c1d739b1aea4ac0fc67c892e64671e1e901dec2073
213,4,8,-0.036833,0.963997,0.834824,0.460324,0.122399,0.166852,0.093064,0.070647,0.022462,-0.075768,0.122399,0.095327,0.011559,0.004616,-0.031755,0.62931,0.609056,0.630931,0.621237,e4da2b7267121b0552198642d1782c947bf25ff2b6bed23df89566f908391e8a
214,4,8,-0.032857,0.964508,0.834774,0.463461,0.142235,0.165376,0.046159,0.06994,0.019651,-0.020815,0.142235,0.055638,0.017064,0.004533,0.015921,0.631794,0.61143,0.633586,0.615325,abbbcd969a5857cac958be6b1a11b699fd22e5c39006a3c11c5522a96e9483cd
215,4,8,-0.02748,0.945961,0.836266,0.435753,0.224983,0.164086,0.133022,0.082965,0.016159,-0.0776,0.224983,0.199413,0.009582,0.011864,0.021638,0.63427,0.608769,0.633455,0.622662,d17d6ec61bf10c908b5b9aadd7ae9d991408b0257fccbb57b3c3015ddbc50a11
216,4,8,-0.025684,0.959328,0.83526,0.450557,0.17597,0.168077,0.095908,0.079698,0.012734,-0.024595,0.17597,0.015103,0.012325,0.011601,0.007208,0.637428,0.606379,0.63264,0.619452,b38581a00c33f38af6f0f29e0c2fb934b8e137c764b5ce5c29b0cff8b94b6d04
217,4,8,-0.018221,0.964948,0.83473,0.466097,0.118433,0.173333,0.05964,0.074571,0.009597,-0.002343,0.118433,0.033171,0.008672,0.005747,0.029869,0.637505,0.603001,0.63335,0.623566,bf6026eea552d972b1f3671466de7f1814819df5e2a27b69f5c3404779c79602
218,4,8,-0.023937,0.941715,0.836511,0.429293,0.24663,0.170249,0.156985,0.086651,0.006217,-0.059689,0.24663,0.175249,0.000831,0.006368,-0.023033,0.634489,0.599773,0.636489,0.63011,3251562a542d69261674627ab44fab3aaa409e01600dbe4600b8726f2bb6cf85
219,4,8,-0.022827,0.960233,0.835179,0.446745,0.177157,0.171357,0.112182,0.08398,0.003065,0.004897,0.177157,0.035087,0.0015,0.003719,0.004455,0.638259,0.600655,0.640094,0.632273,d392e978792c664cb252ce9468bc3024fa26d3698a99bbbba620da59b72d1e8c
220,4,8,-0.02315,0.954556,0.83566,0.439645,0.208462,0.171578,0.130563,0.082414,0.000425,0.006665,0.208462,0.01334,0.000421,0.011968,-0.001295,0.637446,0.594491,0.641871,0.633892,1f2c9382c5d8892b10456f18536fb6b91a5043ab42ad34d8044b846e429c43f3
