cycle,bridge_output,weighted_center,low_avg,bridge_state,bridge_load,self_state,memory,prediction,correction,strongest_channel,strongest_confidence,continuity,anchor_fit,spread_score,stability,rigidity,adaptive_score,noise,contradiction,pressure,drift
1,0.000506,-0.000311,-0.001414,9.1e-05,0.002023,0.000127,0.0,0.0,0.000506,11,0.998543,0.999873,0.999873,0.569317,0.935024,0.87305,0.836824,0.025,0.0,1.0,0.004
2,0.012422,0.003324,-0.010389,0.002311,0.023391,0.003226,1.8e-05,0.000127,0.012294,10,0.980797,0.996902,0.996774,0.557698,0.927121,0.855297,0.837078,0.025,0.0,1.0,0.008
3,-0.007221,0.000926,0.00726,0.000595,0.017379,0.000593,0.000467,0.003226,-0.010446,9,0.984696,0.997368,0.999407,0.561229,0.929419,0.85914,0.837017,0.025,0.0,1.0,0.012
4,-0.001784,-0.005952,0.015542,0.000167,0.005951,-6e-06,0.000485,0.000593,-0.002377,8,0.9999,0.999401,0.999994,0.555285,0.932041,0.877023,0.836935,0.025,0.0,1.0,0.016
5,-0.001567,-0.000584,0.0065,-0.000145,0.005888,-0.000399,0.000416,-6e-06,-0.001561,7,0.9967,0.999607,0.999601,0.554694,0.932085,0.873961,0.836933,0.025,0.0,1.0,0.02
6,-0.00357,-0.003729,0.006931,-0.000762,0.006131,-0.001198,0.000302,-0.000399,-0.003171,6,0.996733,0.999201,0.998802,0.551151,0.930886,0.874744,0.836973,0.025,0.0,1.0,0.024
7,-0.00443,0.005087,-0.009858,-0.001422,0.006893,-0.002013,9.2e-05,-0.001198,-0.003231,5,0.989464,0.999186,0.997987,0.550788,0.930535,0.867463,0.836984,0.025,0.0,1.0,0.028
8,0.00385,0.006687,-0.035179,-0.000473,0.020392,-0.000535,-0.000203,-0.002013,0.005863,4,0.993164,0.998523,0.999465,0.552327,0.92906,0.869204,0.837027,0.025,0.0,1.0,0.032
9,-0.008728,0.000674,-0.03526,-0.001959,0.005889,-0.0026,-0.000249,-0.000535,-0.008193,3,0.99193,0.997935,0.9974,0.557542,0.930134,0.868564,0.836996,0.025,0.0,1.0,0.036
10,-0.011643,-0.006618,0.001144,-0.003702,0.013032,-0.004879,-0.000578,-0.0026,-0.009044,2,0.988102,0.997721,0.995121,0.564538,0.929665,0.862339,0.83701,0.025,0.0,1.0,0.04
11,-0.005535,-0.009788,0.009033,-0.004032,0.004204,-0.005044,-0.00118,-0.004879,-0.000656,1,0.998964,0.999835,0.994956,0.565185,0.932916,0.874119,0.836904,0.025,0.0,1.0,0.044
12,0.006517,0.001188,-0.015214,-0.002133,0.018723,-0.002131,-0.001721,-0.005044,0.011561,11,0.986032,0.997087,0.997869,0.569127,0.929778,0.858577,0.837007,0.025,0.0,1.0,0.048
13,0.009055,0.004295,-0.010558,-0.000119,0.016846,0.000688,-0.001779,-0.002131,0.011186,10,0.986781,0.997181,0.999312,0.56447,0.929731,0.860576,0.837008,0.025,0.0,1.0,0.052
14,0.010487,-0.001893,0.010279,0.00179,0.01333,0.003157,-0.001433,0.000688,0.009799,9,0.982687,0.997531,0.996843,0.559143,0.929049,0.858076,0.837028,0.025,0.0,1.0,0.056
15,0.01477,-0.000193,0.022379,0.004126,0.011396,0.006084,-0.000791,0.003157,0.011613,8,0.980427,0.997074,0.993916,0.549996,0.926638,0.858061,0.83709,0.025,0.0,1.0,0.06
16,0.008411,-0.006547,0.029243,0.004898,0.003455,0.00667,0.000172,0.006084,0.002327,7,0.986394,0.999414,0.99333,0.546163,0.92927,0.865824,0.837021,0.025,0.0,1.0,0.064
17,-0.004517,0.005058,-0.006506,0.003203,0.009019,0.003851,0.001082,0.00667,-0.011187,6,0.986652,0.997181,0.996149,0.535734,0.925412,0.867708,0.837117,0.025,0.0,1.0,0.068
18,0.005795,0.016244,0.000909,0.003669,0.008214,0.004341,0.001469,0.003851,0.001944,5,0.991123,0.99951,0.995659,0.533776,0.927624,0.872706,0.837066,0.025,0.0,1.0,0.072
19,-0.012869,0.004013,-0.021901,0.000692,0.012589,4e-06,0.001871,0.004341,-0.01721,4,0.977489,0.995663,0.999996,0.550977,0.926644,0.854764,0.837089,0.025,0.0,1.0,0.076
20,-0.011377,-0.002186,0.017141,-0.00148,0.026916,-0.002864,0.00161,4e-06,-0.011381,3,0.979885,0.997132,0.997136,0.555953,0.926849,0.854345,0.837085,0.025,0.0,1.0,0.08
21,-0.02563,-0.012579,0.006958,-0.005827,0.033473,-0.008601,0.000984,-0.002864,-0.022766,2,0.970001,0.994263,0.991399,0.571967,0.924023,0.840152,0.837144,0.025,0.0,1.0,0.084
22,-0.035379,-0.018983,0.010181,-0.011146,0.044826,-0.015349,-0.000358,-0.008601,-0.026778,1,0.961433,0.993252,0.984651,0.587786,0.922468,0.826741,0.837169,0.025,0.0,1.0,0.088
23,0.021898,-0.000842,-0.016545,-0.005198,0.047322,-0.005963,-0.002457,-0.015349,0.037248,11,0.955334,0.990614,0.994037,0.583799,0.921081,0.821219,0.837188,0.025,0.0,1.0,0.092
24,-0.03038,0.010167,-0.447523,-0.009731,0.207036,-0.012116,-0.002948,-0.005963,-0.024417,10,0.970364,0.993847,0.987884,0.578403,0.906299,0.818271,0.837149,0.025,0.0,1.0,0.096
25,0.003861,0.000226,-0.003613,-0.007284,0.008361,-0.00809,-0.004231,-0.012116,0.015977,9,0.989882,0.995974,0.99191,0.556566,0.926223,0.866434,0.837099,0.025,0.0,1.0,0.1
26,-0.001868,-0.016655,0.041559,-0.00631,0.010283,-0.006522,-0.004772,-0.00809,0.006222,8,0.991459,0.998432,0.993478,0.545927,0.927516,0.870121,0.837068,0.025,0.0,1.0,0.104
27,-0.020958,-0.026028,0.003524,-0.008946,0.009281,-0.01016,-0.005017,-0.006522,-0.014437,7,0.993937,0.996362,0.98984,0.530796,0.922173,0.876048,0.837174,0.025,0.0,1.0,0.108
28,-0.016602,-0.012175,-0.000564,-0.010324,0.014345,-0.011783,-0.005737,-0.01016,-0.006442,6,0.988177,0.998377,0.988217,0.52123,0.922029,0.871785,0.837176,0.025,0.0,1.0,0.112
29,-0.008131,0.010104,-0.032584,-0.00993,0.004779,-0.010863,-0.006583,-0.011783,0.003652,5,0.98537,0.99908,0.989137,0.517789,0.923468,0.870882,0.837153,0.025,0.0,1.0,0.116
30,-0.021191,0.004503,-0.054545,-0.011957,0.007395,-0.013466,-0.007182,-0.010863,-0.010328,4,0.973754,0.997397,0.986534,0.536607,0.923539,0.854813,0.837152,0.025,0.0,1.0,0.12
31,-0.017778,-0.003505,-0.017989,-0.013004,0.015098,-0.014552,-0.008062,-0.013466,-0.004312,3,0.981356,0.998913,0.985448,0.553593,0.926703,0.857754,0.837088,0.025,0.0,1.0,0.124
32,-0.038122,-0.021625,0.042256,-0.017526,0.065823,-0.020492,-0.008971,-0.014552,-0.023569,2,0.95503,0.994061,0.979508,0.577414,0.918411,0.8201,0.837213,0.025,0.0,1.0,0.128
33,-0.050263,-0.023686,0.001988,-0.023418,0.059699,-0.027994,-0.010584,-0.020492,-0.029771,1,0.946596,0.992498,0.972006,0.59928,0.918719,0.807591,0.837211,0.025,0.0,1.0,0.132
34,0.021872,-0.004419,-0.010668,-0.015266,0.047568,-0.015428,-0.013021,-0.027994,0.049866,11,0.949227,0.987434,0.984572,0.595602,0.916984,0.812487,0.837221,0.025,0.0,1.0,0.136
35,0.024757,0.002266,-0.042174,-0.008062,0.064149,-0.005301,-0.013358,-0.015428,0.040185,10,0.948414,0.989873,0.994699,0.594546,0.920367,0.809916,0.837196,0.025,0.0,1.0,0.14
36,0.018939,-0.000758,0.019675,-0.003202,0.020569,0.000807,-0.01223,-0.005301,0.02424,9,0.969856,0.993891,0.999193,0.559399,0.924971,0.84432,0.837126,0.025,0.0,1.0,0.144
37,-0.003771,-0.027793,0.07399,-0.003304,0.021034,-0.000347,-0.010405,0.000807,-0.004579,8,0.991343,0.998846,0.999653,0.533005,0.926499,0.871558,0.837093,0.025,0.0,1.0,0.148
38,-0.025546,-0.042588,0.007281,-0.007308,0.001518,-0.006697,-0.008997,-0.000347,-0.025199,7,0.998271,0.99365,0.993303,0.521597,0.919469,0.883338,0.837205,0.025,0.0,1.0,0.152
39,0.000957,-0.001835,-0.003386,-0.00582,0.005584,-0.004768,-0.008675,-0.006697,0.007654,6,0.993846,0.998071,0.995232,0.506257,0.922079,0.8818,0.837175,0.025,0.0,1.0,0.156
40,-0.00504,0.018214,-0.039255,-0.00568,0.004275,-0.004836,-0.008128,-0.004768,-0.000271,5,0.981443,0.999932,0.995164,0.507529,0.924418,0.869273,0.837136,0.025,0.0,1.0,0.16
41,-0.013869,0.019431,-0.073443,-0.007154,0.000224,-0.007113,-0.007667,-0.004836,-0.009033,4,0.972268,0.997724,0.992887,0.534909,0.925946,0.854561,0.837105,0.025,0.0,1.0,0.164
42,0.00403,-0.015031,0.400342,-0.005141,0.217455,-0.004305,-0.007589,-0.007113,0.011143,3,0.944677,0.997192,0.995695,0.559249,0.907995,0.795548,0.837176,0.025,0.0,1.0,0.168
43,-0.053458,-0.028887,0.030389,-0.013838,0.076517,-0.016691,-0.00713,-0.004305,-0.049153,2,0.93691,0.987613,0.983309,0.594295,0.913773,0.796983,0.837223,0.025,0.0,1.0,0.172
44,-0.042486,-0.021455,0.030126,-0.018994,0.066,-0.023192,-0.008468,-0.016691,-0.025794,1,0.950495,0.9935,0.976808,0.607561,0.921627,0.808912,0.837181,0.025,0.0,1.0,0.176
45,0.047663,0.006576,-0.012935,-0.006996,0.080184,-0.005336,-0.010529,-0.023192,0.070854,11,0.918832,0.982145,0.994664,0.621384,0.914328,0.772505,0.837225,0.025,0.0,1.0,0.18
46,0.024524,0.0064,-0.03987,-0.001322,0.057969,0.002189,-0.009802,-0.005336,0.02986,10,0.956352,0.992475,0.997811,0.59361,0.924468,0.818802,0.837135,0.025,0.0,1.0,0.184
47,0.02374,-0.00047,0.010054,0.003189,0.034036,0.00762,-0.008124,0.002189,0.021552,9,0.962275,0.994569,0.99238,0.552441,0.921618,0.836653,0.837181,0.025,0.0,1.0,0.188
48,0.003624,-0.028644,0.099871,0.003267,0.02333,0.006613,-0.00592,0.00762,-0.003996,8,0.98516,0.998993,0.993387,0.52236,0.923267,0.867442,0.837157,0.025,0.0,1.0,0.192
49,0.00681,-0.025405,0.040907,0.003905,0.013905,0.006662,-0.004165,0.006613,0.000198,1,0.971316,0.99995,0.993338,0.501309,0.922086,0.859359,0.837175,0.025,0.0,1.0,0.196
50,-0.016342,-0.007937,0.010673,0.00026,0.025174,0.000865,-0.002649,0.006662,-0.023004,6,0.977451,0.994203,0.999135,0.500078,0.915938,0.864413,0.837224,0.025,0.0,1.0,0.2
51,-0.006755,0.02341,-0.041092,-0.001002,0.011574,-0.001055,-0.002157,0.000865,-0.007621,5,0.971795,0.99808,0.998945,0.499629,0.921423,0.860488,0.837184,0.025,0.0,1.0,0.204
52,-0.017983,0.016366,-0.080743,-0.004059,0.001017,-0.005321,-0.002003,-0.001055,-0.016928,4,0.969011,0.995734,0.994679,0.523732,0.922463,0.853668,0.837169,0.025,0.0,1.0,0.208
53,0.010653,-0.005359,0.395449,-0.001411,0.213798,-0.001295,-0.002467,-0.005321,0.015974,3,0.945771,0.995974,0.998705,0.557482,0.907516,0.797469,0.837169,0.025,0.0,1.0,0.212
54,-0.051988,-0.020768,0.041484,-0.010515,0.089384,-0.01407,-0.002303,-0.001295,-0.050692,2,0.927581,0.987226,0.98593,0.592009,0.912375,0.786613,0.837218,0.025,0.0,1.0,0.216
55,-0.019164,-0.023011,0.383823,-0.012071,0.237689,-0.015354,-0.003951,-0.01407,-0.005094,1,0.919495,0.998716,0.984646,0.631157,0.915662,0.752118,0.837225,0.025,0.0,1.0,0.22
56,0.053901,0.007715,-0.025702,-0.000196,0.097027,0.002099,-0.005547,-0.015354,0.069255,5,0.909217,0.982548,0.997901,0.620507,0.913762,0.761062,0.837223,0.025,0.0,1.0,0.224
57,0.048031,0.019245,-0.040728,0.008485,0.08396,0.013674,-0.004477,0.002099,0.045932,10,0.932735,0.988425,0.986326,0.594466,0.914697,0.791878,0.837225,0.025,0.0,1.0,0.228
58,-0.007721,0.004714,-0.378992,0.005568,0.209498,0.008282,-0.001936,0.013674,-0.021395,3,0.945512,0.994609,0.991718,0.55795,0.904776,0.797623,0.83712,0.025,0.0,1.0,0.232
59,0.017224,-0.024415,0.101734,0.007666,0.006291,0.010536,-0.000505,0.008282,0.008942,2,0.967699,0.997747,0.989464,0.514554,0.921456,0.853742,0.837183,0.025,0.0,1.0,0.236
60,0.059713,-0.035348,0.568091,0.017034,0.203629,0.022928,0.001041,0.010536,0.049177,7,0.979113,0.987607,0.977072,0.489474,0.883773,0.846993,0.83625,0.025,0.0,1.0,0.24
61,0.012116,0.016375,-0.003585,0.016149,0.004878,0.020204,0.004105,0.022928,-0.010812,6,0.995429,0.997275,0.979796,0.472376,0.912338,0.890921,0.837218,0.025,0.0,1.0,0.244
62,-0.034692,0.054186,-0.539441,0.006998,0.208047,0.00637,0.006359,0.020204,-0.054895,11,0.986938,0.986166,0.99363,0.489865,0.885953,0.854202,0.836381,0.025,0.0,1.0,0.248
63,-0.0073,0.038808,-0.110774,0.004424,0.012902,0.002925,0.00636,0.00637,-0.01367,10,0.966759,0.996555,0.997075,0.518149,0.921933,0.851218,0.837177,0.025,0.0,1.0,0.252
64,0.011035,0.000597,0.365199,0.005614,0.201363,0.004969,0.005879,0.002925,0.00811,3,0.943777,0.997956,0.995031,0.554752,0.909599,0.797568,0.837196,0.025,0.0,1.0,0.256
65,-0.003437,-0.02309,0.43897,0.003985,0.244482,0.00285,0.005752,0.004969,-0.008406,8,0.929663,0.997882,0.99715,0.597919,0.91221,0.768783,0.837217,0.025,0.0,1.0,0.26
66,-0.019387,-0.01818,0.384318,-0.000222,0.24351,-0.002753,0.005346,0.00285,-0.022238,7,0.909328,0.994396,0.997247,0.626954,0.912875,0.742177,0.83722,0.025,0.0,1.0,0.264
67,0.028341,0.017381,-0.369204,0.004919,0.250218,0.005082,0.004212,-0.002753,0.031095,1,0.896896,0.992164,0.994918,0.632802,0.910058,0.727653,0.837201,0.025,0.0,1.0,0.268
68,0.058699,0.027541,-0.031558,0.014599,0.087389,0.018594,0.004334,0.005082,0.053616,4,0.926645,0.986489,0.981406,0.601996,0.912136,0.783719,0.837217,0.025,0.0,1.0,0.272
69,-0.020951,0.000684,-0.351024,0.0082,0.174968,0.008629,0.00633,0.018594,-0.039544,3,0.970329,0.990035,0.991371,0.549123,0.901816,0.828525,0.837051,0.025,0.0,1.0,0.276
70,0.003758,-0.04383,0.135171,0.007401,0.028087,0.007401,0.006652,0.008629,-0.00487,2,0.9764,0.998773,0.992599,0.50762,0.920142,0.861353,0.837199,0.025,0.0,1.0,0.28
71,0.048558,-0.044926,0.56252,0.014809,0.208661,0.017773,0.006757,0.007401,0.041156,1,0.985726,0.989629,0.982227,0.481846,0.885625,0.85468,0.836362,0.025,0.0,1.0,0.284
72,0.006672,0.011716,-0.004529,0.013344,0.001341,0.014975,0.008299,0.017773,-0.011101,6,0.99479,0.997203,0.985025,0.459325,0.911962,0.893577,0.837216,0.025,0.0,1.0,0.288
73,-0.034413,0.053747,-0.546111,0.004748,0.212982,0.00253,0.009234,0.014975,-0.049388,11,0.990475,0.987554,0.99747,0.470857,0.885087,0.861328,0.83633,0.025,0.0,1.0,0.292
74,0.013527,0.047491,-0.107633,0.006328,0.036467,0.005301,0.008295,0.00253,0.010997,10,0.992528,0.997229,0.994699,0.508075,0.918209,0.876376,0.837215,0.025,0.0,1.0,0.296
75,-0.031058,0.002197,-0.037525,-0.000401,0.031592,-0.003862,0.007876,0.005301,-0.036359,9,0.951832,0.990838,0.996138,0.554195,0.918984,0.826118,0.837209,0.025,0.0,1.0,0.3
76,0.006386,-0.015886,0.414852,0.000821,0.221323,-0.001279,0.006233,-0.003862,0.010248,8,0.945423,0.997418,0.998721,0.601559,0.914957,0.786521,0.837225,0.025,0.0,1.0,0.304
77,-0.071685,-0.030524,0.032773,-0.01223,0.106579,-0.019021,0.005181,-0.001279,-0.070406,11,0.90672,0.982258,0.980979,0.644665,0.911883,0.752104,0.837215,0.025,0.0,1.0,0.308
78,0.051058,0.015249,-0.012496,-0.000839,0.076329,-0.001361,0.001793,-0.019021,0.070079,5,0.923887,0.98234,0.998639,0.648482,0.919985,0.772061,0.8372,0.025,0.0,1.0,0.312
79,-0.00831,0.017122,-0.428288,-0.002183,0.22486,-0.003112,0.001351,-0.001361,-0.006948,4,0.946116,0.998249,0.996888,0.606197,0.91575,0.78577,0.837224,0.025,0.0,1.0,0.316
80,-0.037267,-0.014698,-0.362811,-0.008498,0.171253,-0.011719,0.000726,-0.003112,-0.034154,3,0.973074,0.991393,0.988281,0.550903,0.903167,0.831325,0.837085,0.025,0.0,1.0,0.32
81,-0.016873,-0.055209,0.140067,-0.010006,0.053273,-0.013018,-0.001016,-0.011719,-0.005154,2,0.994222,0.998701,0.986982,0.490541,0.913579,0.87991,0.837223,0.025,0.0,1.0,0.324
82,0.017742,-0.06953,0.588145,-0.005011,0.249151,-0.005266,-0.002696,-0.013018,0.03076,1,0.989511,0.992248,0.994734,0.467664,0.88544,0.856727,0.836351,0.025,0.0,1.0,0.328
83,0.007447,0.010351,-0.034858,-0.002769,0.022286,-0.002063,-0.003056,-0.005266,0.012713,6,0.990204,0.996796,0.997937,0.446483,0.910724,0.889303,0.837207,0.025,0.0,1.0,0.332
84,-0.026351,0.055897,-0.583056,-0.007013,0.246292,-0.008183,-0.002917,-0.002063,-0.024288,11,0.986297,0.993879,0.991817,0.45519,0.88491,0.8566,0.83632,0.025,0.0,1.0,0.336
85,-0.001501,0.039161,-0.133799,-0.006021,0.036006,-0.006499,-0.003654,-0.008183,0.006682,10,0.984684,0.998316,0.993501,0.504349,0.918585,0.869407,0.837212,0.025,0.0,1.0,0.34
86,-0.009427,0.015496,-0.057349,-0.006634,0.002169,-0.007237,-0.004053,-0.006499,-0.002927,9,0.981011,0.999262,0.992763,0.556132,0.930587,0.858402,0.836982,0.025,0.0,1.0,0.344
87,-0.006636,-0.018015,0.376309,-0.006634,0.217628,-0.007085,-0.004498,-0.007237,0.000601,8,0.934873,0.999848,0.992915,0.616458,0.918769,0.773137,0.837211,0.025,0.0,1.0,0.348
88,-0.051002,-0.018537,0.019646,-0.014621,0.077018,-0.018152,-0.004861,-0.007085,-0.043917,11,0.932788,0.988933,0.981848,0.639344,0.921558,0.78289,0.837182,0.025,0.0,1.0,0.352
89,-0.006522,0.005454,-0.375741,-0.013163,0.208757,-0.015222,-0.006722,-0.018152,0.011631,5,0.936739,0.997069,0.984778,0.648097,0.919328,0.769107,0.837206,0.025,0.0,1.0,0.356
90,-0.01387,0.008991,-0.399031,-0.01329,0.206711,-0.014881,-0.007912,-0.015222,0.001351,4,0.948804,0.999659,0.985119,0.623727,0.918795,0.786778,0.837211,0.025,0.0,1.0,0.36
91,-0.039946,-0.022371,-0.355977,-0.018088,0.170871,-0.021197,-0.008887,-0.014881,-0.025065,3,0.96748,0.993684,0.978803,0.55109,0.903369,0.825736,0.83709,0.025,0.0,1.0,0.364
92,-0.03892,-0.073633,0.153943,-0.021838,0.078691,-0.025663,-0.010611,-0.021197,-0.017722,2,0.988573,0.995534,0.974337,0.488574,0.904117,0.871644,0.837107,0.025,0.0,1.0,0.368
93,0.019339,-0.092132,0.581487,-0.014426,0.218385,-0.014323,-0.012718,-0.025663,0.045003,7,0.978911,0.988659,0.985677,0.452111,0.879995,0.85324,0.836,0.025,0.0,1.0,0.372
94,-0.001818,-0.004137,-0.013684,-0.012157,0.009594,-0.011171,-0.012943,-0.014323,0.012505,6,0.991861,0.996849,0.988829,0.428825,0.907125,0.896368,0.837163,0.025,0.0,1.0,0.376
95,-0.05116,0.067925,-0.62891,-0.019177,0.219625,-0.021249,-0.012695,-0.011171,-0.039989,5,0.971268,0.989923,0.978751,0.443275,0.878196,0.847393,0.83587,0.025,0.0,1.0,0.38
96,0.006907,0.047001,-0.153205,-0.014482,0.0533,-0.014153,-0.013892,-0.021249,0.028156,10,0.997284,0.992905,0.985847,0.481127,0.905541,0.885041,0.837136,0.025,0.0,1.0,0.384
97,-0.007305,0.011672,-0.093707,-0.01319,0.031599,-0.012428,-0.013929,-0.014153,0.006848,9,0.998105,0.998274,0.987572,0.555279,0.925138,0.872152,0.837122,0.025,0.0,1.0,0.388
98,-0.016976,-0.027926,0.347345,-0.013872,0.206913,-0.013574,-0.013719,-0.012428,-0.004548,8,0.935566,0.998854,0.986426,0.619895,0.917646,0.77436,0.837218,0.025,0.0,1.0,0.392
99,-0.012646,-0.026699,0.35929,-0.013651,0.208172,-0.01334,-0.013698,-0.013574,0.000927,11,0.939368,0.999766,0.98666,0.663102,0.925058,0.768505,0.837124,0.025,0.0,1.0,0.396
100,-0.012496,0.005201,-0.367486,-0.013443,0.194117,-0.013127,-0.013648,-0.01334,0.000844,1,0.949117,0.999787,0.986873,0.66591,0.92696,0.779323,0.837082,0.025,0.0,1.0,0.4
101,-0.020473,0.003815,-0.347667,-0.014708,0.17041,-0.014978,-0.013575,-0.013127,-0.007345,4,0.964956,0.998149,0.985022,0.617991,0.919889,0.808549,0.837201,0.025,0.0,1.0,0.404
102,-0.005337,-0.032085,0.07855,-0.013022,0.021802,-0.012549,-0.013772,-0.014978,0.009641,3,0.986209,0.99757,0.987451,0.547051,0.924083,0.863242,0.837142,0.025,0.0,1.0,0.408
103,-0.0445,-0.074317,0.149346,-0.018688,0.084503,-0.020601,-0.013601,-0.012549,-0.031952,2,0.978787,0.991948,0.979399,0.484604,0.900284,0.862033,0.837008,0.025,0.0,1.0,0.412
104,0.021105,-0.106659,0.616463,-0.011525,0.220934,-0.010091,-0.014581,-0.020601,0.041705,7,0.968733,0.98949,0.989909,0.436497,0.879364,0.846192,0.835955,0.025,0.0,1.0,0.416
105,0.003624,0.000223,-0.020645,-0.008798,0.018189,-0.006635,-0.013952,-0.010091,0.013715,6,0.987128,0.996544,0.993365,0.416756,0.905256,0.893259,0.83713,0.025,0.0,1.0,0.42
106,-0.012384,0.066689,-0.626973,-0.009444,0.284409,-0.008084,-0.012928,-0.006635,-0.00575,11,0.96435,0.998551,0.991916,0.430057,0.882462,0.835608,0.836166,0.025,0.0,1.0,0.424
107,0.02509,0.062345,-0.170034,-0.003228,0.077336,0.000276,-0.012249,-0.008084,0.033174,10,0.988305,0.99164,0.999724,0.470959,0.903698,0.875413,0.837097,0.025,0.0,1.0,0.428
108,-0.004055,0.025098,-0.113536,-0.003377,0.034591,-0.000815,-0.010496,0.000276,-0.004332,9,0.98938,0.998908,0.999185,0.544048,0.92675,0.865538,0.837087,0.025,0.0,1.0,0.432
109,0.01192,-0.021022,0.358513,-0.000623,0.172817,0.002394,-0.009141,-0.000815,0.012736,8,0.971021,0.996791,0.997606,0.60872,0.919918,0.816365,0.837201,0.025,0.0,1.0,0.436
110,0.006312,-0.020887,0.346364,0.000625,0.175018,0.003381,-0.007526,0.002394,0.003918,11,0.963099,0.999013,0.996619,0.673849,0.93165,0.79385,0.836948,0.025,0.0,1.0,0.44
111,0.000674,0.027802,-0.37183,0.000634,0.194565,0.002699,-0.005999,0.003381,-0.002708,1,0.954893,0.999318,0.997301,0.668404,0.929383,0.784497,0.837018,0.025,0.0,1.0,0.444
112,-0.009274,0.016176,-0.356292,-0.00115,0.181063,-0.000318,-0.004781,0.002699,-0.011973,4,0.962044,0.996983,0.999682,0.615296,0.920809,0.804951,0.837191,0.025,0.0,1.0,0.448
113,-0.009095,-0.031581,0.117273,-0.00258,0.051836,-0.00253,-0.004156,-0.000318,-0.008777,3,0.995229,0.997788,0.99747,0.547268,0.923855,0.86861,0.837147,0.025,0.0,1.0,0.452
114,-0.036285,-0.073681,0.158069,-0.008647,0.076722,-0.011036,-0.003929,-0.00253,-0.033755,2,0.987218,0.991494,0.988964,0.470635,0.900861,0.874472,0.837025,0.025,0.0,1.0,0.456
115,0.033848,-0.108029,0.638002,-0.000998,0.211156,0.000275,-0.004924,-0.011036,0.044884,7,0.953056,0.988689,0.999725,0.421521,0.879674,0.834983,0.835977,0.025,0.0,1.0,0.46
116,0.004516,0.003837,0.001077,-5e-06,0.002789,0.001344,-0.004196,0.000275,0.004242,6,0.996755,0.998931,0.998656,0.395772,0.907582,0.909351,0.83717,0.025,0.0,1.0,0.464
117,-0.027557,0.106695,-0.654105,-0.004964,0.232727,-0.005939,-0.00342,0.001344,-0.0289,5,0.970816,0.992717,0.994061,0.420558,0.880361,0.850366,0.836025,0.025,0.0,1.0,0.468
118,0.073723,0.090404,-0.166863,0.009199,0.126558,0.014136,-0.003773,-0.005939,0.079662,10,0.938603,0.979925,0.985864,0.463521,0.881384,0.821441,0.836095,0.025,0.0,1.0,0.472
119,0.003099,0.038922,-0.110063,0.008101,0.029686,0.011354,-0.001266,0.014136,-0.011037,9,0.982098,0.997219,0.988646,0.53827,0.921892,0.860116,0.837178,0.025,0.0,1.0,0.476
120,0.010584,-0.013282,0.346313,0.008548,0.17598,0.01116,0.000501,0.011354,-0.000771,8,0.959626,0.999806,0.98884,0.624966,0.923144,0.801016,0.837159,0.025,0.0,1.0,0.48
121,0.021046,-0.009501,0.344809,0.010798,0.161675,0.013651,0.001993,0.01116,0.009886,11,0.973333,0.997509,0.986349,0.685538,0.930526,0.803114,0.836984,0.025,0.0,1.0,0.484
122,-0.00459,0.02041,-0.351489,0.008028,0.181473,0.009055,0.003625,0.013651,-0.018241,1,0.962717,0.995403,0.990945,0.67479,0.92578,0.792486,0.837109,0.025,0.0,1.0,0.488
123,0.003096,0.023682,-0.301919,0.00714,0.16105,0.007553,0.004385,0.009055,-0.005959,4,0.962171,0.998498,0.992447,0.629077,0.924726,0.804448,0.83713,0.025,0.0,1.0,0.492
124,-0.005871,-0.027877,0.124211,0.004798,0.054576,0.00417,0.004829,0.007553,-0.013424,3,0.993027,0.996617,0.99583,0.535118,0.920068,0.868752,0.837199,0.025,0.0,1.0,0.496
125,-0.070972,-0.091756,0.18168,-0.008841,0.129422,-0.014766,0.004737,0.00417,-0.075142,2,0.942032,0.981064,0.985234,0.464159,0.882281,0.824387,0.836154,0.025,0.0,1.0,0.5
126,0.046413,-0.102508,0.651455,0.001105,0.204176,0.000651,0.002006,-0.014766,0.061179,7,0.939934,0.984583,0.999349,0.412968,0.874504,0.82458,0.835585,0.025,0.0,1.0,0.504
127,-0.00549,-0.00144,-0.00663,-8.2e-05,0.003636,-0.000896,0.001817,0.000651,-0.006142,6,0.993493,0.998452,0.999104,0.383274,0.905211,0.908736,0.837129,0.025,0.0,1.0,0.508
128,-0.044001,0.110025,-0.667995,-0.007988,0.210102,-0.011759,0.001437,-0.000896,-0.043105,5,0.94309,0.989138,0.988241,0.39898,0.874017,0.830102,0.835545,0.025,0.0,1.0,0.512
129,0.056797,0.08501,-0.180414,0.003674,0.112233,0.005517,-0.000411,-0.011759,0.068556,10,0.956942,0.982724,0.994483,0.455159,0.886777,0.843339,0.836428,0.025,0.0,1.0,0.516
130,0.020641,0.04154,-0.135607,0.006728,0.071457,0.009329,0.000419,0.005517,0.015124,9,0.984183,0.996189,0.990671,0.52937,0.915759,0.859147,0.837224,0.025,0.0,1.0,0.52
131,0.016692,-0.008779,0.324187,0.008522,0.157328,0.011184,0.001667,0.009329,0.007363,8,0.969943,0.998144,0.988816,0.610481,0.921014,0.816757,0.837189,0.025,0.0,1.0,0.524
132,0.044239,-0.00227,0.35682,0.014951,0.137938,0.019514,0.002999,0.011184,0.033055,11,0.998128,0.99167,0.980486,0.687847,0.925395,0.830249,0.837117,0.025,0.0,1.0,0.528
133,-0.02924,0.018994,-0.333373,0.006996,0.131031,0.007228,0.005311,0.019514,-0.048754,1,0.992582,0.987714,0.992772,0.693614,0.925695,0.824264,0.837111,0.025,0.0,1.0,0.532
134,-0.016613,0.003691,-0.313479,0.002747,0.156463,0.00122,0.00558,0.007228,-0.023841,4,0.970934,0.993992,0.99878,0.61449,0.919652,0.816971,0.837203,0.025,0.0,1.0,0.536
135,-0.024248,-0.05147,0.158896,-0.002112,0.08085,-0.005198,0.004969,0.00122,-0.025468,3,0.982245,0.993582,0.994802,0.524822,0.91232,0.857082,0.837218,0.025,0.0,1.0,0.54
136,-0.063986,-0.098034,0.20851,-0.01325,0.127181,-0.020012,0.003546,-0.005198,-0.058789,2,0.957432,0.985185,0.979988,0.457007,0.884628,0.841628,0.836303,0.025,0.0,1.0,0.544
137,0.025173,-0.134756,0.6922,-0.006334,0.229625,-0.008626,0.000248,-0.020012,0.045185,7,0.947683,0.988613,0.991374,0.386444,0.870395,0.83511,0.835235,0.025,0.0,1.0,0.548
138,-0.000704,-0.004612,-0.001998,-0.00532,0.004946,-0.006629,-0.000995,-0.008626,0.007922,6,0.993622,0.998004,0.993371,0.367926,0.900854,0.912084,0.837025,0.025,0.0,1.0,0.552
139,-0.029171,0.120503,-0.69096,-0.009613,0.237421,-0.01231,-0.001783,-0.006629,-0.022542,5,0.962789,0.99432,0.98769,0.394866,0.876198,0.847428,0.835719,0.025,0.0,1.0,0.556
140,0.005362,0.11178,-0.216496,-0.006918,0.019603,-0.007856,-0.003257,-0.01231,0.017672,4,0.936235,0.995547,0.992144,0.442203,0.907536,0.836598,0.837169,0.025,0.0,1.0,0.56
141,0.018694,0.050302,-0.155458,-0.002308,0.070776,-0.001166,-0.003901,-0.007856,0.026551,9,0.989283,0.993309,0.998834,0.526157,0.914237,0.865035,0.837224,0.025,0.0,1.0,0.564
142,0.027032,-0.000416,0.311168,0.002973,0.141204,0.00594,-0.003518,-0.001166,0.028197,8,0.983681,0.992894,0.99406,0.625643,0.92047,0.829095,0.837195,0.025,0.0,1.0,0.568
143,0.010369,-0.004795,0.068657,0.004305,0.018798,0.007056,-0.002194,0.00594,0.004429,11,0.992761,0.998884,0.992944,0.695759,0.949499,0.837438,0.836035,0.025,0.0,1.0,0.572
144,-0.046123,0.009284,-0.345806,-0.004772,0.12071,-0.006345,-0.000899,0.007056,-0.053179,1,0.980632,0.986599,0.993655,0.682276,0.924028,0.816046,0.837143,0.025,0.0,1.0,0.576
145,-0.014459,0.007863,-0.300498,-0.006516,0.147814,-0.00839,-0.001661,-0.006345,-0.008114,4,0.970735,0.997955,0.99161,0.622686,0.924288,0.816006,0.837139,0.025,0.0,1.0,0.58
146,-0.034659,-0.060484,0.130208,-0.011582,0.071374,-0.01501,-0.002603,-0.00839,-0.02627,3,0.982909,0.99338,0.98499,0.529587,0.911308,0.857835,0.837211,0.025,0.0,1.0,0.584
147,-0.090966,-0.122089,0.219007,-0.025871,0.152787,-0.034151,-0.00434,-0.01501,-0.075957,2,0.938745,0.980859,0.965849,0.435349,0.870552,0.824633,0.835249,0.025,0.0,1.0,0.588
148,0.002911,-0.152907,0.681648,-0.02069,0.241036,-0.024811,-0.008514,-0.034151,0.037062,7,0.959477,0.99066,0.975189,0.386496,0.867454,0.845523,0.834964,0.025,0.0,1.0,0.592
149,-0.015003,-0.018345,-0.005988,-0.019666,0.001843,-0.022339,-0.010795,-0.024811,0.009809,6,0.995078,0.997528,0.977661,0.352986,0.894475,0.9172,0.836804,0.025,0.0,1.0,0.596
150,-0.028329,0.132697,-0.742025,-0.021226,0.256457,-0.023849,-0.012411,-0.022339,-0.005989,5,0.965688,0.998491,0.976151,0.365304,0.871537,0.854546,0.835336,0.025,0.0,1.0,0.6
151,0.002858,0.106963,-0.21838,-0.016891,0.021697,-0.017119,-0.014013,-0.023849,0.026707,11,0.940813,0.99327,0.982881,0.435657,0.901539,0.842365,0.837044,0.025,0.0,1.0,0.604
152,0.038353,0.050995,-0.181387,-0.006947,0.118359,-0.00314,-0.014448,-0.017119,0.055471,9,0.949421,0.986021,0.99686,0.527015,0.901144,0.819275,0.837033,0.025,0.0,1.0,0.608
153,0.014229,-0.005183,0.272837,-0.003135,0.134458,0.001237,-0.012864,-0.00314,0.017369,8,0.97586,0.995623,0.998763,0.621051,0.924616,0.823094,0.837133,0.025,0.0,1.0,0.612
154,0.017196,0.001126,0.047809,0.000525,0.001226,0.005259,-0.01089,0.001237,0.015959,2,0.982099,0.995978,0.994741,0.697557,0.948798,0.82849,0.836083,0.025,0.0,1.0,0.616
155,-0.001602,0.01698,-0.030549,0.000142,0.002453,0.00353,-0.008629,0.005259,-0.006861,1,0.984234,0.998271,0.99647,0.693582,0.951019,0.831352,0.835928,0.025,0.0,1.0,0.62
156,-0.042526,-0.015626,-0.295729,-0.007538,0.123229,-0.008076,-0.006927,0.00353,-0.046056,4,0.99578,0.988394,0.991924,0.620442,0.916031,0.844495,0.837224,0.025,0.0,1.0,0.624
157,-0.047589,-0.063517,0.160552,-0.014748,0.107895,-0.018033,-0.007088,-0.008076,-0.039513,3,0.958544,0.990043,0.981967,0.52448,0.902484,0.830211,0.837068,0.025,0.0,1.0,0.628
158,-0.047018,-0.150223,0.201789,-0.020556,0.039198,-0.025337,-0.00862,-0.018033,-0.028984,1,0.953696,0.992696,0.974663,0.421284,0.89495,0.85631,0.836823,0.025,0.0,1.0,0.632
159,0.014174,-0.154746,0.718894,-0.014305,0.24265,-0.01538,-0.010961,-0.025337,0.039512,7,0.948381,0.990043,0.98462,0.357868,0.864681,0.840532,0.834693,0.025,0.0,1.0,0.636
160,-0.008951,-0.011508,0.002694,-0.013341,0.00426,-0.01376,-0.011579,-0.01538,0.006429,6,0.997053,0.99838,0.98624,0.336696,0.894866,0.922468,0.83682,0.025,0.0,1.0,0.64
161,-0.037961,0.133484,-0.745644,-0.017773,0.241735,-0.019859,-0.011885,-0.01376,-0.024201,5,0.947297,0.993901,0.980141,0.361288,0.868385,0.838805,0.835052,0.025,0.0,1.0,0.644
162,0.031254,0.137579,-0.228437,-0.008948,0.042403,-0.006978,-0.013001,-0.019859,0.051113,11,0.956421,0.987119,0.993022,0.421734,0.893188,0.858552,0.836749,0.025,0.0,1.0,0.648
163,0.044969,0.064299,-0.185108,0.000757,0.117428,0.006112,-0.012158,-0.006978,0.051947,9,0.954504,0.986909,0.993888,0.516713,0.899919,0.826735,0.836998,0.025,0.0,1.0,0.652
164,0.024477,0.0076,0.24704,0.005027,0.115536,0.01074,-0.0096,0.006112,0.018364,8,0.981997,0.995372,0.98926,0.622572,0.924086,0.831167,0.837142,0.025,0.0,1.0,0.656
165,0.005028,-0.001754,0.038729,0.005027,0.012986,0.009301,-0.006752,0.01074,-0.005712,2,0.998254,0.998561,0.990699,0.696834,0.949327,0.843392,0.836047,0.025,0.0,1.0,0.66
166,-0.010823,0.003695,-0.018249,0.002174,0.01103,0.00423,-0.004505,0.009301,-0.020124,10,0.979408,0.994929,0.99577,0.703457,0.947812,0.823324,0.836148,0.025,0.0,1.0,0.664
167,-0.046658,-0.018167,-0.233563,-0.006616,0.081753,-0.008594,-0.003282,0.00423,-0.050888,4,0.987308,0.987176,0.991406,0.613787,0.91772,0.842465,0.837218,0.025,0.0,1.0,0.668
168,-0.051658,-0.083252,0.199168,-0.014723,0.116796,-0.019446,-0.004026,-0.008594,-0.043064,3,0.965119,0.989148,0.980554,0.511087,0.898253,0.838665,0.836945,0.025,0.0,1.0,0.672
169,-0.058673,-0.162274,0.22737,-0.022634,0.061119,-0.029331,-0.006185,-0.019446,-0.039227,1,0.965103,0.990115,0.970669,0.415691,0.888098,0.866317,0.836501,0.025,0.0,1.0,0.676
170,-0.000554,-0.183945,0.75739,-0.01866,0.259149,-0.022079,-0.009425,-0.029331,0.028778,7,0.948516,0.992748,0.977921,0.342833,0.862059,0.841995,0.834422,0.025,0.0,1.0,0.68
171,-0.027638,-0.025059,-0.010784,-0.020276,0.012864,-0.02348,-0.011197,-0.022079,-0.005559,6,0.988731,0.998599,0.97652,0.319212,0.889193,0.91696,0.836559,0.025,0.0,1.0,0.684
172,-0.039537,0.142391,-0.785717,-0.023743,0.253652,-0.027527,-0.012916,-0.02348,-0.016057,5,0.945683,0.995954,0.972473,0.343222,0.864811,0.839736,0.834706,0.025,0.0,1.0,0.688
173,0.041728,0.134139,-0.243051,-0.011958,0.072295,-0.010075,-0.014962,-0.027527,0.069254,11,0.982479,0.982548,0.989925,0.410427,0.882729,0.88351,0.836184,0.025,0.0,1.0,0.692
174,0.035632,0.063126,-0.214029,-0.003392,0.12047,0.001444,-0.014278,-0.010075,0.045707,9,0.96217,0.988482,0.998556,0.508907,0.901331,0.835754,0.837038,0.025,0.0,1.0,0.696
175,0.032236,0.008781,0.243081,0.003021,0.101487,0.009203,-0.012077,0.001444,0.030793,8,0.995728,0.99224,0.990797,0.624297,0.922708,0.846204,0.837166,0.025,0.0,1.0,0.7
176,-0.012793,-0.005669,0.02278,0.000175,0.028944,0.00366,-0.009097,0.009203,-0.021997,2,0.978086,0.994457,0.99634,0.705405,0.945939,0.819423,0.836268,0.025,0.0,1.0,0.704
177,0.012677,0.011223,-0.017488,0.002425,0.01965,0.005932,-0.007311,0.00366,0.009017,10,0.988091,0.997728,0.994068,0.706364,0.950021,0.830333,0.835998,0.025,0.0,1.0,0.708
178,-0.025254,-0.011309,-0.241159,-0.002557,0.114669,-0.001927,-0.005457,0.005932,-0.031187,4,0.983176,0.992141,0.998073,0.619751,0.922419,0.83307,0.83717,0.025,0.0,1.0,0.712
179,-0.068256,-0.091683,0.212699,-0.014383,0.143585,-0.018642,-0.004963,-0.001927,-0.066329,3,0.942085,0.983285,0.981358,0.49485,0.886928,0.815988,0.836437,0.025,0.0,1.0,0.716
180,-0.062546,-0.165833,0.260329,-0.023052,0.083552,-0.029705,-0.006878,-0.018642,-0.043904,1,0.974541,0.988936,0.970295,0.406962,0.883163,0.874984,0.836211,0.025,0.0,1.0,0.72
181,0.00243,-0.184925,0.761002,-0.018466,0.255299,-0.021607,-0.010074,-0.029705,0.032135,7,0.943113,0.991902,0.978393,0.335069,0.860472,0.838762,0.834252,0.025,0.0,1.0,0.724
182,-0.007779,-0.015634,0.005136,-0.016542,0.000629,-0.018123,-0.011689,-0.021607,0.013828,6,0.991518,0.996515,0.981877,0.305044,0.887352,0.924333,0.836461,0.025,0.0,1.0,0.728
183,-0.016388,0.164745,-0.817457,-0.016514,0.287432,-0.017686,-0.012589,-0.018123,0.001734,5,0.965397,0.999563,0.982314,0.327826,0.865531,0.858784,0.834778,0.025,0.0,1.0,0.732
184,0.068485,0.159225,-0.266034,-0.001214,0.103922,0.004029,-0.013303,-0.017686,0.08617,11,0.996138,0.978285,0.995971,0.396715,0.874359,0.89639,0.835573,0.025,0.0,1.0,0.736
185,0.064522,0.098476,-0.248186,0.010618,0.151407,0.019273,-0.010876,0.004029,0.060493,9,0.948576,0.984756,0.980727,0.499258,0.888258,0.82057,0.83651,0.025,0.0,1.0,0.74
186,0.045825,0.029239,0.229002,0.016955,0.092214,0.025964,-0.006655,0.019273,0.026552,8,0.994682,0.993309,0.974036,0.620847,0.920097,0.84703,0.837199,0.025,0.0,1.0,0.744
187,-0.014863,-0.002675,0.005193,0.011228,0.025034,0.015676,-0.002089,0.025964,-0.040827,2,0.970494,0.989712,0.984324,0.70913,0.938695,0.811482,0.836664,0.025,0.0,1.0,0.748
188,0.007547,-0.002355,-0.014545,0.010566,0.023818,0.013628,0.000398,0.015676,-0.008129,10,0.986034,0.997952,0.986372,0.706707,0.947977,0.8277,0.836138,0.025,0.0,1.0,0.752
189,0.000244,-0.016575,0.075314,0.008708,0.027101,0.010255,0.002251,0.013628,-0.013384,4,0.997639,0.996627,0.989745,0.615396,0.933347,0.859,0.836888,0.025,0.0,1.0,0.756
190,-0.060981,-0.093635,0.238751,-0.003836,0.145009,-0.007697,0.003371,0.010255,-0.071236,3,0.947744,0.982048,0.992303,0.497966,0.888637,0.82079,0.83653,0.025,0.0,1.0,0.76
191,-0.095988,-0.192051,0.294361,-0.020424,0.131742,-0.029946,0.001822,-0.007697,-0.088291,1,0.987849,0.977751,0.970054,0.386747,0.863018,0.886955,0.834523,0.025,0.0,1.0,0.764
192,0.011714,-0.195013,0.808486,-0.014639,0.257555,-0.019448,-0.002626,-0.029946,0.04166,7,0.926538,0.989502,0.980552,0.311096,0.854565,0.82719,0.833573,0.025,0.0,1.0,0.768
193,0.012315,0.001042,-0.01735,-0.009787,0.029824,-0.011443,-0.004981,-0.019448,0.031763,6,0.972055,0.991996,0.988557,0.293045,0.879359,0.904006,0.835955,0.025,0.0,1.0,0.772
194,-0.023043,0.173534,-0.811749,-0.012173,0.263543,-0.014366,-0.005886,-0.011443,-0.011599,5,0.941915,0.997077,0.985634,0.31497,0.864103,0.840996,0.834634,0.025,0.0,1.0,0.776
195,0.0936,0.186354,-0.271316,0.006866,0.120013,0.012841,-0.007073,-0.014366,0.107967,11,0.984666,0.972792,0.987159,0.384333,0.862683,0.885712,0.834488,0.025,0.0,1.0,0.78
196,0.008738,0.112332,-0.220351,0.007203,0.026952,0.011807,-0.004285,0.012841,-0.004104,10,0.935694,0.998966,0.988193,0.489835,0.916697,0.824696,0.837222,0.025,0.0,1.0,0.784
197,0.014375,0.034398,-0.09595,0.008494,0.044838,0.012454,-0.002032,0.011807,0.002568,8,0.99648,0.999353,0.987546,0.61666,0.934194,0.855434,0.836857,0.025,0.0,1.0,0.788
198,-0.018514,0.001128,-0.003729,0.003633,0.029821,0.00465,-4e-06,0.012454,-0.030968,2,0.965517,0.992196,0.99535,0.716502,0.944796,0.804308,0.836337,0.025,0.0,1.0,0.792
199,0.023588,-0.00089,0.007166,0.007225,0.035963,0.009423,0.000648,0.00465,0.018938,10,0.962391,0.995228,0.990577,0.719082,0.946691,0.799877,0.836221,0.025,0.0,1.0,0.796
200,-0.004547,-0.025167,0.095828,0.005106,0.03823,0.005902,0.001876,0.009423,-0.01397,4,0.997578,0.99648,0.994098,0.616107,0.933267,0.857447,0.836891,0.025,0.0,1.0,0.8
201,-0.010312,-0.108692,0.239325,0.00233,0.044844,0.001816,0.00244,0.005902,-0.016215,2,0.950703,0.995914,0.998184,0.489532,0.914023,0.837625,0.837224,0.025,0.0,1.0,0.804
202,-0.112532,-0.20349,0.274404,-0.018345,0.135141,-0.027,0.002353,0.001816,-0.114349,1,0.974072,0.971184,0.973,0.374877,0.854453,0.875382,0.833559,0.025,0.0,1.0,0.808
203,0.01556,-0.204439,0.825769,-0.012242,0.25146,-0.016275,-0.001757,-0.027,0.04256,7,0.914285,0.989275,0.983725,0.299993,0.854055,0.818111,0.833511,0.025,0.0,1.0,0.812
204,-0.012315,-0.012277,-0.010351,-0.012255,0.001219,-0.015277,-0.003789,-0.016275,0.00396,6,0.997724,0.999002,0.984723,0.279371,0.886873,0.936117,0.836434,0.025,0.0,1.0,0.816
205,-0.029362,0.178294,-0.836694,-0.015334,0.2629,-0.018826,-0.005397,-0.015277,-0.014085,5,0.932258,0.99645,0.981174,0.304651,0.860819,0.833687,0.834289,0.025,0.0,1.0,0.82
206,0.106613,0.202429,-0.317248,0.006616,0.152114,0.012785,-0.007278,-0.018826,0.125439,11,0.969794,0.968389,0.987215,0.366735,0.852032,0.870858,0.83326,0.025,0.0,1.0,0.824
207,0.037093,0.130266,-0.229056,0.012102,0.060306,0.01891,-0.004469,0.012785,0.024309,10,0.965597,0.993874,0.98109,0.482471,0.904913,0.852217,0.837123,0.025,0.0,1.0,0.828
208,0.04136,0.06177,-0.122639,0.017369,0.076629,0.024568,-0.001196,0.01891,0.02245,8,0.977177,0.994343,0.975432,0.597854,0.919686,0.836453,0.837203,0.025,0.0,1.0,0.832
209,-0.012012,0.017036,-0.00497,0.01208,0.03521,0.01535,0.002411,0.024568,-0.03658,7,0.956499,0.990782,0.98465,0.711816,0.939333,0.795674,0.836633,0.025,0.0,1.0,0.836
210,0.020661,-0.001692,0.028417,0.013625,0.019189,0.016688,0.004223,0.01535,0.005311,10,0.97348,0.998662,0.983312,0.708495,0.94872,0.815309,0.836088,0.025,0.0,1.0,0.84
211,0.002759,-0.036986,0.116036,0.011669,0.025571,0.013178,0.005968,0.016688,-0.013929,1,0.983585,0.99649,0.986822,0.604539,0.93099,0.847518,0.836969,0.025,0.0,1.0,0.844
212,-0.023237,-0.116861,0.275384,0.005386,0.079307,0.004001,0.006977,0.013178,-0.036414,2,0.972722,0.990824,0.995999,0.477692,0.902687,0.858113,0.837073,0.025,0.0,1.0,0.848
213,-0.110145,-0.211708,0.312807,-0.01541,0.145437,-0.024764,0.006561,0.004001,-0.114147,1,0.978454,0.971235,0.975236,0.367191,0.852885,0.88022,0.833367,0.025,0.0,1.0,0.852
214,0.014219,-0.212596,0.85098,-0.010077,0.260122,-0.01494,0.002175,-0.024764,0.038982,7,0.913544,0.990176,0.98506,0.280952,0.851652,0.82052,0.833212,0.025,0.0,1.0,0.856
215,-0.009532,-0.012119,0.000223,-0.009979,0.003093,-0.013577,-0.000221,-0.01494,0.005408,6,0.997407,0.998637,0.986423,0.25529,0.883099,0.940872,0.836207,0.025,0.0,1.0,0.86
216,-0.018904,0.191173,-0.834124,-0.011585,0.26505,-0.01492,-0.002091,-0.013577,-0.005327,5,0.934914,0.998658,0.98508,0.284366,0.860952,0.840548,0.834304,0.025,0.0,1.0,0.864
217,0.061542,0.217211,-0.843101,0.001578,0.376739,0.004349,-0.003887,-0.01492,0.076462,11,0.95659,0.980732,0.995651,0.36054,0.844247,0.832063,0.832219,0.025,0.0,1.0,0.868
218,0.02488,0.125785,-0.284064,0.005772,0.077734,0.009523,-0.002734,0.004349,0.020531,11,0.963113,0.994826,0.990477,0.482884,0.90662,0.84755,0.837155,0.025,0.0,1.0,0.872
219,0.02412,0.054072,-0.127051,0.009075,0.058754,0.013201,-0.001018,0.009523,0.014598,8,0.994433,0.996321,0.986799,0.604133,0.927421,0.854473,0.837071,0.025,0.0,1.0,0.876
220,-0.028355,0.001441,-0.03529,0.002337,0.027622,0.002729,0.000973,0.013201,-0.041557,7,0.954896,0.989528,0.997271,0.718969,0.942948,0.793408,0.836444,0.025,0.0,1.0,0.88
