cycle,use_mercury,stability,adaptive_score,rigidity,dissent,identity_drift,light_power,shadow_power,mercury_power,bridge_tension,mercury_motion,alliance_shift,emergence,jester_pulse,judge_closure
1,False,0.905338,0.837132,0.384016,0.250049,0.013196,0.510124,0.506416,0.0,0.043519,0.0,0.0,0.9032,0.2,0
2,False,0.929956,0.837001,0.378253,0.250045,0.01413,0.511733,0.506426,0.0,0.038169,0.0,0.0,0.906272,0.2,0
3,False,0.949175,0.836057,0.372703,0.250019,0.014077,0.509209,0.530917,0.0,0.035865,0.0,0.0,0.909221,0.2,0
4,False,0.969196,0.834288,0.367357,0.249948,0.013961,0.514574,0.517537,0.0,0.031259,0.0,0.0,0.912052,0.0,0
5,False,0.99074,0.831488,0.36221,0.249859,0.015216,0.523301,0.507057,0.0,0.029157,0.0,0.0,0.91477,0.0,0
6,False,1,0.83,0.357252,0.249733,0.014382,0.519628,0.520434,0.0,0.025187,0.0,0.0,0.917379,0.0,0
7,False,1,0.83,0.352478,0.24958,0.013053,0.517588,0.514054,0.0,0.022156,0.0,0.0,0.919884,0.0,0
8,False,1,0.83,0.34788,0.249428,0.011688,0.524677,0.505225,0.0,0.021777,0.0,0.0,0.922289,0.0,0
9,False,1,0.83,0.343453,0.249287,0.009996,0.521702,0.494713,0.0,0.022507,0.0,0.0,0.924597,0.0,0
10,False,1,0.83,0.339189,0.249132,0.012832,0.529002,0.518971,0.0,0.02076,0.0,0.0,0.926813,0.0,0
11,False,1,0.83,0.335083,0.249,0.014131,0.532213,0.497851,0.0,0.022665,0.0,0.0,0.928941,0.0,0
12,False,1,0.83,0.331129,0.248878,0.015983,0.532784,0.504563,0.0,0.023443,0.0,0.0,0.930983,0.0,0
13,False,1,0.83,0.327321,0.248779,0.015319,0.532218,0.495023,0.0,0.025368,0.0,0.0,0.932944,0.0,0
14,False,1,0.83,0.323655,0.248704,0.016933,0.544726,0.503288,0.0,0.027618,0.0,0.0,0.934826,0.0,0
15,False,1,0.83,0.320124,0.248653,0.016051,0.53905,0.494914,0.0,0.02993,0.0,0.0,0.936633,0.0,0
16,False,1,0.83,0.316724,0.248618,0.015065,0.528069,0.487077,0.0,0.031479,0.0,0.0,0.938368,0.0,0
17,False,1,0.83,0.31345,0.248614,0.017114,0.547078,0.494385,0.0,0.034449,0.0,0.0,0.940033,0.0,0
18,False,1,0.83,0.310297,0.248628,0.01475,0.542547,0.494689,0.0,0.036326,0.0,0.0,0.941632,0.0,0
19,False,1,0.83,0.307262,0.248658,0.013868,0.54023,0.491901,0.0,0.038006,0.0,0.0,0.943166,0.0,0
20,False,1,0.83,0.304339,0.248727,0.009161,0.552339,0.485196,0.0,0.042086,0.0,0.0,0.94464,0.0,0
21,False,1,0.83,0.301524,0.248801,0.007695,0.53905,0.491452,0.0,0.042857,0.0,0.0,0.946054,0.0,0
22,False,1,0.83,0.298814,0.2489,0.005834,0.545059,0.483211,0.0,0.045516,0.0,0.0,0.947412,0.0,0
23,False,1,0.83,0.296204,0.248991,0.009096,0.535428,0.493736,0.0,0.044981,0.0,0.0,0.948716,0.2,0
24,False,1,0.83,0.293691,0.249103,0.011087,0.540912,0.478813,0.0,0.047377,0.0,0.0,0.949967,0.2,0
25,False,1,0.83,0.291272,0.249252,0.010135,0.550491,0.474329,0.0,0.051407,0.0,0.0,0.951168,0.2,0
26,False,1,0.83,0.288942,0.249431,0.009761,0.547433,0.471218,0.0,0.05488,0.0,0.0,0.952322,0.2,0
27,False,1,0.83,0.286699,0.249623,0.012045,0.551983,0.483565,0.0,0.056776,0.0,0.0,0.953429,0.0,0
28,False,1,0.83,0.284539,0.249809,0.013393,0.543256,0.488392,0.0,0.056508,0.0,0.0,0.954492,0.0,0
29,False,1,0.83,0.28246,0.250019,0.014176,0.5402,0.462084,0.0,0.059533,0.0,0.0,0.955512,0.0,0
30,False,1,0.83,0.280458,0.250241,0.013175,0.537545,0.465569,0.0,0.061275,0.0,0.0,0.956491,0.0,0
31,False,1,0.83,0.27853,0.250454,0.009302,0.536071,0.477587,0.0,0.060884,0.0,0.0,0.957432,0.0,0
32,False,1,0.83,0.276674,0.250659,0.008837,0.537972,0.478292,0.0,0.060716,0.0,0.0,0.958334,0.0,0
33,False,1,0.83,0.274887,0.250864,0.006912,0.542303,0.478097,0.0,0.061204,0.0,0.0,0.959201,0.0,0
34,False,1,0.83,0.273167,0.251064,0.006078,0.539928,0.479131,0.0,0.061147,0.0,0.0,0.960033,0.0,0
35,False,1,0.83,0.27151,0.251275,0.005698,0.539109,0.466243,0.0,0.062788,0.0,0.0,0.960832,0.0,0
36,False,1,0.83,0.269915,0.251489,0.005449,0.542233,0.472483,0.0,0.063763,0.0,0.0,0.961598,0.0,0
37,False,1,0.83,0.26838,0.251717,0.005159,0.548113,0.470828,0.0,0.065656,0.0,0.0,0.962335,0.0,0
38,False,1,0.83,0.266902,0.25193,0.004577,0.539272,0.480674,0.0,0.064668,0.0,0.0,0.963041,0.0,0
39,False,1,0.83,0.265479,0.252125,0.003587,0.524669,0.46917,0.0,0.063384,0.0,0.0,0.963719,0.0,0
40,False,1,0.83,0.264108,0.252293,0.005448,0.526975,0.479667,0.0,0.061133,0.0,0.0,0.964371,0.0,0
41,False,1,0.83,0.262789,0.252474,0.006537,0.531991,0.458273,0.0,0.062895,0.0,0.0,0.964996,0.0,0
42,False,1,0.83,0.261519,0.252629,0.005841,0.521163,0.473225,0.0,0.060801,0.0,0.0,0.965596,0.0,0
43,False,1,0.83,0.260297,0.252768,0.007318,0.519083,0.468046,0.0,0.059434,0.0,0.0,0.966172,0.0,0
44,False,1,0.83,0.25912,0.25291,0.006003,0.53164,0.467614,0.0,0.060077,0.0,0.0,0.966725,0.0,0
45,False,1,0.83,0.257987,0.253033,0.007862,0.520113,0.470845,0.0,0.058564,0.0,0.0,0.967256,0.0,0
46,False,1,0.83,0.256896,0.253166,0.007935,0.525874,0.457722,0.0,0.059906,0.0,0.0,0.967766,0.2,0
47,False,1,0.83,0.255846,0.253261,0.008077,0.511471,0.477328,0.0,0.056299,0.0,0.0,0.968255,0.2,0
48,False,1,0.83,0.254835,0.253316,0.008606,0.515629,0.48685,0.0,0.052446,0.0,0.0,0.968725,0.2,0
49,False,1,0.83,0.253861,0.253341,0.010897,0.511913,0.480401,0.0,0.049515,0.0,0.0,0.969176,0.2,0
50,False,1,0.83,0.252924,0.253363,0.010177,0.515984,0.46824,0.0,0.049268,0.0,0.0,0.969609,0.0,0
51,False,1,0.83,0.252023,0.25334,0.009432,0.500581,0.483339,0.0,0.044784,0.0,0.0,0.970025,0.0,0
52,False,1,0.83,0.251154,0.253306,0.009021,0.512074,0.47603,0.0,0.04356,0.0,0.0,0.970424,0.0,0
53,False,1,0.83,0.250318,0.253252,0.009684,0.501245,0.473553,0.0,0.041339,0.0,0.0,0.970807,0.0,0
54,False,1,0.83,0.249514,0.253186,0.006517,0.505748,0.473419,0.0,0.040077,0.0,0.0,0.971175,0.0,0
55,False,1,0.83,0.248739,0.253104,0.005771,0.511193,0.484859,0.0,0.038153,0.0,0.0,0.971528,0.0,0
56,False,1,0.83,0.247994,0.253004,0.004701,0.502814,0.478623,0.0,0.036199,0.0,0.0,0.971866,0.0,0
57,False,1,0.83,0.247276,0.252894,0.005492,0.502006,0.47523,0.0,0.03488,0.0,0.0,0.972192,0.0,0
58,False,1,0.83,0.246585,0.252762,0.008808,0.493002,0.476481,0.0,0.032309,0.0,0.0,0.972504,0.0,0
59,False,1,0.83,0.24592,0.252599,0.006123,0.488067,0.480028,0.0,0.028911,0.0,0.0,0.972804,0.0,0
60,False,1,0.83,0.24528,0.252417,0.003575,0.486405,0.475549,0.0,0.026384,0.0,0.0,0.973092,0.0,0
61,False,1,0.83,0.248664,0.252226,0.004095,0.49915,0.481665,0.0,0.025138,0.0,0.0,0.973368,0.0,1
62,False,1,0.83,0.251911,0.252014,0.003072,0.48908,0.494696,0.0,0.022405,0.0,0.0,0.973633,0.0,1
63,False,1,0.83,0.255026,0.251789,0.003225,0.491173,0.482178,0.0,0.020527,0.0,0.0,0.973888,0.0,1
64,False,1,0.83,0.258015,0.251542,0.000371,0.491376,0.491541,0.0,0.017677,0.0,0.0,0.974133,0.0,1
65,False,1,0.83,0.260884,0.251291,-0.000941,0.494693,0.484061,0.0,0.01669,0.0,0.0,0.974367,0.0,1
66,False,1,0.83,0.263636,0.251042,-0.003007,0.484756,0.498436,0.0,0.016269,0.0,0.0,0.974593,0.0,1
67,False,1,0.83,0.266277,0.2508,-0.006657,0.471492,0.487921,0.0,0.016292,0.0,0.0,0.974809,0.0,1
68,False,1,0.83,0.268811,0.250573,-0.006052,0.477703,0.500636,0.0,0.017221,0.0,0.0,0.975017,0.0,1
69,False,1,0.83,0.271243,0.250376,-0.006058,0.472873,0.508351,0.0,0.019777,0.0,0.0,0.975216,0.2,1
70,False,1,0.83,0.273576,0.250184,-0.006293,0.482006,0.501174,0.0,0.019692,0.0,0.0,0.975407,0.2,1
71,False,1,0.83,0.275814,0.249995,-0.00482,0.488896,0.507535,0.0,0.019545,0.0,0.0,0.975591,0.2,1
72,False,1,0.83,0.277962,0.249838,-0.002992,0.459654,0.499238,0.0,0.02235,0.0,0.0,0.975767,0.2,1
73,False,1,0.83,0.280023,0.249685,-0.00351,0.481533,0.504112,0.0,0.022382,0.0,0.0,0.975937,0.0,1
74,False,1,0.83,0.282001,0.249553,-0.004349,0.475243,0.50979,0.0,0.024085,0.0,0.0,0.976099,0.0,1
75,False,1,0.83,0.283899,0.249421,-0.00547,0.477418,0.499304,0.0,0.023777,0.0,0.0,0.976255,0.0,1
76,False,1,0.83,0.285719,0.249321,-0.005384,0.474672,0.519727,0.0,0.026756,0.0,0.0,0.976405,0.0,1
77,False,1,0.83,0.287467,0.249247,-0.005835,0.470532,0.513915,0.0,0.029084,0.0,0.0,0.976549,0.0,1
78,False,1,0.83,0.289143,0.249192,-0.007666,0.487298,0.529319,0.0,0.030895,0.0,0.0,0.976687,0.0,1
79,False,1,0.83,0.290752,0.24915,-0.009459,0.469247,0.508452,0.0,0.032059,0.0,0.0,0.976819,0.0,1
80,False,1,0.83,0.292295,0.249139,-0.008987,0.470974,0.525481,0.0,0.035201,0.0,0.0,0.976947,0.0,1
81,False,1,0.83,0.293776,0.24914,-0.009559,0.47099,0.51425,0.0,0.036329,0.0,0.0,0.977069,0.0,1
82,False,1,0.83,0.295197,0.249176,-0.010495,0.471011,0.533549,0.0,0.039999,0.0,0.0,0.977186,0.0,1
83,False,1,0.83,0.296561,0.249254,-0.011283,0.471161,0.541896,0.0,0.044302,0.0,0.0,0.977299,0.0,1
84,False,1,0.83,0.297869,0.249327,-0.012003,0.477798,0.520489,0.0,0.044076,0.0,0.0,0.977407,0.0,1
85,False,1,0.83,0.299124,0.249431,-0.013454,0.467422,0.534833,0.0,0.047343,0.0,0.0,0.97751,0.0,1
86,False,1,0.83,0.300329,0.249538,-0.013024,0.481075,0.53335,0.0,0.048034,0.0,0.0,0.97761,0.0,1
87,False,1,0.83,0.301485,0.24965,-0.011082,0.477741,0.530976,0.0,0.048762,0.0,0.0,0.977706,0.0,1
88,False,1,0.83,0.302594,0.249749,-0.00871,0.485254,0.526108,0.0,0.047655,0.0,0.0,0.977797,0.0,1
89,False,1,0.83,0.303658,0.249838,-0.009274,0.490025,0.532644,0.0,0.04695,0.0,0.0,0.977885,0.0,1
90,False,1,0.83,0.304679,0.249933,-0.009127,0.48382,0.537075,0.0,0.047832,0.0,0.0,0.97797,0.0,1
91,False,1,0.83,0.305659,0.250025,-0.01088,0.494426,0.541392,0.0,0.047711,0.0,0.0,0.978051,0.0,1
92,False,1,0.83,0.306599,0.250141,-0.008852,0.480708,0.548127,0.0,0.05047,0.0,0.0,0.978129,0.2,1
93,False,1,0.83,0.307501,0.25025,-0.007197,0.493718,0.540737,0.0,0.049987,0.0,0.0,0.978204,0.2,1
94,False,1,0.83,0.308366,0.250354,-0.009609,0.494822,0.542821,0.0,0.049709,0.0,0.0,0.978276,0.2,1
95,False,1,0.83,0.309197,0.250464,-0.009534,0.491265,0.548194,0.0,0.05072,0.0,0.0,0.978345,0.2,1
96,False,1,0.83,0.309994,0.250559,-0.010434,0.496993,0.537764,0.0,0.049327,0.0,0.0,0.978411,0.0,1
97,False,1,0.83,0.310758,0.250654,-0.011924,0.486949,0.538885,0.0,0.049692,0.0,0.0,0.978475,0.0,1
98,False,1,0.83,0.311492,0.25076,-0.010689,0.496275,0.555543,0.0,0.051033,0.0,0.0,0.978536,0.0,1
99,False,1,0.83,0.312196,0.250842,-0.010849,0.506406,0.541443,0.0,0.048793,0.0,0.0,0.978594,0.0,1
100,False,1,0.83,0.312871,0.250907,-0.008275,0.512081,0.549716,0.0,0.047231,0.0,0.0,0.97865,0.0,1
101,False,1,0.83,0.313519,0.250972,-0.00902,0.493692,0.54254,0.0,0.047458,0.0,0.0,0.978704,0.0,1
102,False,1,0.83,0.314141,0.251028,-0.008934,0.503091,0.545286,0.0,0.046721,0.0,0.0,0.978756,0.0,1
103,False,1,0.83,0.314738,0.251047,-0.008499,0.515075,0.535665,0.0,0.043063,0.0,0.0,0.978806,0.0,1
104,False,1,0.83,0.315311,0.251046,-0.005267,0.524742,0.553466,0.0,0.041055,0.0,0.0,0.978854,0.0,1
105,False,1,0.83,0.31586,0.251036,-0.003558,0.518325,0.552965,0.0,0.040157,0.0,0.0,0.9789,0.0,1
106,False,1,0.83,0.316387,0.251013,-0.004931,0.513903,0.543487,0.0,0.038677,0.0,0.0,0.978944,0.0,1
107,False,1,0.83,0.316893,0.250977,-0.004673,0.520727,0.550311,0.0,0.037404,0.0,0.0,0.978986,0.0,1
108,False,1,0.83,0.317378,0.250917,-0.005375,0.53993,0.558593,0.0,0.03478,0.0,0.0,0.979026,0.0,1
109,False,1,0.83,0.317844,0.250827,-0.005804,0.533974,0.546196,0.0,0.031622,0.0,0.0,0.979065,0.0,1
110,False,1,0.83,0.318291,0.250714,-0.007339,0.524578,0.537127,0.0,0.028952,0.0,0.0,0.979103,0.0,1
111,False,1,0.83,0.318719,0.250593,-0.006644,0.52926,0.550751,0.0,0.027907,0.0,0.0,0.979139,0.0,1
112,False,1,0.83,0.319131,0.250454,-0.00714,0.530674,0.543371,0.0,0.025778,0.0,0.0,0.979173,0.0,1
113,False,1,0.83,0.319526,0.250335,-0.008341,0.520786,0.557782,0.0,0.027348,0.0,0.0,0.979206,0.0,1
114,False,1,0.83,0.319904,0.250226,-0.005241,0.520173,0.553449,0.0,0.028178,0.0,0.0,0.979238,0.0,1
115,False,1,0.83,0.320268,0.250086,-0.007234,0.539483,0.542466,0.0,0.024651,0.0,0.0,0.979268,0.2,1
116,False,1,0.83,0.320616,0.249928,-0.009298,0.540709,0.550033,0.0,0.022505,0.0,0.0,0.979298,0.2,1
117,False,1,0.83,0.320951,0.249765,-0.008279,0.535732,0.551527,0.0,0.021566,0.0,0.0,0.979326,0.2,1
118,False,1,0.83,0.321272,0.249603,-0.007743,0.533266,0.552077,0.0,0.02118,0.0,0.0,0.979353,0.2,1
119,False,1,0.83,0.32158,0.249434,-0.008313,0.537439,0.551561,0.0,0.020192,0.0,0.0,0.979379,0.0,1
120,False,1,0.83,0.321876,0.249253,-0.01119,0.543597,0.536047,0.0,0.018422,0.0,0.0,0.979403,0.0,1
121,False,1,0.83,0.322159,0.249052,-0.010374,0.541815,0.542284,0.0,0.015909,0.0,0.0,0.979427,0.0,1
122,False,1,0.83,0.322431,0.248834,-0.009818,0.544119,0.544227,0.0,0.013697,0.0,0.0,0.97945,0.0,1
123,False,1,0.83,0.322693,0.248606,-0.013311,0.5457,0.543581,0.0,0.012076,0.0,0.0,0.979472,0.0,1
124,False,1,0.83,0.322943,0.248369,-0.01344,0.540014,0.541051,0.0,0.01053,0.0,0.0,0.979493,0.0,1
125,False,1,0.83,0.323183,0.248155,-0.012024,0.559639,0.535608,0.0,0.01242,0.0,0.0,0.979514,0.0,1
126,False,1,0.83,0.323414,0.247938,-0.013999,0.53842,0.543767,0.0,0.01143,0.0,0.0,0.979533,0.0,1
127,False,1,0.83,0.323635,0.247722,-0.013074,0.552096,0.543237,0.0,0.01107,0.0,0.0,0.979552,0.0,1
128,False,1,0.83,0.323848,0.247526,-0.01311,0.545715,0.524278,0.0,0.012522,0.0,0.0,0.97957,0.0,1
129,False,1,0.83,0.324052,0.247321,-0.01145,0.53887,0.540839,0.0,0.011044,0.0,0.0,0.979587,0.0,1
130,False,1,0.83,0.324247,0.247148,-0.009674,0.547921,0.517127,0.0,0.013809,0.0,0.0,0.979603,0.0,1
131,False,1,0.83,0.324435,0.246972,-0.012738,0.549221,0.540151,0.0,0.013146,0.0,0.0,0.979619,0.0,1
132,False,1,0.83,0.324615,0.246806,-0.011366,0.535477,0.518664,0.0,0.013659,0.0,0.0,0.979634,0.0,1
133,False,1,0.83,0.324787,0.246648,-0.010344,0.53825,0.521828,0.0,0.014046,0.0,0.0,0.979649,0.0,1
134,False,1,0.83,0.324953,0.246494,-0.013237,0.547117,0.532447,0.0,0.014133,0.0,0.0,0.979663,0.0,1
135,False,1,0.83,0.325112,0.246365,-0.011307,0.544178,0.515612,0.0,0.016154,0.0,0.0,0.979677,0.0,1
136,False,1,0.83,0.325265,0.246266,-0.010308,0.549907,0.513495,0.0,0.01899,0.0,0.0,0.97969,0.0,1
137,False,1,0.83,0.325411,0.246161,-0.010085,0.543134,0.530367,0.0,0.018119,0.0,0.0,0.979702,0.0,1
138,False,1,0.83,0.325552,0.24608,-0.007488,0.549051,0.514787,0.0,0.020379,0.0,0.0,0.979714,0.2,1
139,False,1,0.83,0.325686,0.246013,-0.006529,0.546834,0.518649,0.0,0.021472,0.0,0.0,0.979725,0.2,1
140,False,1,0.83,0.325816,0.245951,-0.007775,0.540415,0.515449,0.0,0.021961,0.0,0.0,0.979736,0.2,1
141,False,1,0.83,0.32594,0.245886,-0.007231,0.53523,0.517447,0.0,0.021376,0.0,0.0,0.979747,0.2,1
142,False,1,0.83,0.326059,0.245848,-0.005218,0.542638,0.502511,0.0,0.024001,0.0,0.0,0.979757,0.0,1
143,False,1,0.83,0.326173,0.245811,-0.007484,0.531161,0.507229,0.0,0.023992,0.0,0.0,0.979767,0.0,1
144,False,1,0.83,0.326283,0.245778,-0.005964,0.531323,0.504763,0.0,0.024351,0.0,0.0,0.979776,0.0,1
145,False,1,0.83,0.326388,0.245751,-0.007404,0.524943,0.496623,0.0,0.024907,0.0,0.0,0.979785,0.0,1
146,False,1,0.83,0.326489,0.245715,-0.010112,0.521871,0.504128,0.0,0.023904,0.0,0.0,0.979794,0.0,1
147,False,1,0.83,0.326586,0.24569,-0.008294,0.53183,0.501379,0.0,0.02482,0.0,0.0,0.979802,0.0,1
148,False,1,0.83,0.326679,0.245651,-0.007806,0.516622,0.501197,0.0,0.023505,0.0,0.0,0.97981,0.0,1
149,False,1,0.83,0.326768,0.245614,-0.008011,0.515443,0.492249,0.0,0.023461,0.0,0.0,0.979817,0.0,1
150,False,1,0.83,0.326853,0.245584,-0.006584,0.52593,0.497739,0.0,0.024123,0.0,0.0,0.979825,0.0,1
151,False,1,0.83,0.326935,0.245553,-0.006703,0.51411,0.490804,0.0,0.024009,0.0,0.0,0.979832,0.0,1
152,False,1,0.83,0.327014,0.245542,-0.004784,0.517667,0.480367,0.0,0.02587,0.0,0.0,0.979838,0.0,1
153,False,1,0.83,0.32709,0.24553,-0.003645,0.515696,0.490407,0.0,0.025788,0.0,0.0,0.979845,0.0,1
154,False,1,0.83,0.327162,0.245533,-0.002582,0.515676,0.47856,0.0,0.027374,0.0,0.0,0.979851,0.0,1
155,False,1,0.83,0.327232,0.245529,0.002893,0.509027,0.487363,0.0,0.026575,0.0,0.0,0.979857,0.0,1
156,False,1,0.83,0.327299,0.245525,0.006264,0.508028,0.481639,0.0,0.026549,0.0,0.0,0.979863,0.0,1
157,False,1,0.83,0.327363,0.245503,0.00689,0.501008,0.487317,0.0,0.024749,0.0,0.0,0.979868,0.0,1
158,False,1,0.83,0.327424,0.245481,0.008925,0.506803,0.482302,0.0,0.024714,0.0,0.0,0.979874,0.0,1
159,False,1,0.83,0.327483,0.245461,0.008842,0.495726,0.470507,0.0,0.024785,0.0,0.0,0.979879,0.0,1
160,False,1,0.83,0.32754,0.24544,0.01066,0.504517,0.480522,0.0,0.024674,0.0,0.0,0.979883,0.0,1
161,False,1,0.83,0.327594,0.245404,0.010865,0.498315,0.485048,0.0,0.023077,0.0,0.0,0.979888,0.2,1
162,False,1,0.83,0.327646,0.245362,0.01261,0.496115,0.47783,0.0,0.022406,0.0,0.0,0.979893,0.2,1
163,False,1,0.83,0.327696,0.245306,0.013056,0.489502,0.478816,0.0,0.020765,0.0,0.0,0.979897,0.2,1
164,False,1,0.83,0.327744,0.245235,0.01536,0.488062,0.478644,0.0,0.019177,0.0,0.0,0.979901,0.2,1
165,False,1,0.83,0.32779,0.245161,0.01462,0.493492,0.478155,0.0,0.018639,0.0,0.0,0.979905,0.0,1
166,False,1,0.83,0.327834,0.245084,0.015146,0.490796,0.475399,0.0,0.018185,0.0,0.0,0.979909,0.0,1
167,False,1,0.83,0.327876,0.245018,0.01482,0.497606,0.473162,0.0,0.019061,0.0,0.0,0.979912,0.0,1
168,False,1,0.83,0.327917,0.244959,0.016848,0.494406,0.471475,0.0,0.019603,0.0,0.0,0.979916,0.0,1
169,False,1,0.83,0.327956,0.244896,0.015392,0.491133,0.475283,0.0,0.019078,0.0,0.0,0.979919,0.0,1
170,False,1,0.83,0.327993,0.244821,0.016898,0.479833,0.470598,0.0,0.0177,0.0,0.0,0.979923,0.0,1
171,False,1,0.83,0.328029,0.244742,0.011477,0.484174,0.471001,0.0,0.017066,0.0,0.0,0.979926,0.0,1
172,False,1,0.83,0.328064,0.244647,0.012324,0.471325,0.466914,0.0,0.015294,0.0,0.0,0.979929,0.0,1
173,False,1,0.83,0.328097,0.244541,0.010914,0.471308,0.476184,0.0,0.013836,0.0,0.0,0.979931,0.0,1
174,False,1,0.83,0.328129,0.244441,0.011784,0.475465,0.458628,0.0,0.014256,0.0,0.0,0.979934,0.0,1
175,False,1,0.83,0.328159,0.244332,0.00923,0.473686,0.478953,0.0,0.012997,0.0,0.0,0.979937,0.0,1
176,False,1,0.83,0.328188,0.244219,0.010332,0.464012,0.472262,0.0,0.012333,0.0,0.0,0.979939,0.0,1
177,False,1,0.83,0.328216,0.244106,0.010412,0.468428,0.47898,0.0,0.012083,0.0,0.0,0.979942,0.0,1
178,False,1,0.83,0.328243,0.243987,0.009349,0.47376,0.478496,0.0,0.011055,0.0,0.0,0.979944,0.0,1
179,False,1,0.83,0.328269,0.243872,0.006983,0.474727,0.462218,0.0,0.011258,0.0,0.0,0.979946,0.0,1
180,False,1,0.83,0.328294,0.243758,0.010546,0.483143,0.47272,0.0,0.011141,0.0,0.0,0.979948,0.0,1
181,False,1,0.83,0.328317,0.243638,0.011904,0.468066,0.464692,0.0,0.010054,0.0,0.0,0.979951,0.0,1
182,False,1,0.83,0.32834,0.24352,0.010862,0.482694,0.47226,0.0,0.010107,0.0,0.0,0.979953,0.0,1
183,False,1,0.83,0.328362,0.243402,0.008993,0.470936,0.463245,0.0,0.009769,0.0,0.0,0.979954,0.0,1
184,False,1,0.83,0.328383,0.243292,0.009,0.479709,0.466763,0.0,0.010214,0.0,0.0,0.979956,0.2,1
185,False,1,0.83,0.328403,0.24318,0.008843,0.470186,0.47767,0.0,0.009831,0.0,0.0,0.979958,0.2,1
186,False,1,0.83,0.328423,0.243062,0.010597,0.477544,0.480543,0.0,0.008875,0.0,0.0,0.97996,0.2,1
187,False,1,0.83,0.328441,0.242942,0.009013,0.475982,0.480548,0.0,0.008272,0.0,0.0,0.979961,0.2,1
188,False,1,0.83,0.328459,0.242829,0.009065,0.482675,0.47074,0.0,0.008785,0.0,0.0,0.979963,0.0,1
189,False,1,0.83,0.328476,0.24271,0.012437,0.484386,0.486927,0.0,0.00791,0.0,0.0,0.979964,0.0,1
190,False,1,0.83,0.328492,0.242602,0.013883,0.473544,0.487083,0.0,0.008698,0.0,0.0,0.979966,0.0,1
191,False,1,0.83,0.328508,0.242488,0.01395,0.468935,0.471078,0.0,0.007781,0.0,0.0,0.979967,0.0,1
192,False,1,0.83,0.328523,0.242373,0.013295,0.484896,0.479702,0.0,0.007418,0.0,0.0,0.979968,0.0,1
193,False,1,0.83,0.328538,0.242266,0.012748,0.484152,0.472878,0.0,0.007958,0.0,0.0,0.97997,0.0,1
194,False,1,0.83,0.328551,0.242166,0.011394,0.489805,0.479246,0.0,0.008322,0.0,0.0,0.979971,0.0,1
195,False,1,0.83,0.328565,0.242091,0.008662,0.498315,0.472748,0.0,0.010737,0.0,0.0,0.979972,0.0,1
196,False,1,0.83,0.328577,0.242007,0.009937,0.492479,0.490192,0.0,0.009554,0.0,0.0,0.979973,0.0,1
197,False,1,0.83,0.32859,0.241936,0.010772,0.507307,0.490079,0.0,0.010628,0.0,0.0,0.979974,0.0,1
198,False,1,0.83,0.328601,0.241862,0.010714,0.499869,0.492226,0.0,0.01021,0.0,0.0,0.979975,0.0,1
199,False,1,0.83,0.328613,0.241786,0.010195,0.497188,0.489483,0.0,0.009859,0.0,0.0,0.979976,0.0,1
200,False,1,0.83,0.328624,0.241713,0.010153,0.50856,0.498968,0.0,0.009822,0.0,0.0,0.979977,0.0,1
201,False,1,0.83,0.328634,0.241646,0.009833,0.493817,0.508033,0.0,0.010437,0.0,0.0,0.979978,0.0,1
202,False,1,0.83,0.328644,0.241574,0.008129,0.499856,0.50403,0.0,0.00956,0.0,0.0,0.979979,0.0,1
203,False,1,0.83,0.328654,0.24151,0.007531,0.487474,0.502752,0.0,0.010361,0.0,0.0,0.97998,0.0,1
204,False,1,0.83,0.328663,0.241454,0.0067,0.518191,0.503752,0.0,0.010932,0.0,0.0,0.979981,0.0,1
205,False,1,0.83,0.328671,0.241387,0.005791,0.508506,0.506792,0.0,0.009641,0.0,0.0,0.979981,0.0,1
206,False,1,0.83,0.32868,0.241333,0.00733,0.518956,0.50037,0.0,0.010893,0.0,0.0,0.979982,0.0,1
207,False,1,0.83,0.328688,0.241267,0.008716,0.512726,0.512178,0.0,0.009445,0.0,0.0,0.979983,0.2,1
208,False,1,0.83,0.328696,0.2412,0.010536,0.515476,0.507652,0.0,0.009218,0.0,0.0,0.979984,0.2,1
209,False,1,0.83,0.328703,0.241135,0.01224,0.510871,0.520383,0.0,0.009259,0.0,0.0,0.979984,0.2,1
210,False,1,0.83,0.32871,0.241072,0.013374,0.518093,0.509251,0.0,0.009201,0.0,0.0,0.979985,0.2,1
211,False,1,0.83,0.328717,0.241009,0.013428,0.524871,0.516168,0.0,0.009131,0.0,0.0,0.979985,0.0,1
212,False,1,0.83,0.328724,0.240958,0.01417,0.535553,0.519258,0.0,0.010134,0.0,0.0,0.979986,0.0,1
213,False,1,0.83,0.32873,0.240905,0.014085,0.523771,0.515728,0.0,0.009841,0.0,0.0,0.979987,0.0,1
214,False,1,0.83,0.328736,0.240855,0.013127,0.529765,0.540816,0.0,0.010011,0.0,0.0,0.979987,0.0,1
215,False,1,0.83,0.328742,0.240822,0.013607,0.537698,0.516069,0.0,0.011637,0.0,0.0,0.979988,0.0,1
216,False,1,0.83,0.328748,0.240784,0.013989,0.538967,0.531532,0.0,0.011049,0.0,0.0,0.979988,0.0,1
217,False,1,0.83,0.328753,0.240733,0.011345,0.528437,0.527796,0.0,0.009592,0.0,0.0,0.979989,0.0,1
218,False,1,0.83,0.328758,0.240674,0.013693,0.534637,0.531988,0.0,0.00862,0.0,0.0,0.979989,0.0,1
219,False,1,0.83,0.328763,0.240648,0.014104,0.537672,0.505143,0.0,0.011967,0.0,0.0,0.97999,0.0,1
220,False,1,0.83,0.328768,0.240625,0.016849,0.531275,0.544133,0.0,0.012092,0.0,0.0,0.97999,0.0,1
221,False,1,0.83,0.328772,0.240592,0.014831,0.529123,0.524543,0.0,0.01104,0.0,0.0,0.97999,0.0,1
222,False,1,0.83,0.328777,0.240561,0.015124,0.541099,0.529524,0.0,0.011115,0.0,0.0,0.979991,0.0,1
223,False,1,0.83,0.328781,0.24052,0.012409,0.545751,0.549196,0.0,0.010041,0.0,0.0,0.979991,0.0,1
224,False,1,0.83,0.328785,0.240487,0.008552,0.543376,0.527845,0.0,0.01081,0.0,0.0,0.979991,0.0,1
225,False,1,0.83,0.328789,0.240477,0.008738,0.546546,0.520066,0.0,0.013004,0.0,0.0,0.979992,0.0,1
226,False,1,0.83,0.328793,0.24047,0.005859,0.557336,0.541578,0.0,0.013389,0.0,0.0,0.979992,0.0,1
227,False,1,0.83,0.328796,0.240454,0.006387,0.541437,0.547737,0.0,0.012397,0.0,0.0,0.979992,0.0,1
228,False,1,0.83,0.328799,0.240442,0.005382,0.536453,0.551017,0.0,0.0127,0.0,0.0,0.979993,0.0,1
229,False,1,0.83,0.328803,0.240421,0.006162,0.546072,0.552631,0.0,0.01184,0.0,0.0,0.979993,0.0,1
230,False,1,0.83,0.328806,0.240395,0.008032,0.550068,0.542983,0.0,0.011175,0.0,0.0,0.979993,0.2,1
231,False,1,0.83,0.328809,0.240359,0.009898,0.551646,0.556072,0.0,0.01023,0.0,0.0,0.979994,0.2,1
232,False,1,0.83,0.328812,0.240322,0.008852,0.544923,0.552683,0.0,0.009884,0.0,0.0,0.979994,0.2,1
233,False,1,0.83,0.328815,0.240272,0.00612,0.54641,0.546095,0.0,0.008544,0.0,0.0,0.979994,0.2,1
234,False,1,0.83,0.328817,0.240219,0.007745,0.545533,0.540081,0.0,0.008111,0.0,0.0,0.979994,0.0,1
235,False,1,0.83,0.32882,0.240157,0.011173,0.546274,0.546408,0.0,0.006995,0.0,0.0,0.979995,0.0,1
236,False,1,0.83,0.328822,0.240098,0.007889,0.53253,0.541004,0.0,0.007202,0.0,0.0,0.979995,0.0,1
237,False,1,0.83,0.328824,0.240038,0.007632,0.545267,0.540028,0.0,0.006927,0.0,0.0,0.979995,0.0,1
238,False,1,0.83,0.328827,0.239992,0.011166,0.534077,0.550008,0.0,0.008187,0.0,0.0,0.979995,0.0,1
239,False,1,0.83,0.328829,0.239936,0.006971,0.545312,0.545316,0.0,0.007042,0.0,0.0,0.979995,0.0,1
240,False,1,0.83,0.328831,0.239881,0.007791,0.543277,0.536784,0.0,0.006965,0.0,0.0,0.979996,0.0,1
241,False,1,0.83,0.328833,0.239857,0.010483,0.536351,0.565462,0.0,0.010066,0.0,0.0,0.979996,0.0,1
242,False,1,0.83,0.328835,0.239836,0.010265,0.529572,0.541561,0.0,0.010335,0.0,0.0,0.979996,0.0,1
243,False,1,0.83,0.328837,0.239835,0.009913,0.536643,0.560811,0.0,0.012272,0.0,0.0,0.979996,0.0,1
244,False,1,0.83,0.328838,0.239824,0.004534,0.534038,0.539285,0.0,0.011288,0.0,0.0,0.979996,0.0,1
245,False,1,0.83,0.32884,0.239823,0.002435,0.53085,0.549296,0.0,0.01229,0.0,0.0,0.979996,0.0,1
246,False,1,0.83,0.328842,0.239831,-0.000404,0.530597,0.548943,0.0,0.013138,0.0,0.0,0.979997,0.0,1
247,False,1,0.83,0.328843,0.239859,0.000249,0.522683,0.551083,0.0,0.015275,0.0,0.0,0.979997,0.0,1
248,False,1,0.83,0.328845,0.239878,0.001752,0.540105,0.54928,0.0,0.014421,0.0,0.0,0.979997,0.0,1
249,False,1,0.83,0.328846,0.239906,0.005548,0.524645,0.545939,0.0,0.015383,0.0,0.0,0.979997,0.0,1
250,False,1,0.83,0.328848,0.239953,0.006294,0.51745,0.54698,0.0,0.017364,0.0,0.0,0.979997,0.0,1
251,False,1,0.83,0.328849,0.239983,0.007152,0.532235,0.538423,0.0,0.015799,0.0,0.0,0.979997,0.0,1
252,False,1,0.83,0.32885,0.239996,0.011606,0.527379,0.531338,0.0,0.014141,0.0,0.0,0.979997,0.0,1
253,False,1,0.83,0.328851,0.240034,0.012443,0.519292,0.551801,0.0,0.016713,0.0,0.0,0.979997,0.2,1
254,False,1,0.83,0.328853,0.240084,0.012141,0.517951,0.544149,0.0,0.018041,0.0,0.0,0.979997,0.2,1
255,False,1,0.83,0.328854,0.24012,0.014308,0.520469,0.528922,0.0,0.016698,0.0,0.0,0.979998,0.2,1
256,False,1,0.83,0.328855,0.240175,0.012409,0.515941,0.547713,0.0,0.018808,0.0,0.0,0.979998,0.2,1
257,False,1,0.83,0.328856,0.240236,0.012305,0.514601,0.538051,0.0,0.019458,0.0,0.0,0.979998,0.0,1
258,False,1,0.83,0.328857,0.240312,0.010079,0.511215,0.54311,0.0,0.0212,0.0,0.0,0.979998,0.0,1
259,False,1,0.83,0.328858,0.240403,0.009229,0.507548,0.541686,0.0,0.023011,0.0,0.0,0.979998,0.0,1
260,False,1,0.83,0.328859,0.240493,0.005821,0.50926,0.532625,0.0,0.02306,0.0,0.0,0.979998,0.0,1
