cycle,event,bodies,active_bodies,light,shadow,mercury,agreements,spread,structural_stability,vitality,viability,field_charge,lattice_coherence,recursion_depth,confidence_decay,avg_trust,avg_fatigue,lineage_density,archetype_resonance,elder_feedback,closures,recursions,suspicious_closures,dream_cycles,rem_cycles,healing_cycles,renewal_cycles,new_variants,unknown_events,alpha_alerts,omega_alerts,alpha_alert,omega_alert
1,normal,40,14,0.568184,0.465757,0.547443,3,0.102427,0.84552,0.743495,0.816554,0.59128,0.85787,0,0.022,0.702012,0,0,0.034636,0,1,0,0,1,1,1,0,0,0,0,0,False,False
2,normal,40,14,0.582982,0.512319,0.50309,3,0.079891,0.850874,0.746885,0.822448,0.582715,0.856124,0,0.04224,0.706179,0,0,0.069189,0,2,0,0,2,2,2,0,0,0,0,0,False,False
3,normal,40,14,0.575548,0.498241,0.568137,3,0.077307,0.856068,0.750174,0.828206,0.574546,0.854736,0,0.060861,0.710346,0,0,0.100674,0,3,0,0,3,3,3,0,0,0,0,0,False,False
4,normal,40,14,0.581841,0.494568,0.564579,3,0.087274,0.861106,0.753363,0.833829,0.566909,0.85368,0,0.077992,0.714513,0,0,0.127515,0,4,0,0,4,4,4,0,0,0,0,0,False,False
5,normal,40,14,0.584501,0.498563,0.544956,3,0.085938,0.865993,0.756457,0.83932,0.559638,0.852934,0,0.093753,0.71868,0,0,0.151873,0,5,0,0,5,5,5,0,0,0,0,0,False,False
6,normal,40,14,0.578993,0.464914,0.548513,3,0.114078,0.870733,0.759459,0.844679,0.553082,0.852469,0,0.108252,0.722847,0,0,0.169574,0,6,0,0,6,6,6,0,0,0,0,0,False,False
7,normal,40,14,0.609059,0.472036,0.572164,2,0.137022,0.875331,0.76237,0.84991,0.547141,0.852266,0,0.113592,0.727126,0,0,0.182063,0,7,0,0,7,7,7,0,0,0,0,0,False,False
8,normal,40,14,0.596309,0.491968,0.574413,3,0.104341,0.879791,0.765194,0.855015,0.541088,0.852314,0,0.126505,0.731293,0,0,0.198206,0,8,0,0,8,8,8,0,0,0,0,0,False,False
9,normal,40,14,0.584446,0.494296,0.559569,3,0.090151,0.884117,0.767933,0.859997,0.53516,0.852601,0,0.138384,0.73546,0,0,0.214863,0,9,0,0,9,9,9,0,0,0,0,0,False,False
10,normal,40,14,0.589171,0.492034,0.429122,2,0.16005,0.888314,0.77059,0.864857,0.530403,0.853096,0,0.141314,0.739739,0,0,0.219369,0,10,0,0,10,10,10,0,0,0,0,0,False,False
11,normal,40,14,0.58286,0.504697,0.551831,3,0.078163,0.892385,0.773167,0.869599,0.52486,0.853808,0,0.152009,0.743906,0,0,0.235708,0,11,0,0,11,11,11,0,0,0,0,0,False,False
12,normal,40,14,0.588807,0.491101,0.570004,3,0.097706,0.896478,0.775667,0.874382,0.519838,0.855038,0,0.161848,0.748073,0,0.12105,0.257165,0.6725,12,0,0,12,12,12,0,0,0,0,0,False,False
13,normal,40,14,0.590492,0.495279,0.490478,3,0.100014,0.900577,0.778092,0.879186,0.515097,0.856737,0,0.1709,0.75224,0,0.227574,0.284652,0.6725,13,0,0,13,13,13,0,0,0,0,0,False,False
14,normal,40,14,0.591598,0.487853,0.527483,3,0.103745,0.904665,0.780445,0.883993,0.510638,0.858856,0,0.179228,0.756407,0,0.321315,0.31633,0.6725,14,0,0,14,14,14,0,0,0,0,0,False,False
15,normal,40,14,0.574505,0.49607,0.538957,3,0.078434,0.90873,0.782726,0.888789,0.506087,0.861362,0,0.18689,0.760574,0,0.403807,0.355237,0.6725,15,0,0,15,15,15,0,0,0,0,0,False,False
16,normal,40,14,0.601378,0.489803,0.599198,3,0.111575,0.91276,0.784939,0.893562,0.502177,0.864204,0,0.193939,0.764741,0,0.4764,0.391089,0.6725,16,0,0,16,16,16,0,0,0,0,0,False,False
17,normal,40,14,0.605653,0.487532,0.601546,2,0.11812,0.916745,0.787086,0.898299,0.498545,0.867351,0,0.192424,0.76902,0,0.540282,0.427485,0.6725,17,0,0,17,17,17,0,0,0,0,0,False,False
18,normal,40,14,0.608047,0.505944,0.547911,3,0.102103,0.920679,0.789169,0.902992,0.494894,0.870768,0,0.19903,0.773187,0,0.596498,0.467141,0.6725,18,0,0,18,18,18,0,0,0,0,0,False,False
19,normal,40,14,0.597501,0.513598,0.58618,3,0.083903,0.924553,0.791189,0.907632,0.491198,0.874429,0,0.205107,0.777299,0,0.645969,0.509519,0.6725,19,0,0,19,19,19,0,0,0,0,0,False,False
20,normal,40,14,0.596031,0.461539,0.473774,1,0.134491,0.928364,0.793148,0.912211,0.488319,0.87827,0,0.202699,0.781042,0,0.689502,0.543553,0.6725,20,0,0,20,20,20,0,0,0,0,0,False,False
21,normal,40,14,0.590756,0.47644,0.511105,3,0.114316,0.932107,0.795049,0.916719,0.485332,0.88224,0,0.208483,0.784069,0,0.727812,0.580275,0.6725,21,0,0,21,21,21,0,0,0,0,0,False,False
22,normal,40,14,0.606711,0.464595,0.508054,2,0.142116,0.935777,0.796892,0.921153,0.482842,0.886309,0,0.205804,0.787072,0,0.761525,0.611853,0.6725,22,0,0,22,22,22,0,0,0,0,0,False,False
23,normal,40,14,0.603499,0.479237,0.549009,2,0.124262,0.939373,0.79868,0.925508,0.480253,0.890453,0,0.20334,0.789814,0,0.791192,0.645323,0.6725,23,0,0,23,23,23,0,0,0,0,0,False,False
24,normal,40,14,0.56944,0.485473,0.632209,2,0.146736,0.942893,0.800415,0.92978,0.478075,0.894638,0,0.201073,0.792311,0,0.817299,0.674165,0.6725,24,0,0,24,24,24,0,0,0,0,0,False,False
25,normal,40,14,0.583428,0.497343,0.569991,3,0.086084,0.946335,0.802097,0.933967,0.475247,0.898861,0,0.206987,0.794654,0,0.840273,0.711057,0.6725,25,0,0,25,25,25,0,0,0,0,0,False,False
26,normal,40,14,0.618946,0.505157,0.51454,3,0.113789,0.949697,0.80373,0.938066,0.472907,0.903103,0,0.212428,0.796997,0,0.86049,0.741722,0.6725,26,0,0,26,26,26,0,0,0,0,0,False,False
27,normal,40,14,0.605493,0.508458,0.454115,2,0.151378,0.95298,0.805313,0.942078,0.471154,0.907342,0,0.209434,0.799376,0,0.878281,0.765106,0.6725,27,0,0,27,27,27,0,0,0,0,0,False,False
28,normal,40,14,0.605448,0.499619,0.634917,2,0.135298,0.956183,0.806848,0.945998,0.469288,0.911556,0,0.206679,0.801331,0,0.893938,0.789816,0.6725,28,0,0,28,28,28,0,0,0,0,0,False,False
29,normal,40,14,0.620132,0.490779,0.545545,2,0.129354,0.959307,0.808338,0.949828,0.46744,0.915738,0,0.204145,0.80325,0,0.907715,0.814048,0.6725,29,0,0,29,29,29,0,0,0,0,0,False,False
30,normal,40,14,0.609203,0.498548,0.502728,3,0.110655,0.962352,0.809783,0.953567,0.465451,0.919878,0,0.209813,0.804956,0,0.919839,0.839632,0.6725,30,0,0,30,30,30,0,0,0,0,0,False,False
31,normal,40,14,0.612101,0.491179,0.428057,1,0.184044,0.965318,0.811184,0.957213,0.464479,0.923947,0,0.207028,0.806639,0,0.930509,0.852503,0.6725,31,0,0,31,31,31,0,0,0,0,0,False,False
32,normal,40,14,0.606058,0.498686,0.571447,3,0.107372,0.968206,0.812544,0.960769,0.462597,0.927958,0,0.212466,0.808102,0,0.939898,0.876339,0.6725,32,0,0,32,32,32,0,0,0,0,0,False,False
33,normal,40,14,0.595206,0.503824,0.518015,3,0.091382,0.971018,0.813862,0.964235,0.46061,0.931897,0,0.217469,0.809305,0,0.94816,0.90085,0.6725,33,0,0,33,33,33,0,0,0,0,0,False,False
34,normal,40,14,0.614397,0.477083,0.552042,2,0.137314,0.973754,0.815141,0.967611,0.459296,0.93575,0,0.214071,0.810516,0,0.955431,0.916603,0.6725,34,0,0,34,34,34,0,0,0,0,0,False,False
35,normal,40,14,0.59593,0.493473,0.571851,3,0.102457,0.976415,0.816382,0.970897,0.457612,0.939515,0,0.218945,0.811507,0,0.961829,0.93652,0.6725,35,0,0,35,35,35,0,0,0,0,0,False,False
36,normal,40,14,0.590035,0.497914,0.521259,3,0.092121,0.979004,0.817586,0.974097,0.455883,0.943195,0,0.22343,0.812482,0,0.967459,0.956447,0.6725,36,0,0,36,36,36,0,0,0,0,0,False,False
37,normal,40,14,0.592662,0.490338,0.656407,2,0.166069,0.981521,0.818753,0.977208,0.455164,0.946767,0,0.219555,0.813457,0,0.972414,0.963685,0.6725,37,0,0,37,37,37,0,0,0,0,0,False,False
38,normal,40,14,0.589744,0.475393,0.554665,3,0.11435,0.983967,0.819886,0.980235,0.453836,0.950248,0,0.223991,0.814432,0,0.976775,0.978306,0.6725,38,0,0,38,38,38,0,0,0,0,0,False,False
39,normal,40,14,0.595995,0.486699,0.424895,2,0.1711,0.986345,0.820984,0.983178,0.453283,0.953624,0,0.220072,0.815407,0,0.980612,0.983259,0.6725,39,0,0,39,39,39,0,0,0,0,0,False,False
40,normal,40,14,0.591898,0.490017,0.631335,2,0.141317,0.988655,0.82205,0.986039,0.452385,0.956907,0,0.216466,0.816382,0,0.983988,0.992455,0.6725,40,0,0,40,40,40,0,0,0,0,0,False,False
41,normal,40,14,0.586936,0.497413,0.601381,3,0.103969,0.9909,0.823083,0.98882,0.451065,0.960097,0,0.221149,0.817357,0,0.98696,1,0.6725,41,0,0,41,41,41,0,0,0,0,0,False,False
42,normal,40,14,0.605072,0.500317,0.572873,3,0.104755,0.99308,0.824086,0.991521,0.449821,0.963183,0,0.225457,0.818332,0,0.989575,1,0.6725,42,0,0,42,42,42,0,0,0,0,0,False,False
43,normal,40,14,0.597758,0.494687,0.515314,3,0.103071,0.995198,0.825058,0.994146,0.448619,0.966169,0,0.22942,0.819307,0,0.991876,1,0.6725,43,0,0,43,43,43,0,0,0,0,0,False,False
44,normal,40,14,0.577039,0.477718,0.519305,3,0.099321,0.997255,0.826001,0.996695,0.447429,0.969059,0,0.233067,0.820282,0,0.993901,1,0.6725,44,0,0,44,44,44,0,0,0,0,0,False,False
45,normal,40,14,0.599496,0.50895,0.626603,2,0.117653,0.999252,0.826916,0.999171,0.446528,0.971858,0,0.228421,0.821257,0,0.995682,1,0.6725,45,0,0,45,45,45,0,0,0,0,0,False,False
46,normal,40,14,0.589464,0.482711,0.500901,3,0.106753,1,0.827804,1,0.445536,0.97457,0,0.232148,0.822232,0,0.997251,1,0.6725,46,0,0,46,46,46,0,0,0,0,0,False,False
47,normal,40,14,0.583124,0.493966,0.563639,3,0.089159,1,0.828665,1,0.444374,0.977198,0,0.235576,0.823207,0,0.99863,1,0.6725,47,0,0,47,47,47,0,0,0,0,0,False,False
48,normal,40,14,0.591862,0.4813,0.55907,3,0.110563,1,0.8295,1,0.443537,0.979747,0,0.23873,0.824182,0,0.999845,1,0.6725,48,0,0,48,48,48,0,0,0,0,0,False,False
49,normal,40,14,0.606795,0.495456,0.515022,3,0.111339,1,0.83031,1,0.442752,0.982218,0,0.241631,0.825157,0,1,1,0.6725,49,0,0,49,49,49,0,0,0,0,0,False,False
50,normal,40,14,0.606041,0.471332,0.59869,1,0.134709,1,0.831095,1,0.442299,0.984613,0,0.236301,0.826132,0,1,1,0.6725,50,0,0,50,50,50,0,0,0,0,0,False,False
51,normal,40,14,0.586757,0.504405,0.567773,3,0.082352,1,0.831858,1,0.441213,0.986938,0,0.239397,0.827107,0,1,1,0.6725,51,0,0,51,51,51,0,0,0,0,0,False,False
52,normal,40,14,0.591002,0.486825,0.565618,3,0.104176,1,0.832597,1,0.440455,0.989195,0,0.242245,0.828082,0,1,1,0.6725,52,0,0,52,52,52,0,0,0,0,0,False,False
53,normal,40,14,0.607663,0.522793,0.568516,3,0.08487,1,0.833314,1,0.439493,0.991388,0,0.244865,0.829057,0,1,1,0.6725,53,0,0,53,53,53,0,0,0,0,0,False,False
54,normal,40,14,0.596247,0.492037,0.569135,3,0.10421,1,0.834009,1,0.438821,0.993521,0,0.247276,0.830032,0,1,1,0.6725,54,0,0,54,54,54,0,0,0,0,0,False,False
55,normal,40,14,0.609246,0.518615,0.538953,3,0.09063,1,0.834684,1,0.438013,0.995595,0,0.249494,0.831007,0,1,1,0.6725,55,0,0,55,55,55,0,0,0,0,0,False,False
56,normal,40,14,0.598724,0.488469,0.511674,3,0.110255,1,0.835339,1,0.43749,0.996099,0,0.251535,0.831982,0,1,1,0.6725,56,0,0,56,56,56,0,0,0,0,0,False,False
57,normal,40,14,0.58577,0.505989,0.554099,3,0.079781,1,0.835974,1,0.436613,0.996148,0,0.253412,0.832957,0,1,1,0.6725,57,0,0,57,57,57,0,0,0,0,0,False,False
58,normal,40,14,0.588204,0.478043,0.588312,3,0.110269,1,0.836589,1,0.436161,0.996197,0,0.255139,0.833932,0,1,1,0.6725,58,0,0,58,58,58,0,0,0,0,0,False,False
59,normal,40,14,0.59142,0.486738,0.549542,3,0.104682,1,0.837187,1,0.435661,0.996245,0,0.256728,0.834907,0,1,1,0.6725,59,0,0,59,59,59,0,0,0,0,0,False,False
60,normal,40,14,0.595368,0.505897,0.527617,3,0.089471,1,0.837766,1,0.434996,0.996294,0,0.25819,0.835882,0,1,1,0.6725,60,0,0,60,60,60,0,0,0,0,0,False,False
61,normal,40,14,0.598073,0.512413,0.544515,3,0.08566,1,0.838328,1,0.434317,0.996343,0,0.259534,0.836857,0,1,1,0.6725,61,0,0,61,61,61,0,0,0,0,0,False,False
62,normal,40,14,0.622447,0.475594,0.542859,2,0.146853,1,0.838873,1,0.434437,0.996392,0,0.252772,0.837832,0,1,1,0.6725,62,0,0,62,62,62,0,0,0,0,0,False,False
63,normal,40,14,0.597797,0.487773,0.6028,2,0.115027,1,0.839402,1,0.434153,0.99644,0,0.24655,0.838807,0,1,1,0.6725,63,0,0,63,63,63,0,0,0,0,0,False,False
64,normal,40,14,0.592636,0.509652,0.503537,3,0.089099,1,0.839915,1,0.433559,0.996489,0,0.248826,0.839782,0,1,1,0.6725,64,0,0,64,64,64,0,0,0,0,0,False,False
65,normal,40,14,0.604516,0.513908,0.569703,3,0.090608,1,0.840412,1,0.433014,0.996538,0,0.25092,0.840757,0,1,1,0.6725,65,0,0,65,65,65,0,0,0,0,0,False,False
66,normal,40,14,0.584701,0.49066,0.543262,3,0.094041,1,0.840895,1,0.432539,0.996587,0,0.252846,0.841732,0,1,1,0.6725,66,0,0,66,66,66,0,0,0,0,0,False,False
67,normal,40,14,0.596655,0.488699,0.564911,3,0.107955,1,0.841363,1,0.432261,0.996635,0,0.254619,0.842707,0,1,1,0.6725,67,0,0,67,67,67,0,0,0,0,0,False,False
68,normal,40,14,0.620829,0.477316,0.535006,2,0.143513,1,0.841817,1,0.432442,0.996684,0,0.248249,0.843682,0,1,1,0.6725,68,0,0,68,68,68,0,0,0,0,0,False,False
69,normal,40,14,0.62305,0.506102,0.537698,2,0.116949,1,0.842258,1,0.432282,0.996733,0,0.242389,0.844657,0,1,1,0.6725,69,0,0,69,69,69,0,0,0,0,0,False,False
70,normal,40,14,0.608672,0.496903,0.615707,2,0.118804,1,0.842685,1,0.432153,0.996782,0,0.236998,0.845632,0,1,1,0.6725,70,0,0,70,70,70,0,0,0,0,0,False,False
71,normal,40,14,0.598425,0.493956,0.525959,3,0.10447,1,0.8431,1,0.431851,0.99683,0,0.240038,0.846607,0,1,1,0.6725,71,0,0,71,71,71,0,0,0,0,0,False,False
72,normal,40,14,0.60277,0.495466,0.592289,3,0.107304,1,0.843502,1,0.4316,0.996879,0,0.242835,0.847582,0,1,1,0.6725,72,0,0,72,72,72,0,0,0,0,0,False,False
73,normal,40,14,0.598082,0.490752,0.578904,3,0.10733,1,0.843892,1,0.431361,0.996928,0,0.245408,0.848557,0,1,1,0.6725,73,0,0,73,73,73,0,0,0,0,0,False,False
74,normal,40,14,0.601102,0.507358,0.610737,3,0.10338,1,0.84427,1,0.431086,0.996977,0,0.247776,0.849532,0,1,1,0.6725,74,0,0,74,74,74,0,0,0,0,0,False,False
75,normal,40,14,0.608037,0.495711,0.592735,3,0.112326,1,0.844637,1,0.430935,0.997025,0,0.249954,0.850507,0,1,1,0.6725,75,0,0,75,75,75,0,0,0,0,0,False,False
76,normal,40,14,0.590282,0.491666,0.600861,3,0.109195,1,0.844993,1,0.430754,0.997074,0,0.251957,0.851482,0,1,1,0.6725,76,0,0,76,76,76,0,0,0,0,0,False,False
77,normal,40,14,0.615512,0.515014,0.643339,2,0.128325,1,0.845338,1,0.43082,0.997123,0,0.245801,0.852457,0,1,1,0.6725,77,0,0,77,77,77,0,0,0,0,0,False,False
78,normal,40,14,0.596045,0.499657,0.521036,3,0.096388,1,0.845673,1,0.430484,0.997172,0,0.248137,0.853432,0,1,1,0.6725,78,0,0,78,78,78,0,0,0,0,0,False,False
79,normal,40,14,0.602721,0.507892,0.51069,3,0.094829,1,0.845997,1,0.430145,0.99722,0,0.250286,0.854407,0,1,1,0.6725,79,0,0,79,79,79,0,0,0,0,0,False,False
80,normal,40,14,0.586198,0.487979,0.572152,3,0.098219,1,0.846313,1,0.429865,0.997269,0,0.252263,0.855382,0,1,1,0.6725,80,0,0,80,80,80,0,0,0,0,0,False,False
81,normal,40,14,0.593834,0.503433,0.521539,3,0.090401,1,0.846618,1,0.429502,0.997318,0,0.254082,0.856357,0,1,1,0.6725,81,0,0,81,81,81,0,0,0,0,0,False,False
82,normal,40,14,0.619285,0.48212,0.577513,2,0.137164,1,0.846915,1,0.429742,0.997367,0,0.247755,0.857332,0,1,1,0.6725,82,0,0,82,82,82,0,0,0,0,0,False,False
83,normal,40,14,0.61757,0.507596,0.549588,3,0.109973,1,0.847202,1,0.429629,0.997415,0,0.249935,0.858307,0,1,1,0.6725,83,0,0,83,83,83,0,0,0,0,0,False,False
84,normal,40,14,0.625663,0.514593,0.537517,3,0.11107,1,0.847481,1,0.429536,0.997464,0,0.25194,0.859282,0,1,1,0.6725,84,0,0,84,84,84,0,0,0,0,0,False,False
85,normal,40,14,0.584075,0.51644,0.628261,3,0.111821,1,0.847752,1,0.429457,0.997513,0,0.253785,0.860257,0,1,1,0.6725,85,0,0,85,85,85,0,0,0,0,0,False,False
86,normal,40,14,0.591861,0.478898,0.571934,3,0.112962,1,0.848014,1,0.429396,0.997562,0,0.255482,0.861232,0,1,1,0.6725,86,0,0,86,86,86,0,0,0,0,0,False,False
87,normal,40,14,0.585183,0.496735,0.51124,3,0.088449,1,0.848269,1,0.429032,0.99761,0,0.257044,0.862207,0,1,1,0.6725,87,0,0,87,87,87,0,0,0,0,0,False,False
88,normal,40,14,0.59999,0.502761,0.566211,3,0.097229,1,0.848516,1,0.428796,0.997659,0,0.25848,0.863182,0,1,1,0.6725,88,0,0,88,88,88,0,0,0,0,0,False,False
89,normal,40,14,0.604321,0.494329,0.578934,3,0.109992,1,0.848755,1,0.428731,0.997708,0,0.259802,0.864157,0,1,1,0.6725,89,0,0,89,89,89,0,0,0,0,0,False,False
90,normal,40,14,0.604803,0.490162,0.676407,2,0.186244,1,0.848988,1,0.429622,0.997757,0,0.253018,0.865132,0,1,1,0.6725,90,0,0,90,90,90,0,0,0,0,0,False,False
91,normal,40,14,0.595966,0.509213,0.625402,2,0.116189,1,0.849213,1,0.429594,0.997805,0,0.246776,0.866107,0,1,1,0.6725,91,0,0,91,91,91,0,0,0,0,0,False,False
92,normal,40,14,0.588772,0.492752,0.494904,3,0.09602,1,0.849432,1,0.429314,0.997854,0,0.249034,0.867082,0,1,1,0.6725,92,0,0,92,92,92,0,0,0,0,0,False,False
93,normal,40,14,0.626822,0.50801,0.441522,1,0.1853,1,0.849644,1,0.430165,0.997903,0,0.243111,0.868057,0,1,1,0.6725,93,0,0,93,93,93,0,0,0,0,0,False,False
94,normal,40,14,0.599787,0.500059,0.538089,3,0.099728,1,0.849849,1,0.429903,0.997952,0,0.245662,0.869032,0,1,1,0.6725,94,0,0,94,94,94,0,0,0,0,0,False,False
95,normal,40,14,0.609511,0.496012,0.545385,3,0.113499,1,0.850049,1,0.429827,0.998,0,0.248009,0.870007,0,1,1,0.6725,95,0,0,95,95,95,0,0,0,0,0,False,False
96,normal,40,14,0.606626,0.506468,0.530735,3,0.100158,1,0.850242,1,0.429587,0.998049,0,0.250169,0.870982,0,1,1,0.6725,96,0,0,96,96,96,0,0,0,0,0,False,False
97,normal,40,14,0.601639,0.542009,0.455202,2,0.146437,1,0.85043,1,0.429938,0.998098,0,0.244155,0.871957,0,1,1,0.6725,97,0,0,97,97,97,0,0,0,0,0,False,False
98,normal,40,14,0.600037,0.49765,0.5971,3,0.102387,1,0.850612,1,0.429721,0.998147,0,0.246623,0.872932,0,1,1,0.6725,98,0,0,98,98,98,0,0,0,0,0,False,False
99,normal,40,14,0.605365,0.49912,0.498046,3,0.107319,1,0.850789,1,0.429577,0.998195,0,0.248893,0.873907,0,1,1,0.6725,99,0,0,99,99,99,0,0,0,0,0,False,False
100,normal,40,14,0.613101,0.498177,0.472703,2,0.140398,1,0.85096,1,0.429853,0.998244,0,0.242981,0.874882,0,1,1,0.6725,100,0,0,100,100,100,0,0,0,0,0,False,False
101,normal,40,14,0.613208,0.47252,0.550538,2,0.140689,1,0.851126,1,0.430119,0.998293,0,0.237543,0.875857,0,1,1,0.6725,101,0,0,101,101,101,0,0,0,0,0,False,False
102,normal,40,14,0.593437,0.491351,0.539304,3,0.102086,1,0.851288,1,0.429889,0.998342,0,0.24054,0.876832,0,1,1,0.6725,102,0,0,102,102,102,0,0,0,0,0,False,False
103,normal,40,14,0.592972,0.497296,0.445596,2,0.147376,1,0.851444,1,0.430237,0.99839,0,0.235296,0.877807,0,1,1,0.6725,103,0,0,103,103,103,0,0,0,0,0,False,False
104,normal,40,14,0.596697,0.493118,0.524861,3,0.103578,1,0.851596,1,0.43002,0.998439,0,0.238473,0.878782,0,1,1,0.6725,104,0,0,104,104,104,0,0,0,0,0,False,False
105,normal,40,14,0.607872,0.494428,0.478661,2,0.129211,1,0.851743,1,0.430134,0.998488,0,0.233395,0.879757,0,1,1,0.6725,105,0,0,105,105,105,0,0,0,0,0,False,False
106,normal,40,14,0.59001,0.492216,0.561733,3,0.097794,1,0.851885,1,0.42985,0.998537,0,0.236723,0.880732,0,1,1,0.6725,106,0,0,106,106,106,0,0,0,0,0,False,False
107,normal,40,14,0.587448,0.49772,0.583141,3,0.089727,1,0.852024,1,0.429479,0.998585,0,0.239785,0.881707,0,1,1,0.6725,107,0,0,107,107,107,0,0,0,0,0,False,False
108,normal,40,14,0.606161,0.494246,0.558134,3,0.111915,1,0.852158,1,0.429404,0.998634,0,0.242603,0.882682,0,1,1,0.6725,108,0,0,108,108,108,0,0,0,0,0,False,False
109,normal,40,14,0.592845,0.475719,0.607869,1,0.13215,1,0.852288,1,0.429585,0.998681,0,0.237194,0.883622,0,1,1,0.6725,109,0,0,109,109,109,0,0,0,0,0,False,False
110,normal,40,14,0.598976,0.50751,0.597132,3,0.091465,1,0.852415,1,0.429249,0.998728,0,0.240219,0.884559,0,1,1,0.6725,110,0,0,110,110,110,0,0,0,0,0,False,False
111,normal,40,14,0.587923,0.488823,0.625884,2,0.137061,1,0.852537,1,0.4295,0.998775,0,0.235001,0.885497,0,1,1,0.6725,111,0,0,111,111,111,0,0,0,0,0,False,False
112,normal,40,14,0.609897,0.497009,0.565356,3,0.112889,1,0.852656,1,0.429436,0.998822,0,0.238201,0.886434,0,1,1,0.6725,112,0,0,112,112,112,0,0,0,0,0,False,False
113,normal,40,14,0.60816,0.514203,0.578644,3,0.093957,1,0.852772,1,0.429139,0.998869,0,0.241145,0.887372,0,1,1,0.6725,113,0,0,113,113,113,0,0,0,0,0,False,False
114,normal,40,14,0.618958,0.488001,0.514732,2,0.130957,1,0.852883,1,0.429319,0.998915,0,0.235853,0.888309,0,1,1,0.6725,114,0,0,114,114,114,0,0,0,0,0,False,False
115,normal,40,14,0.611321,0.510323,0.516976,3,0.100998,1,0.852992,1,0.429115,0.998962,0,0.238985,0.889247,0,1,1,0.6725,115,0,0,115,115,115,0,0,0,0,0,False,False
116,normal,40,14,0.583837,0.482934,0.628417,2,0.145483,1,0.853097,1,0.429478,0.999008,0,0.233866,0.890167,0,1,1,0.6725,116,0,0,116,116,116,0,0,0,0,0,False,False
117,normal,40,14,0.592396,0.50514,0.584092,3,0.087255,1,0.853199,1,0.429095,0.999053,0,0.237157,0.891067,0,1,1,0.6725,117,0,0,117,117,117,0,0,0,0,0,False,False
118,normal,40,14,0.605349,0.484112,0.552138,2,0.121237,1,0.853298,1,0.429156,0.999097,0,0.232185,0.891931,0,1,1,0.6725,118,0,0,118,118,118,0,0,0,0,0,False,False
119,normal,40,14,0.587458,0.518425,0.494129,3,0.093329,1,0.853394,1,0.428865,0.999138,0,0.23561,0.892759,0,1,1,0.6725,119,0,0,119,119,119,0,0,0,0,0,False,False
120,normal,40,14,0.60214,0.493959,0.575725,3,0.10818,1,0.853487,1,0.428774,0.999179,0,0.238761,0.893584,0,1,1,0.6725,120,0,0,120,120,120,0,0,0,0,0,False,False
121,normal,40,14,0.604829,0.503858,0.58591,3,0.100971,1,0.853578,1,0.428597,0.99922,0,0.24166,0.894409,0,1,1,0.6725,121,0,0,121,121,121,0,0,0,0,0,False,False
122,normal,40,14,0.599035,0.513451,0.588145,3,0.085585,1,0.853665,1,0.428237,0.999262,0,0.244327,0.895234,0,1,1,0.6725,122,0,0,122,122,122,0,0,0,0,0,False,False
123,normal,40,14,0.614742,0.505236,0.574639,3,0.109506,1,0.853751,1,0.428194,0.999303,0,0.246781,0.896059,0,1,1,0.6725,123,0,0,123,123,123,0,0,0,0,0,False,False
124,normal,40,14,0.605694,0.522385,0.573093,3,0.083309,1,0.853833,1,0.427826,0.999344,0,0.249039,0.896884,0,1,1,0.6725,124,0,0,124,124,124,0,0,0,0,0,False,False
125,normal,40,14,0.602359,0.482482,0.55096,2,0.119876,1,0.853913,1,0.427933,0.999385,0,0.243116,0.897709,0,1,1,0.6725,125,0,0,125,125,125,0,0,0,0,0,False,False
126,normal,40,14,0.62233,0.497839,0.553014,2,0.124491,1,0.853991,1,0.428092,0.999427,0,0.237666,0.898534,0,1,1,0.6725,126,0,0,126,126,126,0,0,0,0,0,False,False
127,normal,40,14,0.598219,0.491612,0.526277,3,0.106607,1,0.854066,1,0.42802,0.999468,0,0.240653,0.899359,0,1,1,0.6725,127,0,0,127,127,127,0,0,0,0,0,False,False
128,normal,40,14,0.597963,0.486253,0.634613,2,0.148361,1,0.854139,1,0.428474,0.999509,0,0.235401,0.900184,0,1,1,0.6725,128,0,0,128,128,128,0,0,0,0,0,False,False
129,normal,40,14,0.582946,0.498841,0.622298,2,0.123458,1,0.85421,1,0.428593,0.99955,0,0.230569,0.901009,0,1,1,0.6725,129,0,0,129,129,129,0,0,0,0,0,False,False
130,normal,40,14,0.615174,0.489657,0.5889,2,0.125517,1,0.854278,1,0.428733,0.999592,0,0.226123,0.901834,0,1,1,0.6725,130,0,0,130,130,130,0,0,0,0,0,False,False
131,normal,40,14,0.590016,0.490855,0.539565,3,0.099162,1,0.854345,1,0.428535,0.999633,0,0.230033,0.902659,0,1,1,0.6725,131,0,0,131,131,131,0,0,0,0,0,False,False
132,normal,40,14,0.581043,0.514374,0.585862,3,0.071489,1,0.85441,1,0.428002,0.999674,0,0.233631,0.903484,0,1,1,0.6725,132,0,0,132,132,132,0,0,0,0,0,False,False
133,normal,40,14,0.598873,0.493285,0.561201,3,0.105589,1,0.854472,1,0.427922,0.999715,0,0.23694,0.904309,0,1,1,0.6725,133,0,0,133,133,133,0,0,0,0,0,False,False
134,normal,40,14,0.606473,0.510649,0.525299,3,0.095824,1,0.854533,1,0.427724,0.999757,0,0.239985,0.905134,0,1,1,0.6725,134,0,0,134,134,134,0,0,0,0,0,False,False
135,normal,40,14,0.609259,0.498064,0.523097,3,0.111196,1,0.854592,1,0.427728,0.999798,0,0.242786,0.905959,0,1,1,0.6725,135,0,0,135,135,135,0,0,0,0,0,False,False
136,normal,40,14,0.596838,0.493809,0.505774,3,0.103028,1,0.85465,1,0.427629,0.999838,0,0.245363,0.906757,0,1,1,0.6725,136,0,0,136,136,136,0,0,0,0,0,False,False
137,normal,40,14,0.608689,0.49041,0.603693,2,0.118279,1,0.854705,1,0.427726,0.999875,0,0.239734,0.907509,0,1,1,0.6725,137,0,0,137,137,137,0,0,0,0,0,False,False
138,normal,40,14,0.612497,0.490099,0.560281,2,0.122398,1,0.854759,1,0.42787,0.999913,0,0.234555,0.908259,0,1,1,0.6725,138,0,0,138,138,138,0,0,0,0,0,False,False
139,normal,40,14,0.579859,0.483002,0.568961,3,0.096857,1,0.854811,1,0.427687,0.99995,0,0.237791,0.909009,0,1,1,0.6725,139,0,0,139,139,139,0,0,0,0,0,False,False
140,normal,40,14,0.591739,0.50905,0.534209,3,0.082689,1,0.854862,1,0.427336,0.999988,0,0.240768,0.909755,0,1,1,0.6725,140,0,0,140,140,140,0,0,0,0,0,False,False
141,normal,40,14,0.615276,0.491698,0.487487,1,0.127789,1,0.854911,1,0.427567,1,0,0.235506,0.910468,0,1,1,0.6725,141,0,0,141,141,141,0,0,0,0,0,False,False
142,normal,40,14,0.614845,0.494839,0.530243,2,0.120006,1,0.854959,1,0.427688,1,0,0.230666,0.91118,0,1,1,0.6725,142,0,0,142,142,142,0,0,0,0,0,False,False
143,normal,40,14,0.622537,0.498638,0.626838,1,0.1282,1,0.855005,1,0.427907,1,0,0.226213,0.911893,0,1,1,0.6725,143,0,0,143,143,143,0,0,0,0,0,False,False
144,normal,40,14,0.599753,0.509865,0.540881,3,0.089888,1,0.85505,1,0.427635,1,0,0.230116,0.912597,0,1,1,0.6725,144,0,0,144,144,144,0,0,0,0,0,False,False
145,normal,40,14,0.601991,0.489252,0.610676,2,0.121424,1,0.855093,1,0.427771,1,0,0.225706,0.913272,0,1,1,0.6725,145,0,0,145,145,145,0,0,0,0,0,False,False
146,normal,40,14,0.61117,0.497667,0.511075,3,0.113503,1,0.855135,1,0.427801,1,0,0.22965,0.913947,0,1,1,0.6725,146,0,0,146,146,146,0,0,0,0,0,False,False
147,normal,40,14,0.584031,0.510024,0.519825,3,0.074007,1,0.855176,1,0.427336,1,0,0.233278,0.914622,0,1,1,0.6725,147,0,0,147,147,147,0,0,0,0,0,False,False
148,normal,40,14,0.599232,0.509203,0.520137,3,0.090028,1,0.855216,1,0.427095,1,0,0.236616,0.915297,0,1,1,0.6725,148,0,0,148,148,148,0,0,0,0,0,False,False
149,normal,40,14,0.600499,0.491244,0.545008,3,0.109255,1,0.855255,1,0.427106,1,0,0.239686,0.915972,0,1,1,0.6725,149,0,0,149,149,149,0,0,0,0,0,False,False
150,normal,40,14,0.615824,0.505567,0.564084,3,0.110257,1,0.855292,1,0.427129,1,0,0.242511,0.916643,0,1,1,0.6725,150,0,0,150,150,150,0,0,0,0,0,False,False
151,normal,40,14,0.588702,0.490405,0.505554,3,0.098297,1,0.855328,1,0.427001,1,0,0.245111,0.91728,0,1,1,0.6725,151,0,0,151,151,151,0,0,0,0,0,False,False
152,normal,40,14,0.593229,0.520043,0.534921,3,0.073186,1,0.855363,1,0.426566,1,0,0.247502,0.917918,0,1,1,0.6725,152,0,0,152,152,152,0,0,0,0,0,False,False
153,normal,40,14,0.588377,0.515685,0.514544,3,0.073833,1,0.855397,1,0.42616,1,0,0.249702,0.918545,0,1,1,0.6725,153,0,0,153,153,153,0,0,0,0,0,False,False
154,normal,40,14,0.610399,0.495844,0.569457,3,0.114555,1,0.855431,1,0.426284,1,0,0.251725,0.919145,0,1,1,0.6725,154,0,0,154,154,154,0,0,0,0,0,False,False
155,normal,40,14,0.587007,0.493788,0.538565,3,0.093219,1,0.855463,1,0.426135,1,0,0.253587,0.919745,0,1,1,0.6725,155,0,0,155,155,155,0,0,0,0,0,False,False
156,normal,40,14,0.606079,0.496335,0.565844,3,0.109744,1,0.855494,1,0.4262,1,0,0.2553,0.92033,0,1,1,0.6725,156,0,0,156,156,156,0,0,0,0,0,False,False
157,normal,40,14,0.620386,0.497351,0.462343,1,0.158043,1,0.855524,1,0.426866,1,0,0.248876,0.920892,0,1,1,0.6725,157,0,0,157,157,157,0,0,0,0,0,False,False
158,normal,40,14,0.593086,0.509026,0.561727,3,0.084061,1,0.855553,1,0.426573,1,0,0.250966,0.921455,0,1,1,0.6725,158,0,0,158,158,158,0,0,0,0,0,False,False
159,normal,40,14,0.611798,0.483414,0.596287,2,0.128384,1,0.855582,1,0.426849,1,0,0.244889,0.922017,0,1,1,0.6725,159,0,0,159,159,159,0,0,0,0,0,False,False
160,normal,40,14,0.596016,0.519584,0.614013,3,0.094429,1,0.855609,1,0.426687,1,0,0.247298,0.92258,0,1,1,0.6725,160,0,0,160,160,160,0,0,0,0,0,False,False
161,normal,40,14,0.599902,0.510527,0.482652,2,0.117251,1,0.855636,1,0.426819,1,0,0.241514,0.923142,0,1,1,0.6725,161,0,0,161,161,161,0,0,0,0,0,False,False
162,normal,40,14,0.602766,0.480169,0.629946,1,0.149777,1,0.855662,1,0.42735,1,0,0.236193,0.923668,0,1,1,0.6725,162,0,0,162,162,162,0,0,0,0,0,False,False
163,normal,40,14,0.593726,0.503552,0.555548,3,0.090174,1,0.855687,1,0.42711,1,0,0.239297,0.924193,0,1,1,0.6725,163,0,0,163,163,163,0,0,0,0,0,False,False
164,normal,40,14,0.599175,0.525667,0.569076,3,0.073509,1,0.855711,1,0.426673,1,0,0.242154,0.924718,0,1,1,0.6725,164,0,0,164,164,164,0,0,0,0,0,False,False
165,normal,40,14,0.603138,0.513125,0.603034,3,0.090013,1,0.855735,1,0.426464,1,0,0.244781,0.925209,0,1,1,0.6725,165,0,0,165,165,165,0,0,0,0,0,False,False
166,normal,40,14,0.598529,0.477672,0.544075,2,0.120858,1,0.855758,1,0.426652,1,0,0.239199,0.925696,0,1,1,0.6725,166,0,0,166,166,166,0,0,0,0,0,False,False
167,normal,40,14,0.596007,0.473631,0.511096,2,0.122376,1,0.85578,1,0.426849,1,0,0.234063,0.926184,0,1,1,0.6725,167,0,0,167,167,167,0,0,0,0,0,False,False
168,normal,40,14,0.604211,0.509959,0.60465,3,0.094691,1,0.855802,1,0.42669,1,0,0.237338,0.926671,0,1,1,0.6725,168,0,0,168,168,168,0,0,0,0,0,False,False
169,normal,40,14,0.60577,0.475546,0.565215,2,0.130224,1,0.855823,1,0.426984,1,0,0.232351,0.927123,0,1,1,0.6725,169,0,0,169,169,169,0,0,0,0,0,False,False
170,normal,40,14,0.589949,0.523556,0.52938,3,0.066393,1,0.855843,1,0.426464,1,0,0.235763,0.927573,0,1,1,0.6725,170,0,0,170,170,170,0,0,0,0,0,False,False
171,normal,40,14,0.593213,0.486521,0.57667,3,0.106692,1,0.855863,1,0.426475,1,0,0.238902,0.928023,0,1,1,0.6725,171,0,0,171,171,171,0,0,0,0,0,False,False
172,normal,40,14,0.594859,0.49858,0.591138,3,0.096279,1,0.855882,1,0.426354,1,0,0.24179,0.928473,0,1,1,0.6725,172,0,0,172,172,172,0,0,0,0,0,False,False
173,normal,40,14,0.620749,0.522382,0.617223,3,0.098367,1,0.8559,1,0.426266,1,0,0.244446,0.928923,0,1,1,0.6725,173,0,0,173,173,173,0,0,0,0,0,False,False
174,normal,40,14,0.596408,0.498906,0.580209,3,0.097502,1,0.855918,1,0.426172,1,0,0.246891,0.929373,0,1,1,0.6725,174,0,0,174,174,174,0,0,0,0,0,False,False
175,normal,40,14,0.591291,0.500487,0.458176,2,0.133115,1,0.855936,1,0.426527,1,0,0.241139,0.929823,0,1,1,0.6725,175,0,0,175,175,175,0,0,0,0,0,False,False
176,normal,40,14,0.587477,0.482016,0.609135,2,0.127119,1,0.855953,1,0.42679,1,0,0.235848,0.930273,0,1,1,0.6725,176,0,0,176,176,176,0,0,0,0,0,False,False
177,normal,40,14,0.61414,0.513672,0.551588,3,0.100468,1,0.855969,1,0.426706,1,0,0.23898,0.930723,0,1,1,0.6725,177,0,0,177,177,177,0,0,0,0,0,False,False
178,normal,40,14,0.617111,0.516798,0.535842,3,0.100313,1,0.855985,1,0.426625,1,0,0.241862,0.931173,0,1,1,0.6725,178,0,0,178,178,178,0,0,0,0,0,False,False
179,normal,40,14,0.593205,0.513986,0.552667,3,0.079219,1,0.856001,1,0.426284,1,0,0.244513,0.931606,0,1,1,0.6725,179,0,0,179,179,179,0,0,0,0,0,False,False
180,normal,40,14,0.604388,0.494202,0.511107,3,0.110186,1,0.856016,1,0.426347,1,0,0.246952,0.932018,0,1,1,0.6725,180,0,0,180,180,180,0,0,0,0,0,False,False
181,normal,40,14,0.598808,0.501867,0.573207,3,0.096942,1,0.85603,1,0.426241,1,0,0.249196,0.932431,0,1,1,0.6725,181,0,0,181,181,181,0,0,0,0,0,False,False
182,normal,40,14,0.586518,0.509875,0.601225,3,0.091351,1,0.856044,1,0.426071,1,0,0.25126,0.932843,0,1,1,0.6725,182,0,0,182,182,182,0,0,0,0,0,False,False
183,normal,40,14,0.615885,0.513729,0.604578,3,0.102156,1,0.856058,1,0.426045,1,0,0.253159,0.933256,0,1,1,0.6725,183,0,0,183,183,183,0,0,0,0,0,False,False
184,normal,40,14,0.610563,0.511638,0.53828,3,0.098925,1,0.856071,1,0.425979,1,0,0.254907,0.933668,0,1,1,0.6725,184,0,0,184,184,184,0,0,0,0,0,False,False
185,normal,40,14,0.619571,0.505814,0.594808,3,0.113757,1,0.856084,1,0.426102,1,0,0.256514,0.934081,0,1,1,0.6725,185,0,0,185,185,185,0,0,0,0,0,False,False
186,normal,40,14,0.601307,0.50411,0.588582,3,0.097197,1,0.856096,1,0.426012,1,0,0.257993,0.934493,0,1,1,0.6725,186,0,0,186,186,186,0,0,0,0,0,False,False
187,normal,40,14,0.612031,0.507012,0.541821,3,0.105019,1,0.856109,1,0.426024,1,0,0.259354,0.934876,0,1,1,0.6725,187,0,0,187,187,187,0,0,0,0,0,False,False
188,normal,40,14,0.604949,0.508834,0.529134,3,0.096115,1,0.85612,1,0.425924,1,0,0.260605,0.935251,0,1,1,0.6725,188,0,0,188,188,188,0,0,0,0,0,False,False
189,normal,40,14,0.595291,0.495256,0.564473,3,0.100035,1,0.856132,1,0.425878,1,0,0.261757,0.935626,0,1,1,0.6725,189,0,0,189,189,189,0,0,0,0,0,False,False
190,normal,40,14,0.621627,0.502192,0.545491,2,0.119435,1,0.856143,1,0.426077,1,0,0.254816,0.936001,0,1,1,0.6725,190,0,0,190,190,190,0,0,0,0,0,False,False
191,normal,40,14,0.596649,0.498867,0.612064,3,0.113198,1,0.856153,1,0.426188,1,0,0.256431,0.936376,0,1,1,0.6725,191,0,0,191,191,191,0,0,0,0,0,False,False
192,normal,40,14,0.617352,0.50101,0.663322,1,0.162311,1,0.856164,1,0.426908,1,0,0.249917,0.936713,0,1,1,0.6725,192,0,0,192,192,192,0,0,0,0,0,False,False
193,normal,40,14,0.601926,0.507549,0.505779,3,0.096147,1,0.856174,1,0.426764,1,0,0.251923,0.937049,0,1,1,0.6725,193,0,0,193,193,193,0,0,0,0,0,False,False
194,normal,40,14,0.604597,0.510504,0.508671,3,0.095926,1,0.856184,1,0.426625,1,0,0.253769,0.937349,0,1,1,0.6725,194,0,0,194,194,194,0,0,0,0,0,False,False
195,normal,40,14,0.618243,0.485457,0.645893,1,0.160436,1,0.856193,1,0.427299,1,0,0.247468,0.937638,0,1,1,0.6725,195,0,0,195,195,195,0,0,0,0,0,False,False
196,normal,40,14,0.618019,0.505795,0.519594,3,0.112224,1,0.856202,1,0.427337,1,0,0.24967,0.9379,0,1,1,0.6725,196,0,0,196,196,196,0,0,0,0,0,False,False
197,normal,40,14,0.626953,0.531735,0.538302,3,0.095218,1,0.856211,1,0.427161,1,0,0.251697,0.938163,0,1,1,0.6725,197,0,0,197,197,197,0,0,0,0,0,False,False
198,normal,40,14,0.591923,0.513547,0.55131,3,0.078375,1,0.85622,1,0.426782,1,0,0.253561,0.938425,0,1,1,0.6725,198,0,0,198,198,198,0,0,0,0,0,False,False
199,normal,40,14,0.589166,0.486996,0.572884,3,0.102169,1,0.856228,1,0.42672,1,0,0.255276,0.938688,0,1,1,0.6725,199,0,0,199,199,199,0,0,0,0,0,False,False
200,normal,40,14,0.609095,0.481745,0.620378,1,0.138632,1,0.856237,1,0.427117,1,0,0.248854,0.938943,0,1,1,0.6725,200,0,0,200,200,200,0,0,0,0,0,False,False
201,normal,40,14,0.617777,0.53025,0.539581,3,0.087527,1,0.856244,1,0.426855,1,0,0.250946,0.939131,0,1,1,0.6725,201,0,0,201,201,201,0,0,0,0,0,False,False
202,normal,40,14,0.617512,0.505764,0.521758,3,0.111748,1,0.856252,1,0.426909,1,0,0.25287,0.939296,0,1,1,0.6725,202,0,0,202,202,202,0,0,0,0,0,False,False
203,normal,40,14,0.625994,0.49995,0.546482,2,0.126044,1,0.85626,1,0.42714,1,0,0.24664,0.939446,0,1,1,0.6725,203,0,0,203,203,203,0,0,0,0,0,False,False
204,normal,40,14,0.600402,0.51886,0.562181,3,0.081541,1,0.856267,1,0.426802,1,0,0.248909,0.939574,0,0.98755,1,0.5975,204,0,0,204,204,204,0,0,0,0,0,False,False
205,normal,40,14,0.599116,0.49565,0.49254,3,0.106576,1,0.856274,1,0.426794,1,0,0.250996,0.939687,0,0.976594,1,0.5975,205,0,0,205,205,205,0,0,0,0,0,False,False
206,normal,40,14,0.604252,0.522951,0.564378,3,0.0813,1,0.856281,1,0.426471,1,0,0.252917,0.939778,0,0.966953,1,0.5975,206,0,0,206,206,206,0,0,0,0,0,False,False
207,normal,40,14,0.590478,0.493061,0.608034,3,0.114973,1,0.856287,1,0.426584,1,0,0.254683,0.939853,0,0.958468,1,0.5975,207,0,0,207,207,207,0,0,0,0,0,False,False
208,normal,40,14,0.598258,0.525539,0.580984,3,0.072719,1,0.856294,1,0.426164,1,0,0.256309,0.939925,0,0.951002,1,0.5975,208,0,0,208,208,208,0,0,0,0,0,False,False
209,normal,40,14,0.604867,0.517587,0.536061,3,0.08728,1,0.8563,1,0.425947,1,0,0.257804,0.939962,0,0.944432,1,0.5975,209,0,0,209,209,209,0,0,0,0,0,False,False
210,normal,40,14,0.594326,0.512837,0.532823,3,0.081488,1,0.856306,1,0.425668,1,0,0.25918,0.94,0,0.93865,1,0.5975,210,0,0,210,210,210,0,0,0,0,0,False,False
211,normal,40,14,0.59763,0.476381,0.542995,2,0.121249,1,0.856312,1,0.4259,1,0,0.252445,0.94,0,0.933562,1,0.5975,211,0,0,211,211,211,0,0,0,0,0,False,False
212,normal,40,14,0.606109,0.506101,0.46851,2,0.137599,1,0.856317,1,0.426325,1,0,0.24625,0.94,0,0.929085,1,0.5975,212,0,0,212,212,212,0,0,0,0,0,False,False
213,normal,40,14,0.610076,0.502988,0.558803,3,0.107089,1,0.856323,1,0.426348,1,0,0.24855,0.94,0,0.925144,1,0.5975,213,0,0,213,213,213,0,0,0,0,0,False,False
214,normal,40,14,0.592685,0.498683,0.51017,3,0.094002,1,0.856328,1,0.426205,1,0,0.250666,0.94,0,0.921677,1,0.5975,214,0,0,214,214,214,0,0,0,0,0,False,False
215,normal,40,14,0.598684,0.502465,0.646404,2,0.143939,1,0.856333,1,0.426694,1,0,0.244612,0.94,0,0.918626,1,0.5975,215,0,0,215,215,215,0,0,0,0,0,False,False
216,normal,40,14,0.598875,0.487228,0.573374,3,0.111647,1,0.856338,1,0.426755,1,0,0.247043,0.94,0,0.915941,1,0.5975,216,0,0,216,216,216,0,0,0,0,0,False,False
217,normal,40,14,0.600602,0.506267,0.586382,3,0.094335,1,0.856343,1,0.426596,1,0,0.24928,0.94,0,0.913578,1,0.5975,217,0,0,217,217,217,0,0,0,0,0,False,False
218,normal,40,14,0.606513,0.507514,0.621322,3,0.113808,1,0.856348,1,0.426689,1,0,0.251338,0.94,0,0.911499,1,0.5975,218,0,0,218,218,218,0,0,0,0,0,False,False
219,normal,40,14,0.595452,0.50827,0.563776,3,0.087183,1,0.856352,1,0.426445,1,0,0.253231,0.94,0,0.909669,1,0.5975,219,0,0,219,219,219,0,0,0,0,0,False,False
220,normal,40,14,0.589439,0.504243,0.513298,3,0.085196,1,0.856357,1,0.426187,1,0,0.254972,0.94,0,0.908058,1,0.5975,220,0,0,220,220,220,0,0,0,0,0,False,False
221,normal,40,14,0.597211,0.515502,0.560058,3,0.081709,1,0.856361,1,0.425899,1,0,0.256574,0.94,0,0.906641,1,0.5975,221,0,0,221,221,221,0,0,0,0,0,False,False
222,normal,40,14,0.608151,0.510805,0.572549,3,0.097345,1,0.856365,1,0.425821,1,0,0.258048,0.94,0,0.905394,1,0.5975,222,0,0,222,222,222,0,0,0,0,0,False,False
223,normal,40,14,0.608431,0.527101,0.539487,3,0.08133,1,0.856369,1,0.425547,1,0,0.259405,0.94,0,0.904297,1,0.5975,223,0,0,223,223,223,0,0,0,0,0,False,False
224,normal,40,14,0.618225,0.507305,0.514966,3,0.110921,1,0.856373,1,0.425656,1,0,0.260652,0.94,0,0.903331,1,0.5975,224,0,0,224,224,224,0,0,0,0,0,False,False
225,normal,40,14,0.605457,0.503327,0.634604,2,0.131277,1,0.856377,1,0.426014,1,0,0.2538,0.94,0,0.902482,1,0.5975,225,0,0,225,225,225,0,0,0,0,0,False,False
226,normal,40,14,0.607122,0.483952,0.545951,2,0.12317,1,0.856381,1,0.426253,1,0,0.247496,0.94,0,0.901734,1,0.5975,226,0,0,226,226,226,0,0,0,0,0,False,False
227,normal,40,14,0.619557,0.491388,0.568951,2,0.128169,1,0.856384,1,0.426542,1,0,0.241696,0.94,0,0.901076,1,0.5975,227,0,0,227,227,227,0,0,0,0,0,False,False
228,normal,40,14,0.604129,0.526339,0.558328,3,0.07779,1,0.856388,1,0.426188,1,0,0.244361,0.94,0,0.900497,1,0.5975,228,0,0,228,228,228,0,0,0,0,0,False,False
229,normal,40,14,0.612994,0.522143,0.574777,3,0.090851,1,0.856391,1,0.426014,1,0,0.246812,0.94,0,0.899987,1,0.5975,229,0,0,229,229,229,0,0,0,0,0,False,False
230,normal,40,14,0.600982,0.50198,0.473676,2,0.127306,1,0.856394,1,0.426305,1,0,0.241067,0.94,0,0.899539,1,0.5975,230,0,0,230,230,230,0,0,0,0,0,False,False
231,normal,40,14,0.606933,0.510579,0.532612,3,0.096354,1,0.856398,1,0.426194,1,0,0.243781,0.94,0,0.899144,1,0.5975,231,0,0,231,231,231,0,0,0,0,0,False,False
232,normal,40,14,0.617522,0.504044,0.549866,3,0.113478,1,0.856401,1,0.426303,1,0,0.246279,0.94,0,0.898797,1,0.5975,232,0,0,232,232,232,0,0,0,0,0,False,False
233,normal,40,14,0.591569,0.482473,0.546858,3,0.109096,1,0.856404,1,0.426351,1,0,0.248577,0.94,0,0.898491,1,0.5975,233,0,0,233,233,233,0,0,0,0,0,False,False
234,normal,40,14,0.629837,0.521993,0.499546,2,0.130291,1,0.856406,1,0.426662,1,0,0.242691,0.94,0,0.898222,1,0.5975,234,0,0,234,234,234,0,0,0,0,0,False,False
235,normal,40,14,0.609248,0.495611,0.562008,3,0.113637,1,0.856409,1,0.42675,1,0,0.245275,0.94,0,0.897986,1,0.5975,235,0,0,235,235,235,0,0,0,0,0,False,False
236,normal,40,14,0.599416,0.488729,0.581197,3,0.110687,1,0.856412,1,0.426796,1,0,0.247653,0.94,0,0.897777,1,0.5975,236,0,0,236,236,236,0,0,0,0,0,False,False
237,normal,40,14,0.60681,0.49799,0.596933,3,0.10882,1,0.856415,1,0.426816,1,0,0.249841,0.94,0,0.897594,1,0.5975,237,0,0,237,237,237,0,0,0,0,0,False,False
238,normal,40,14,0.607613,0.505239,0.559035,3,0.102374,1,0.856417,1,0.426755,1,0,0.251854,0.94,0,0.897433,1,0.5975,238,0,0,238,238,238,0,0,0,0,0,False,False
239,normal,40,14,0.598804,0.519957,0.508039,3,0.090765,1,0.85642,1,0.426552,1,0,0.253705,0.94,0,0.897291,1,0.5975,239,0,0,239,239,239,0,0,0,0,0,False,False
240,normal,40,14,0.594492,0.501455,0.629535,2,0.12808,1,0.856422,1,0.426825,1,0,0.247409,0.94,0,0.897166,1,0.5975,240,0,0,240,240,240,0,0,0,0,0,False,False
241,normal,40,14,0.628047,0.49066,0.557238,2,0.137387,1,0.856424,1,0.427201,1,0,0.241616,0.94,0,0.897056,1,0.5975,241,0,0,241,241,241,0,0,0,0,0,False,False
242,normal,40,14,0.613291,0.50708,0.628381,2,0.121301,1,0.856427,1,0.427358,1,0,0.236287,0.94,0,0.896959,1,0.5975,242,0,0,242,242,242,0,0,0,0,0,False,False
243,normal,40,14,0.593138,0.484923,0.603895,2,0.118972,1,0.856429,1,0.427477,1,0,0.231384,0.94,0,0.896874,1,0.5975,243,0,0,243,243,243,0,0,0,0,0,False,False
244,normal,40,14,0.609644,0.496444,0.597215,3,0.1132,1,0.856431,1,0.427518,1,0,0.234873,0.94,0,0.896799,1,0.5975,244,0,0,244,244,244,0,0,0,0,0,False,False
245,normal,40,14,0.610223,0.492558,0.497098,2,0.117665,1,0.856433,1,0.427613,1,0,0.230083,0.94,0,0.896733,1,0.5975,245,0,0,245,245,245,0,0,0,0,0,False,False
246,normal,40,14,0.611042,0.511306,0.591287,3,0.099735,1,0.856435,1,0.427479,1,0,0.233677,0.94,0,0.896675,1,0.5975,246,0,0,246,246,246,0,0,0,0,0,False,False
247,normal,40,14,0.628725,0.50674,0.551054,2,0.121985,1,0.856437,1,0.42763,1,0,0.228983,0.94,0,0.896624,1,0.5975,247,0,0,247,247,247,0,0,0,0,0,False,False
248,normal,40,14,0.610612,0.485939,0.594937,2,0.124673,1,0.856439,1,0.427807,1,0,0.224664,0.94,0,0.896579,1,0.5975,248,0,0,248,248,248,0,0,0,0,0,False,False
249,normal,40,14,0.623234,0.506683,0.489195,1,0.134039,1,0.856441,1,0.428092,1,0,0.220691,0.94,0,0.89654,1,0.5975,249,0,0,249,249,249,0,0,0,0,0,False,False
250,normal,40,14,0.599813,0.498803,0.57408,3,0.10101,1,0.856443,1,0.42795,1,0,0.225036,0.94,0,0.896505,1,0.5975,250,0,0,250,250,250,0,0,0,0,0,False,False
251,normal,40,14,0.602966,0.52768,0.54565,3,0.075287,1,0.856444,1,0.427493,1,0,0.229033,0.94,0,0.896474,1,0.5975,251,0,0,251,251,251,0,0,0,0,0,False,False
252,normal,40,14,0.620779,0.521894,0.621034,3,0.09914,1,0.856446,1,0.427358,1,0,0.23271,0.94,0,0.896448,1,0.5975,252,0,0,252,252,252,0,0,0,0,0,False,False
253,normal,40,14,0.586441,0.505467,0.585315,3,0.080974,1,0.856448,1,0.427002,1,0,0.236093,0.94,0,0.896424,1,0.5975,253,0,0,253,253,253,0,0,0,0,0,False,False
254,normal,40,14,0.604181,0.490885,0.570399,3,0.113296,1,0.856449,1,0.427068,1,0,0.239206,0.94,0,0.896403,1,0.5975,254,0,0,254,254,254,0,0,0,0,0,False,False
255,normal,40,14,0.596659,0.505219,0.656945,2,0.151726,1,0.856451,1,0.427612,1,0,0.234069,0.94,0,0.896385,0.998952,0.5975,255,0,0,255,255,255,0,0,0,0,0,False,False
256,normal,40,14,0.606225,0.505282,0.433535,2,0.172689,1,0.856452,1,0.42839,1,0,0.229344,0.94,0,0.896368,0.994863,0.5975,256,0,0,256,256,256,0,0,0,0,0,False,False
257,normal,40,14,0.614962,0.51166,0.63048,2,0.118819,1,0.856454,1,0.428455,1,0,0.224996,0.94,0,0.896354,0.999262,0.5975,257,0,0,257,257,257,0,0,0,0,0,False,False
258,normal,40,14,0.607726,0.50761,0.458078,2,0.149648,1,0.856455,1,0.428903,1,0,0.220997,0.94,0,0.896342,0.998596,0.5975,258,0,0,258,258,258,0,0,0,0,0,False,False
259,normal,40,14,0.606135,0.507208,0.593225,3,0.098927,1,0.856456,1,0.428695,1,0,0.225317,0.94,0,0.896331,1,0.5975,259,0,0,259,259,259,0,0,0,0,0,False,False
260,normal,40,14,0.599131,0.506474,0.649001,2,0.142527,1,0.856458,1,0.429042,1,0,0.221292,0.94,0,0.896321,1,0.5975,260,0,0,260,260,260,0,0,0,0,0,False,False
261,normal,40,14,0.613266,0.489403,0.567681,2,0.123863,1,0.856459,1,0.429138,1,0,0.217588,0.94,0,0.896313,1,0.5975,261,0,0,261,261,261,0,0,0,0,0,False,False
262,normal,40,14,0.612121,0.520978,0.576708,3,0.091143,1,0.85646,1,0.42882,1,0,0.222181,0.94,0,0.896305,1,0.5975,262,0,0,262,262,262,0,0,0,0,0,False,False
263,normal,40,14,0.592309,0.51633,0.615463,3,0.099132,1,0.856461,1,0.428618,1,0,0.226407,0.94,0,0.896298,1,0.5975,263,0,0,263,263,263,0,0,0,0,0,False,False
264,normal,40,14,0.616543,0.507841,0.572515,3,0.108702,1,0.856462,1,0.428546,1,0,0.230294,0.94,0,0.896293,1,0.5975,264,0,0,264,264,264,0,0,0,0,0,False,False
265,normal,40,14,0.615136,0.509679,0.594523,3,0.105457,1,0.856464,1,0.428437,1,0,0.233871,0.94,0,0.896287,1,0.5975,265,0,0,265,265,265,0,0,0,0,0,False,False
266,normal,40,14,0.593639,0.509783,0.53525,3,0.083857,1,0.856465,1,0.428063,1,0,0.237161,0.94,0,0.896283,1,0.5975,266,0,0,266,266,266,0,0,0,0,0,False,False
267,normal,40,14,0.598082,0.505681,0.603927,3,0.098246,1,0.856466,1,0.427888,1,0,0.240188,0.94,0,0.896279,1,0.5975,267,0,0,267,267,267,0,0,0,0,0,False,False
268,normal,40,14,0.623542,0.503819,0.530954,2,0.119724,1,0.856467,1,0.42799,1,0,0.234973,0.94,0,0.896276,1,0.5975,268,0,0,268,268,268,0,0,0,0,0,False,False
269,normal,40,14,0.594182,0.503501,0.480345,3,0.113836,1,0.856468,1,0.428014,1,0,0.238175,0.94,0,0.896272,1,0.5975,269,0,0,269,269,269,0,0,0,0,0,False,False
270,normal,40,14,0.602567,0.482099,0.52551,2,0.120469,1,0.856469,1,0.428119,1,0,0.233121,0.94,0,0.89627,1,0.5975,270,0,0,270,270,270,0,0,0,0,0,False,False
271,normal,40,14,0.604333,0.502851,0.562136,3,0.101482,1,0.85647,1,0.427982,1,0,0.236471,0.94,0,0.896267,1,0.5975,271,0,0,271,271,271,0,0,0,0,0,False,False
272,normal,40,14,0.598068,0.505694,0.593209,3,0.092374,1,0.856471,1,0.427737,1,0,0.239554,0.94,0,0.896265,1,0.5975,272,0,0,272,272,272,0,0,0,0,0,False,False
273,normal,40,14,0.600974,0.508811,0.575852,3,0.092163,1,0.856471,1,0.427502,1,0,0.242389,0.94,0,0.896263,1,0.5975,273,0,0,273,273,273,0,0,0,0,0,False,False
274,normal,40,14,0.623876,0.511497,0.583613,3,0.112379,1,0.856472,1,0.427532,1,0,0.244998,0.94,0,0.896262,1,0.5975,274,0,0,274,274,274,0,0,0,0,0,False,False
275,normal,40,14,0.635357,0.50396,0.539301,2,0.131396,1,0.856473,1,0.427798,1,0,0.239398,0.94,0,0.89626,1,0.5975,275,0,0,275,275,275,0,0,0,0,0,False,False
276,normal,40,14,0.583622,0.511697,0.529231,3,0.071925,1,0.856474,1,0.427307,1,0,0.242247,0.94,0,0.896259,1,0.5975,276,0,0,276,276,276,0,0,0,0,0,False,False
277,normal,40,14,0.579367,0.514792,0.473832,3,0.105535,1,0.856475,1,0.427261,1,0,0.244867,0.94,0,0.896258,1,0.5975,277,0,0,277,277,277,0,0,0,0,0,False,False
278,normal,40,14,0.606187,0.514788,0.553097,3,0.091399,1,0.856476,1,0.42704,1,0,0.247277,0.94,0,0.896257,1,0.5975,278,0,0,278,278,278,0,0,0,0,0,False,False
279,normal,40,14,0.601354,0.521161,0.564067,3,0.080194,1,0.856476,1,0.426691,1,0,0.249495,0.94,0,0.896256,1,0.5975,279,0,0,279,279,279,0,0,0,0,0,False,False
280,normal,40,14,0.604209,0.46812,0.595182,1,0.136088,1,0.856477,1,0.427057,1,0,0.243536,0.94,0,0.896256,1,0.5975,280,0,0,280,280,280,0,0,0,0,0,False,False
281,normal,40,14,0.601239,0.492815,0.592562,3,0.108423,1,0.856478,1,0.42706,1,0,0.246053,0.94,0,0.896255,1,0.5975,281,0,0,281,281,281,0,0,0,0,0,False,False
282,normal,40,14,0.597318,0.503535,0.565567,3,0.093783,1,0.856478,1,0.426879,1,0,0.248369,0.94,0,0.896254,1,0.5975,282,0,0,282,282,282,0,0,0,0,0,False,False
283,normal,40,14,0.614697,0.50141,0.635244,2,0.133834,1,0.856479,1,0.427208,1,0,0.242499,0.94,0,0.896254,1,0.5975,283,0,0,283,283,283,0,0,0,0,0,False,False
284,normal,40,14,0.600166,0.49886,0.577087,3,0.101306,1,0.85648,1,0.427114,1,0,0.245099,0.94,0,0.896253,1,0.5975,284,0,0,284,284,284,0,0,0,0,0,False,False
285,normal,40,14,0.586284,0.482239,0.524933,3,0.104046,1,0.85648,1,0.427059,1,0,0.247491,0.94,0,0.896253,1,0.5975,285,0,0,285,285,285,0,0,0,0,0,False,False
286,normal,40,14,0.60005,0.4879,0.624032,2,0.136132,1,0.856481,1,0.427407,1,0,0.241692,0.94,0,0.896253,1,0.5975,286,0,0,286,286,286,0,0,0,0,0,False,False
287,normal,40,14,0.59874,0.502178,0.500405,3,0.098335,1,0.856481,1,0.427266,1,0,0.244357,0.94,0,0.896252,1,0.5975,287,0,0,287,287,287,0,0,0,0,0,False,False
288,normal,40,14,0.601187,0.503995,0.601419,3,0.097423,1,0.856482,1,0.427121,1,0,0.246808,0.94,0,0.896252,1,0.5975,288,0,0,288,288,288,0,0,0,0,0,False,False
289,normal,40,14,0.600697,0.50748,0.553173,3,0.093217,1,0.856482,1,0.42693,1,0,0.249063,0.94,0,0.896252,1,0.5975,289,0,0,289,289,289,0,0,0,0,0,False,False
290,normal,40,14,0.600132,0.497586,0.53708,3,0.102546,1,0.856483,1,0.426865,1,0,0.251138,0.94,0,0.896252,1,0.5975,290,0,0,290,290,290,0,0,0,0,0,False,False
291,normal,40,14,0.620609,0.507215,0.552031,3,0.113394,1,0.856484,1,0.426939,1,0,0.253047,0.94,0,0.896251,1,0.5975,291,0,0,291,291,291,0,0,0,0,0,False,False
292,normal,40,14,0.610161,0.501307,0.564019,3,0.108855,1,0.856484,1,0.426953,1,0,0.254803,0.94,0,0.896251,1,0.5975,292,0,0,292,292,292,0,0,0,0,0,False,False
293,normal,40,14,0.596798,0.542979,0.515319,3,0.081479,1,0.856484,1,0.426624,1,0,0.256419,0.94,0,0.896251,1,0.5975,293,0,0,293,293,293,0,0,0,0,0,False,False
294,normal,40,14,0.607175,0.513758,0.612021,3,0.098263,1,0.856485,1,0.426521,1,0,0.257906,0.94,0,0.896251,1,0.5975,294,0,0,294,294,294,0,0,0,0,0,False,False
295,normal,40,14,0.605382,0.515739,0.534001,3,0.089643,1,0.856485,1,0.426316,1,0,0.259273,0.94,0,0.896251,1,0.5975,295,0,0,295,295,295,0,0,0,0,0,False,False
296,normal,40,14,0.612286,0.495102,0.566009,2,0.117183,1,0.856486,1,0.426465,1,0,0.252531,0.94,0,0.896251,1,0.5975,296,0,0,296,296,296,0,0,0,0,0,False,False
297,normal,40,14,0.612848,0.487917,0.521458,2,0.124931,1,0.856486,1,0.426703,1,0,0.246329,0.94,0,0.896251,1,0.5975,297,0,0,297,297,297,0,0,0,0,0,False,False
298,normal,40,14,0.615443,0.504412,0.575448,3,0.111032,1,0.856487,1,0.426756,1,0,0.248623,0.94,0,0.896251,1,0.5975,298,0,0,298,298,298,0,0,0,0,0,False,False
299,normal,40,14,0.614829,0.501301,0.541925,3,0.113527,1,0.856487,1,0.426837,1,0,0.250733,0.94,0,0.89625,1,0.5975,299,0,0,299,299,299,0,0,0,0,0,False,False
300,normal,40,14,0.609817,0.502963,0.534436,3,0.106855,1,0.856487,1,0.426831,1,0,0.252674,0.94,0,0.89625,1,0.5975,300,0,0,300,300,300,0,0,0,0,0,False,False
301,normal,40,14,0.623822,0.50135,0.606561,2,0.122472,1,0.856488,1,0.42702,1,0,0.24646,0.94,0,0.89625,1,0.5975,301,0,0,301,301,301,0,0,0,0,0,False,False
302,normal,40,14,0.624134,0.511845,0.526909,3,0.112289,1,0.856488,1,0.427073,1,0,0.248743,0.94,0,0.89625,1,0.5975,302,0,0,302,302,302,0,0,0,0,0,False,False
303,normal,40,14,0.604336,0.503836,0.480762,2,0.123575,1,0.856489,1,0.427264,1,0,0.242844,0.94,0,0.89625,1,0.5975,303,0,0,303,303,303,0,0,0,0,0,False,False
304,normal,40,14,0.60644,0.50931,0.559569,3,0.09713,1,0.856489,1,0.427115,1,0,0.245416,0.94,0,0.89625,1,0.5975,304,0,0,304,304,304,0,0,0,0,0,False,False
305,normal,40,14,0.618352,0.515483,0.464186,2,0.154166,1,0.856489,1,0.427686,1,0,0.239783,0.94,0,0.89625,0.998575,0.5975,305,0,0,305,305,305,0,0,0,0,0,False,False
306,normal,40,14,0.594962,0.514212,0.602471,3,0.088259,1,0.85649,1,0.427405,1,0,0.2426,0.94,0,0.89625,1,0.5975,306,0,0,306,306,306,0,0,0,0,0,False,False
307,normal,40,14,0.614871,0.50685,0.621596,3,0.114746,1,0.85649,1,0.427469,1,0,0.245192,0.94,0,0.89625,1,0.5975,307,0,0,307,307,307,0,0,0,0,0,False,False
308,normal,40,14,0.609827,0.497902,0.572626,3,0.111925,1,0.85649,1,0.427495,1,0,0.247577,0.94,0,0.89625,1,0.5975,308,0,0,308,308,308,0,0,0,0,0,False,False
309,normal,40,14,0.617895,0.496931,0.610458,2,0.120964,1,0.85649,1,0.427632,1,0,0.241771,0.94,0,0.89625,1,0.5975,309,0,0,309,309,309,0,0,0,0,0,False,False
310,normal,40,14,0.621944,0.497828,0.569835,2,0.124115,1,0.856491,1,0.427802,1,0,0.236429,0.94,0,0.89625,1,0.5975,310,0,0,310,310,310,0,0,0,0,0,False,False
311,normal,40,14,0.61921,0.502654,0.588593,2,0.116556,1,0.856491,1,0.427869,1,0,0.231515,0.94,0,0.89625,1,0.5975,311,0,0,311,311,311,0,0,0,0,0,False,False
312,normal,40,14,0.601443,0.494028,0.578044,3,0.107416,1,0.856491,1,0.427818,1,0,0.234994,0.94,0,0.89625,1,0.5975,312,0,0,312,312,312,0,0,0,0,0,False,False
313,normal,40,14,0.601006,0.532211,0.526911,3,0.074095,1,0.856492,1,0.427353,1,0,0.238194,0.94,0,0.89625,1,0.5975,313,0,0,313,313,313,0,0,0,0,0,False,False
314,normal,40,14,0.579366,0.513921,0.541884,3,0.065445,1,0.856492,1,0.426804,1,0,0.241139,0.94,0,0.89625,1,0.5975,314,0,0,314,314,314,0,0,0,0,0,False,False
315,normal,40,14,0.597784,0.505054,0.504944,3,0.092839,1,0.856492,1,0.426624,1,0,0.243848,0.94,0,0.89625,1,0.5975,315,0,0,315,315,315,0,0,0,0,0,False,False
316,normal,40,14,0.609554,0.493061,0.595687,2,0.116494,1,0.856492,1,0.426749,1,0,0.23834,0.94,0,0.89625,1,0.5975,316,0,0,316,316,316,0,0,0,0,0,False,False
317,normal,40,14,0.600362,0.506516,0.624342,2,0.117826,1,0.856493,1,0.426884,1,0,0.233273,0.94,0,0.89625,1,0.5975,317,0,0,317,317,317,0,0,0,0,0,False,False
318,normal,40,14,0.59321,0.490765,0.55747,3,0.102445,1,0.856493,1,0.426821,1,0,0.236611,0.94,0,0.89625,1,0.5975,318,0,0,318,318,318,0,0,0,0,0,False,False
319,normal,40,14,0.635689,0.516193,0.499491,1,0.136198,1,0.856493,1,0.427182,1,0,0.231682,0.94,0,0.89625,1,0.5975,319,0,0,319,319,319,0,0,0,0,0,False,False
320,normal,40,14,0.595948,0.509167,0.522096,3,0.086781,1,0.856493,1,0.426908,1,0,0.235147,0.94,0,0.89625,1,0.5975,320,0,0,320,320,320,0,0,0,0,0,False,False
321,normal,40,14,0.616212,0.515848,0.594394,3,0.100364,1,0.856493,1,0.426817,1,0,0.238336,0.94,0,0.89625,1,0.5975,321,0,0,321,321,321,0,0,0,0,0,False,False
322,normal,40,14,0.612828,0.504875,0.529,3,0.107953,1,0.856494,1,0.426826,1,0,0.241269,0.94,0,0.89625,1,0.5975,322,0,0,322,322,322,0,0,0,0,0,False,False
323,normal,40,14,0.615415,0.51746,0.530216,3,0.097955,1,0.856494,1,0.426709,1,0,0.243967,0.94,0,0.89625,1,0.5975,323,0,0,323,323,323,0,0,0,0,0,False,False
324,normal,40,14,0.605618,0.524692,0.546885,3,0.080926,1,0.856494,1,0.426385,1,0,0.24645,0.94,0,0.89625,1,0.5975,324,0,0,324,324,324,0,0,0,0,0,False,False
325,normal,40,14,0.623397,0.495507,0.607791,2,0.12789,1,0.856494,1,0.426664,1,0,0.240734,0.94,0,0.89625,1,0.5975,325,0,0,325,325,325,0,0,0,0,0,False,False
326,normal,40,14,0.599895,0.49799,0.589161,3,0.101905,1,0.856494,1,0.426605,1,0,0.243475,0.94,0,0.89625,1,0.5975,326,0,0,326,326,326,0,0,0,0,0,False,False
327,normal,40,14,0.615001,0.498689,0.511595,2,0.116311,1,0.856494,1,0.426728,1,0,0.237997,0.94,0,0.89625,1,0.5975,327,0,0,327,327,327,0,0,0,0,0,False,False
328,normal,40,14,0.598216,0.510949,0.513909,3,0.087266,1,0.856495,1,0.426483,1,0,0.240957,0.94,0,0.89625,1,0.5975,328,0,0,328,328,328,0,0,0,0,0,False,False
329,normal,40,14,0.6123,0.50233,0.59456,3,0.10997,1,0.856495,1,0.426533,1,0,0.243681,0.94,0,0.89625,1,0.5975,329,0,0,329,329,329,0,0,0,0,0,False,False
330,normal,40,14,0.624352,0.491988,0.556648,2,0.132365,1,0.856495,1,0.426861,1,0,0.238186,0.94,0,0.89625,1,0.5975,330,0,0,330,330,330,0,0,0,0,0,False,False
331,normal,40,14,0.61922,0.498549,0.525681,2,0.120671,1,0.856495,1,0.427027,1,0,0.233131,0.94,0,0.89625,1,0.5975,331,0,0,331,331,331,0,0,0,0,0,False,False
332,normal,40,14,0.602761,0.499491,0.576947,3,0.103269,1,0.856495,1,0.426966,1,0,0.236481,0.94,0,0.89625,1,0.5975,332,0,0,332,332,332,0,0,0,0,0,False,False
333,normal,40,14,0.61293,0.509745,0.474931,2,0.137998,1,0.856495,1,0.427343,1,0,0.231562,0.94,0,0.89625,1,0.5975,333,0,0,333,333,333,0,0,0,0,0,False,False
334,normal,40,14,0.58582,0.494476,0.498234,3,0.091344,1,0.856496,1,0.427117,1,0,0.235037,0.94,0,0.89625,1,0.5975,334,0,0,334,334,334,0,0,0,0,0,False,False
335,normal,40,14,0.59833,0.49019,0.495645,3,0.10814,1,0.856496,1,0.427113,1,0,0.238234,0.94,0,0.89625,1,0.5975,335,0,0,335,335,335,0,0,0,0,0,False,False
336,normal,40,14,0.603496,0.514916,0.516778,3,0.088581,1,0.856496,1,0.426865,1,0,0.241176,0.94,0,0.89625,1,0.5975,336,0,0,336,336,336,0,0,0,0,0,False,False
337,normal,40,14,0.616045,0.494638,0.568886,2,0.121408,1,0.856496,1,0.427039,1,0,0.235882,0.94,0,0.89625,1,0.5975,337,0,0,337,337,337,0,0,0,0,0,False,False
338,normal,40,14,0.617655,0.501769,0.53491,2,0.115886,1,0.856496,1,0.427136,1,0,0.231011,0.94,0,0.89625,1,0.5975,338,0,0,338,338,338,0,0,0,0,0,False,False
339,normal,40,14,0.601368,0.517575,0.587148,3,0.083792,1,0.856496,1,0.426826,1,0,0.23453,0.94,0,0.89625,1,0.5975,339,0,0,339,339,339,0,0,0,0,0,False,False
340,normal,40,14,0.614673,0.516844,0.53435,3,0.097829,1,0.856496,1,0.426708,1,0,0.237768,0.94,0,0.89625,1,0.5975,340,0,0,340,340,340,0,0,0,0,0,False,False
341,normal,40,14,0.599383,0.52939,0.625741,3,0.096351,1,0.856496,1,0.426577,1,0,0.240746,0.94,0,0.89625,1,0.5975,341,0,0,341,341,341,0,0,0,0,0,False,False
342,normal,40,14,0.621248,0.514664,0.566985,3,0.106584,1,0.856497,1,0.42658,1,0,0.243487,0.94,0,0.89625,1,0.5975,342,0,0,342,342,342,0,0,0,0,0,False,False
343,normal,40,14,0.609152,0.507741,0.545517,3,0.101411,1,0.856497,1,0.426519,1,0,0.246008,0.94,0,0.89625,1,0.5975,343,0,0,343,343,343,0,0,0,0,0,False,False
344,normal,40,14,0.603699,0.503993,0.553415,3,0.099706,1,0.856497,1,0.426439,1,0,0.248327,0.94,0,0.89625,1,0.5975,344,0,0,344,344,344,0,0,0,0,0,False,False
345,normal,40,14,0.603092,0.504899,0.495341,3,0.107752,1,0.856497,1,0.426464,1,0,0.250461,0.94,0,0.89625,1,0.5975,345,0,0,345,345,345,0,0,0,0,0,False,False
346,normal,40,14,0.593515,0.508222,0.50616,3,0.087355,1,0.856497,1,0.426233,1,0,0.252424,0.94,0,0.89625,1,0.5975,346,0,0,346,346,346,0,0,0,0,0,False,False
347,normal,40,14,0.598529,0.498471,0.567965,3,0.100058,1,0.856497,1,0.426172,1,0,0.25423,0.94,0,0.89625,1,0.5975,347,0,0,347,347,347,0,0,0,0,0,False,False
348,normal,40,14,0.593707,0.510696,0.511112,3,0.083011,1,0.856497,1,0.425901,1,0,0.255892,0.94,0,0.89625,1,0.5975,348,0,0,348,348,348,0,0,0,0,0,False,False
349,normal,40,14,0.612785,0.520341,0.620964,3,0.100623,1,0.856497,1,0.425864,1,0,0.25742,0.94,0,0.89625,1,0.5975,349,0,0,349,349,349,0,0,0,0,0,False,False
350,normal,40,14,0.59393,0.51914,0.510401,3,0.083529,1,0.856497,1,0.425615,1,0,0.258827,0.94,0,0.89625,1,0.5975,350,0,0,350,350,350,0,0,0,0,0,False,False
351,normal,40,14,0.600216,0.496677,0.549738,3,0.103538,1,0.856497,1,0.425628,1,0,0.260121,0.94,0,0.89625,1,0.5975,351,0,0,351,351,351,0,0,0,0,0,False,False
352,normal,40,14,0.599852,0.51279,0.471928,2,0.127924,1,0.856497,1,0.425946,1,0,0.253311,0.94,0,0.89625,1,0.5975,352,0,0,352,352,352,0,0,0,0,0,False,False
353,normal,40,14,0.608717,0.516236,0.482025,2,0.126692,1,0.856498,1,0.426232,1,0,0.247046,0.94,0,0.89625,1,0.5975,353,0,0,353,353,353,0,0,0,0,0,False,False
354,normal,40,14,0.590882,0.511965,0.563364,3,0.078917,1,0.856498,1,0.425907,1,0,0.249282,0.94,0,0.89625,1,0.5975,354,0,0,354,354,354,0,0,0,0,0,False,False
355,normal,40,14,0.59972,0.485836,0.588896,3,0.113884,1,0.856498,1,0.426035,1,0,0.25134,0.94,0,0.89625,1,0.5975,355,0,0,355,355,355,0,0,0,0,0,False,False
356,normal,40,14,0.604899,0.522095,0.569084,3,0.082804,1,0.856498,1,0.425769,1,0,0.253233,0.94,0,0.89625,1,0.5975,356,0,0,356,356,356,0,0,0,0,0,False,False
357,normal,40,14,0.629684,0.501106,0.643057,1,0.141951,1,0.856498,1,0.426255,1,0,0.246974,0.94,0,0.89625,1,0.5975,357,0,0,357,357,357,0,0,0,0,0,False,False
358,normal,40,14,0.615249,0.487219,0.584419,2,0.12803,1,0.856498,1,0.426542,1,0,0.241216,0.94,0,0.89625,1,0.5975,358,0,0,358,358,358,0,0,0,0,0,False,False
359,normal,40,14,0.593919,0.513265,0.524656,3,0.080655,1,0.856498,1,0.426223,1,0,0.243919,0.94,0,0.89625,1,0.5975,359,0,0,359,359,359,0,0,0,0,0,False,False
360,normal,40,14,0.627295,0.50394,0.544205,2,0.123355,1,0.856498,1,0.426454,1,0,0.238405,0.94,0,0.89625,1,0.5975,360,0,0,360,360,360,0,0,0,0,0,False,False
361,normal,40,14,0.598575,0.505754,0.605406,3,0.099652,1,0.856498,1,0.426377,1,0,0.241333,0.94,0,0.89625,1,0.5975,361,0,0,361,361,361,0,0,0,0,0,False,False
362,normal,40,14,0.59099,0.517942,0.614419,3,0.096477,1,0.856498,1,0.426264,1,0,0.244026,0.94,0,0.89625,1,0.5975,362,0,0,362,362,362,0,0,0,0,0,False,False
363,normal,40,14,0.596876,0.51264,0.537798,3,0.084236,1,0.856498,1,0.426004,1,0,0.246504,0.94,0,0.89625,1,0.5975,363,0,0,363,363,363,0,0,0,0,0,False,False
364,normal,40,14,0.629836,0.49809,0.519444,2,0.131746,1,0.856498,1,0.426351,1,0,0.240784,0.94,0,0.89625,1,0.5975,364,0,0,364,364,364,0,0,0,0,0,False,False
365,normal,40,14,0.605808,0.509597,0.442673,2,0.163135,1,0.856498,1,0.427072,1,0,0.235521,0.94,0,0.89625,0.99723,0.5975,365,0,0,365,365,365,0,0,0,0,0,False,False
366,normal,40,14,0.617359,0.494276,0.651664,1,0.157388,1,0.856498,1,0.427686,1,0,0.230679,0.94,0,0.89625,0.995599,0.5975,366,0,0,366,366,366,0,0,0,0,0,False,False
367,normal,40,14,0.597176,0.508113,0.500109,3,0.097068,1,0.856498,1,0.427515,1,0,0.234225,0.94,0,0.89625,1,0.5975,367,0,0,367,367,367,0,0,0,0,0,False,False
368,normal,40,14,0.61358,0.492145,0.535415,2,0.121435,1,0.856498,1,0.427657,1,0,0.229487,0.94,0,0.89625,1,0.5975,368,0,0,368,368,368,0,0,0,0,0,False,False
369,normal,40,14,0.607315,0.512333,0.52161,3,0.094982,1,0.856498,1,0.427462,1,0,0.233128,0.94,0,0.89625,1,0.5975,369,0,0,369,369,369,0,0,0,0,0,False,False
370,normal,40,14,0.621442,0.492333,0.555886,2,0.129109,1,0.856499,1,0.427702,1,0,0.228478,0.94,0,0.89625,1,0.5975,370,0,0,370,370,370,0,0,0,0,0,False,False
371,normal,40,14,0.613717,0.510798,0.536515,3,0.102919,1,0.856499,1,0.427604,1,0,0.2322,0.94,0,0.89625,1,0.5975,371,0,0,371,371,371,0,0,0,0,0,False,False
372,normal,40,14,0.607635,0.503331,0.582723,3,0.104304,1,0.856499,1,0.427527,1,0,0.235624,0.94,0,0.89625,1,0.5975,372,0,0,372,372,372,0,0,0,0,0,False,False
373,normal,40,14,0.596961,0.498652,0.571597,3,0.09831,1,0.856499,1,0.42738,1,0,0.238774,0.94,0,0.89625,1,0.5975,373,0,0,373,373,373,0,0,0,0,0,False,False
374,normal,40,14,0.606602,0.510754,0.515564,3,0.095848,1,0.856499,1,0.427209,1,0,0.241672,0.94,0,0.89625,1,0.5975,374,0,0,374,374,374,0,0,0,0,0,False,False
375,normal,40,14,0.606035,0.49088,0.565201,2,0.115155,1,0.856499,1,0.427288,1,0,0.236338,0.94,0,0.89625,1,0.5975,375,0,0,375,375,375,0,0,0,0,0,False,False
376,normal,40,14,0.60601,0.503304,0.528989,3,0.102706,1,0.856499,1,0.427207,1,0,0.239431,0.94,0,0.89625,1,0.5975,376,0,0,376,376,376,0,0,0,0,0,False,False
377,normal,40,14,0.621466,0.509236,0.578775,3,0.112231,1,0.856499,1,0.42725,1,0,0.242277,0.94,0,0.89625,1,0.5975,377,0,0,377,377,377,0,0,0,0,0,False,False
378,normal,40,14,0.598904,0.488112,0.504363,3,0.110792,1,0.856499,1,0.427272,1,0,0.244894,0.94,0,0.89625,1,0.5975,378,0,0,378,378,378,0,0,0,0,0,False,False
379,normal,40,14,0.599427,0.512307,0.562489,3,0.087119,1,0.856499,1,0.426998,1,0,0.247303,0.94,0,0.89625,1,0.5975,379,0,0,379,379,379,0,0,0,0,0,False,False
380,normal,40,14,0.610604,0.510627,0.627992,2,0.117365,1,0.856499,1,0.427115,1,0,0.241519,0.94,0,0.89625,1,0.5975,380,0,0,380,380,380,0,0,0,0,0,False,False
381,normal,40,14,0.605501,0.513134,0.598671,3,0.092367,1,0.856499,1,0.426914,1,0,0.244197,0.94,0,0.89625,1,0.5975,381,0,0,381,381,381,0,0,0,0,0,False,False
382,normal,40,14,0.596988,0.499491,0.528803,3,0.097497,1,0.856499,1,0.426787,1,0,0.246661,0.94,0,0.89625,1,0.5975,382,0,0,382,382,382,0,0,0,0,0,False,False
383,normal,40,14,0.594171,0.505804,0.576172,3,0.088367,1,0.856499,1,0.426552,1,0,0.248928,0.94,0,0.89625,1,0.5975,383,0,0,383,383,383,0,0,0,0,0,False,False
384,normal,40,14,0.597004,0.53288,0.475705,2,0.121299,1,0.856499,1,0.426741,1,0,0.243014,0.94,0,0.89625,1,0.5975,384,0,0,384,384,384,0,0,0,0,0,False,False
385,normal,40,14,0.603514,0.495374,0.618715,2,0.123341,1,0.856499,1,0.426945,1,0,0.237573,0.94,0,0.89625,1,0.5975,385,0,0,385,385,385,0,0,0,0,0,False,False
386,normal,40,14,0.605647,0.504531,0.544076,3,0.101116,1,0.856499,1,0.426862,1,0,0.240567,0.94,0,0.89625,1,0.5975,386,0,0,386,386,386,0,0,0,0,0,False,False
387,normal,40,14,0.586542,0.509416,0.592648,3,0.083233,1,0.856499,1,0.426559,1,0,0.243322,0.94,0,0.89625,1,0.5975,387,0,0,387,387,387,0,0,0,0,0,False,False
388,normal,40,14,0.612679,0.505895,0.647262,2,0.141368,1,0.856499,1,0.426998,1,0,0.237856,0.94,0,0.89625,1,0.5975,388,0,0,388,388,388,0,0,0,0,0,False,False
389,normal,40,14,0.61483,0.51025,0.60636,3,0.10458,1,0.856499,1,0.426956,1,0,0.240828,0.94,0,0.89625,1,0.5975,389,0,0,389,389,389,0,0,0,0,0,False,False
390,normal,40,14,0.611712,0.496861,0.526831,3,0.114851,1,0.856499,1,0.427044,1,0,0.243561,0.94,0,0.89625,1,0.5975,390,0,0,390,390,390,0,0,0,0,0,False,False
391,normal,40,14,0.606978,0.500837,0.594006,3,0.106141,1,0.856499,1,0.427018,1,0,0.246076,0.94,0,0.89625,1,0.5975,391,0,0,391,391,391,0,0,0,0,0,False,False
392,normal,40,14,0.598252,0.493129,0.586097,3,0.105123,1,0.856499,1,0.426981,1,0,0.24839,0.94,0,0.89625,1,0.5975,392,0,0,392,392,392,0,0,0,0,0,False,False
393,normal,40,14,0.600532,0.484537,0.537855,2,0.115994,1,0.856499,1,0.427082,1,0,0.242519,0.94,0,0.89625,1,0.5975,393,0,0,393,393,393,0,0,0,0,0,False,False
394,normal,40,14,0.594464,0.489343,0.604193,3,0.11485,1,0.856499,1,0.427164,1,0,0.245118,0.94,0,0.89625,1,0.5975,394,0,0,394,394,394,0,0,0,0,0,False,False
395,normal,40,14,0.612618,0.506663,0.569422,3,0.105955,1,0.856499,1,0.42713,1,0,0.247508,0.94,0,0.89625,1,0.5975,395,0,0,395,395,395,0,0,0,0,0,False,False
396,normal,40,14,0.594818,0.49715,0.565935,3,0.097668,1,0.856499,1,0.426994,1,0,0.249708,0.94,0,0.89625,1,0.5975,396,0,0,396,396,396,0,0,0,0,0,False,False
397,normal,40,14,0.596831,0.507543,0.512277,3,0.089288,1,0.856499,1,0.426761,1,0,0.251731,0.94,0,0.89625,1,0.5975,397,0,0,397,397,397,0,0,0,0,0,False,False
398,normal,40,14,0.60917,0.499133,0.531316,3,0.110037,1,0.856499,1,0.426798,1,0,0.253592,0.94,0,0.89625,1,0.5975,398,0,0,398,398,398,0,0,0,0,0,False,False
399,normal,40,14,0.606848,0.501967,0.607858,3,0.105891,1,0.856499,1,0.426782,1,0,0.255305,0.94,0,0.89625,1,0.5975,399,0,0,399,399,399,0,0,0,0,0,False,False
400,normal,40,14,0.592271,0.519016,0.502901,3,0.08937,1,0.856499,1,0.42656,1,0,0.256881,0.94,0,0.89625,1,0.5975,400,0,0,400,400,400,0,0,0,0,0,False,False
401,normal,40,14,0.609125,0.495977,0.523556,3,0.113148,1,0.856499,1,0.426646,1,0,0.25833,0.94,0,0.89625,1,0.5975,401,0,0,401,401,401,0,0,0,0,0,False,False
402,normal,40,14,0.596846,0.488373,0.638967,2,0.150594,1,0.856499,1,0.427196,1,0,0.251664,0.94,0,0.89625,0.999111,0.5975,402,0,0,402,402,402,0,0,0,0,0,False,False
403,normal,40,14,0.619749,0.502998,0.52797,2,0.116751,1,0.856499,1,0.427296,1,0,0.245531,0.94,0,0.89625,1,0.5975,403,0,0,403,403,403,0,0,0,0,0,False,False
404,normal,40,14,0.608598,0.500598,0.556778,3,0.108,1,0.856499,1,0.427281,1,0,0.247888,0.94,0,0.89625,1,0.5975,404,0,0,404,404,404,0,0,0,0,0,False,False
405,normal,40,14,0.600613,0.493375,0.5673,3,0.107238,1,0.856499,1,0.427258,1,0,0.250057,0.94,0,0.89625,1,0.5975,405,0,0,405,405,405,0,0,0,0,0,False,False
406,normal,40,14,0.625792,0.506206,0.523932,2,0.119586,1,0.8565,1,0.42739,1,0,0.244053,0.94,0,0.89625,1,0.5975,406,0,0,406,406,406,0,0,0,0,0,False,False
407,normal,40,14,0.593704,0.488774,0.583461,3,0.10493,1,0.8565,1,0.427332,1,0,0.246528,0.94,0,0.89625,1,0.5975,407,0,0,407,407,407,0,0,0,0,0,False,False
408,normal,40,14,0.60849,0.497838,0.562774,3,0.110652,1,0.8565,1,0.427348,1,0,0.248806,0.94,0,0.89625,1,0.5975,408,0,0,408,408,408,0,0,0,0,0,False,False
409,normal,40,14,0.622687,0.515454,0.545955,3,0.107232,1,0.8565,1,0.427321,1,0,0.250902,0.94,0,0.89625,1,0.5975,409,0,0,409,409,409,0,0,0,0,0,False,False
410,normal,40,14,0.598276,0.5227,0.539279,3,0.075576,1,0.8565,1,0.4269,1,0,0.25283,0.94,0,0.89625,1,0.5975,410,0,0,410,410,410,0,0,0,0,0,False,False
411,normal,40,14,0.609458,0.506364,0.569521,3,0.103095,1,0.8565,1,0.426844,1,0,0.254603,0.94,0,0.89625,1,0.5975,411,0,0,411,411,411,0,0,0,0,0,False,False
412,normal,40,14,0.588179,0.500994,0.612843,3,0.111849,1,0.8565,1,0.426899,1,0,0.256235,0.94,0,0.89625,1,0.5975,412,0,0,412,412,412,0,0,0,0,0,False,False
413,normal,40,14,0.602224,0.508769,0.547739,3,0.093455,1,0.8565,1,0.426723,1,0,0.257736,0.94,0,0.89625,1,0.5975,413,0,0,413,413,413,0,0,0,0,0,False,False
414,normal,40,14,0.589313,0.507253,0.494983,3,0.09433,1,0.8565,1,0.426566,1,0,0.259117,0.94,0,0.89625,1,0.5975,414,0,0,414,414,414,0,0,0,0,0,False,False
415,normal,40,14,0.605386,0.514999,0.546433,3,0.090387,1,0.8565,1,0.426367,1,0,0.260388,0.94,0,0.89625,1,0.5975,415,0,0,415,415,415,0,0,0,0,0,False,False
416,normal,40,14,0.59299,0.503949,0.598586,3,0.094637,1,0.8565,1,0.426232,1,0,0.261557,0.94,0,0.89625,1,0.5975,416,0,0,416,416,416,0,0,0,0,0,False,False
417,normal,40,14,0.614108,0.497851,0.553824,2,0.116257,1,0.8565,1,0.426373,1,0,0.254632,0.94,0,0.89625,1,0.5975,417,0,0,417,417,417,0,0,0,0,0,False,False
418,normal,40,14,0.593922,0.494033,0.532442,3,0.099889,1,0.8565,1,0.426303,1,0,0.256262,0.94,0,0.89625,1,0.5975,418,0,0,418,418,418,0,0,0,0,0,False,False
419,normal,40,14,0.620914,0.496307,0.492884,1,0.12803,1,0.8565,1,0.426589,1,0,0.249761,0.94,0,0.89625,1,0.5975,419,0,0,419,419,419,0,0,0,0,0,False,False
420,normal,40,14,0.616679,0.509826,0.670222,2,0.160396,1,0.8565,1,0.427264,1,0,0.24378,0.94,0,0.89625,0.997641,0.5975,420,0,0,420,420,420,0,0,0,0,0,False,False
