cycle,output,self_state,memory,prediction,correction,strongest_channel,strongest_confidence,continuity,anchor_fit,spread_score,stability,rigidity,adaptive_score,noise,contradiction,pressure,drift
1,-0.001033,-0.000237,0.0,0.0,-0.001033,11,0.999364,0.999763,0.999763,0.557546,0.928833,0.859978,0.837034,0.0168,0.0,1.0,0.0
2,0.00832,0.001727,-3.3e-05,-0.000237,0.008557,10,0.989645,0.998035,0.998273,0.556977,0.926082,0.850401,0.837102,0.0186,0.0,1.0,0.0
3,-0.001989,0.000874,0.000213,0.001727,-0.003717,9,0.996134,0.999147,0.999126,0.562953,0.92872,0.855396,0.837037,0.0204,0.0,1.0,0.0
4,0.000342,0.000752,0.000306,0.000874,-0.000532,8,0.998038,0.999878,0.999248,0.554529,0.928355,0.859405,0.837047,0.0222,0.0,1.0,0.0
5,0.004253,0.001556,0.000368,0.000752,0.003501,7,0.996412,0.999196,0.998444,0.557877,0.927781,0.856943,0.837062,0.024,0.0,1.0,0.0
6,0.004988,0.002344,0.000534,0.001556,0.003432,6,0.997643,0.999212,0.997656,0.555941,0.927271,0.858658,0.837074,0.0258,0.0,1.0,0.0
7,0.001445,0.002137,0.000788,0.002344,-0.000898,5,0.995635,0.999794,0.997863,0.567456,0.929927,0.853771,0.837002,0.0276,0.0,1.0,0.0
8,-0.001615,0.001276,0.000977,0.002137,-0.003752,4,0.997579,0.999139,0.998724,0.56434,0.928819,0.856494,0.837034,0.0294,0.0,1.0,0.0
9,-0.014925,-0.002444,0.001019,0.001276,-0.016201,3,0.980837,0.99628,0.997556,0.55573,0.923404,0.841905,0.837154,0.0312,0.0,1.0,0.0
10,-0.010238,-0.004233,0.000534,-0.002444,-0.007794,2,0.984814,0.99821,0.995767,0.553437,0.925041,0.846455,0.837124,0.033,0.0,1.0,0.0
11,-0.022442,-0.008414,-0.000134,-0.004233,-0.018209,1,0.981173,0.995819,0.991586,0.569944,0.923408,0.838687,0.837154,0.0348,0.0,1.0,0.0
12,0.000537,-0.006359,-0.001293,-0.008414,0.008952,11,0.994115,0.997945,0.993641,0.553275,0.924075,0.855797,0.837143,0.0366,0.0,1.0,0.0
13,-0.016511,-0.00869,-0.002002,-0.006359,-0.010152,10,0.985853,0.997669,0.99131,0.549686,0.92249,0.848431,0.837169,0.0384,0.0,1.0,0.0
14,0.027223,-0.000444,-0.002938,-0.00869,0.035913,9,0.969923,0.991754,0.999556,0.552219,0.917526,0.831869,0.837219,0.0402,0.0,1.0,0.0
15,0.008399,0.001586,-0.002589,-0.000444,0.008844,8,0.997128,0.997969,0.998414,0.554525,0.925644,0.858497,0.837112,0.042,0.0,1.0,0.0
16,-0.031733,-0.006064,-0.002005,0.001586,-0.033319,7,0.96317,0.99235,0.993936,0.550836,0.916505,0.825461,0.837223,0.0438,0.0,1.0,0.0
17,0.000559,-0.004543,-0.002573,-0.006064,0.006623,6,0.996934,0.998479,0.995457,0.562194,0.926705,0.856386,0.837088,0.0456,0.0,1.0,0.0
18,0.019263,0.000923,-0.002849,-0.004543,0.023807,5,0.978931,0.994534,0.999077,0.556461,0.921679,0.839816,0.83718,0.0474,0.0,1.0,0.0
19,-0.002523,0.000131,-0.002321,0.000923,-0.003446,4,0.990487,0.999209,0.999869,0.556724,0.928012,0.851306,0.837056,0.0492,0.0,1.0,0.0
20,-0.003988,-0.000814,-0.001977,0.000131,-0.004119,3,0.994905,0.999054,0.999186,0.548886,0.926366,0.857684,0.837096,0.051,0.0,1.0,0.0
21,-0.027479,-0.006936,-0.001815,-0.000814,-0.026664,2,0.971147,0.993878,0.993064,0.556357,0.919127,0.832058,0.837208,0.0528,0.0,1.0,0.0
22,0.006688,-0.003808,-0.002532,-0.006936,0.013624,1,0.994444,0.996872,0.996192,0.554508,0.923594,0.855817,0.837151,0.0546,0.0,1.0,0.0
23,0.018286,0.001265,-0.00271,-0.003808,0.022094,11,0.97773,0.994927,0.998735,0.576317,0.925271,0.83365,0.83712,0.0564,0.0,1.0,0.0
24,0.004712,0.002056,-0.002154,0.001265,0.003447,10,0.997428,0.999208,0.997944,0.558048,0.927684,0.857916,0.837064,0.0582,0.0,1.0,0.0
25,-0.011606,-0.001081,-0.001564,0.002056,-0.013662,9,0.971469,0.996863,0.998919,0.565331,0.926078,0.830136,0.837102,0.06,0.0,1.0,0.0
26,0.036448,0.007536,-0.001497,-0.001081,0.037529,8,0.971008,0.991383,0.992464,0.558349,0.91604,0.831421,0.837224,0.0618,0.0,1.0,0.0
27,0.046699,0.016528,-0.000232,0.007536,0.039163,7,0.950143,0.991008,0.983472,0.566488,0.914337,0.808521,0.837225,0.0636,0.0,1.0,0.0
28,-0.011975,0.009983,0.002114,0.016528,-0.028503,6,0.987032,0.993456,0.990017,0.555485,0.917586,0.848161,0.837218,0.0654,0.0,1.0,0.0
29,-0.007323,0.00601,0.003216,0.009983,-0.017306,5,0.981468,0.996026,0.99399,0.528095,0.917654,0.849444,0.837218,0.0672,0.0,1.0,0.0
30,0.07188,0.021134,0.003607,0.00601,0.06587,4,0.933269,0.984876,0.978866,0.574744,0.906408,0.789583,0.837151,0.069,0.0,1.0,0.0
31,0.04733,0.027149,0.006061,0.021134,0.026197,3,0.95339,0.993985,0.972851,0.563511,0.914752,0.812512,0.837225,0.0708,0.0,1.0,0.0
32,0.023176,0.026237,0.009013,0.027149,-0.003972,2,0.978534,0.999088,0.973763,0.551269,0.919673,0.840717,0.837203,0.0726,0.0,1.0,0.0
33,0.007032,0.021827,0.011424,0.026237,-0.019205,1,0.993788,0.995591,0.978173,0.5726,0.91978,0.850638,0.837202,0.0744,0.0,1.0,0.0
34,-0.015068,0.013356,0.012881,0.021827,-0.036895,11,0.977217,0.991529,0.986644,0.558904,0.914688,0.837491,0.837225,0.0762,0.0,1.0,0.0
35,-0.001585,0.009926,0.012947,0.013356,-0.014941,10,0.996337,0.99657,0.990074,0.552598,0.921183,0.858187,0.837187,0.078,0.0,1.0,0.0
36,0.00801,0.009486,0.012524,0.009926,-0.001916,9,0.992632,0.99956,0.990514,0.533234,0.92209,0.859324,0.837175,0.0798,0.0,1.0,0.0
37,-0.044106,-0.002819,0.012099,0.009486,-0.053592,8,0.953489,0.987695,0.997181,0.558298,0.912565,0.813915,0.837219,0.0816,0.0,1.0,0.0
38,-0.030195,-0.009104,0.01001,-0.002819,-0.027376,7,0.965491,0.993714,0.990896,0.580843,0.922226,0.82028,0.837173,0.0834,0.0,1.0,0.0
39,-0.007128,-0.008651,0.007334,-0.009104,0.001976,6,0.996154,0.999546,0.991349,0.545327,0.924241,0.859822,0.83714,0.0852,0.0,1.0,0.0
40,-0.004035,-0.007591,0.005096,-0.008651,0.004616,5,0.978355,0.99894,0.992409,0.551039,0.924665,0.840595,0.837132,0.087,0.0,1.0,0.0
41,-0.039086,-0.014822,0.00332,-0.007591,-0.031495,4,0.95447,0.992769,0.985178,0.549686,0.914412,0.817049,0.837225,0.0888,0.0,1.0,0.0
42,0.017742,-0.007345,0.00078,-0.014822,0.032565,3,0.96937,0.992523,0.992655,0.552515,0.916639,0.831241,0.837222,0.0906,0.0,1.0,0.0
43,-0.029025,-0.012323,-0.000357,-0.007345,-0.02168,2,0.980674,0.995022,0.987677,0.523401,0.913832,0.849824,0.837224,0.0924,0.0,1.0,0.0
44,-0.030774,-0.016559,-0.002033,-0.012323,-0.018451,1,0.982869,0.995764,0.983441,0.551908,0.918169,0.844892,0.837215,0.0942,0.0,1.0,0.0
45,-0.017021,-0.016665,-0.004066,-0.016559,-0.000462,11,0.986934,0.999894,0.983335,0.570897,0.92654,0.84421,0.837092,0.096,0.0,1.0,0.0
46,-0.041442,-0.022354,-0.00583,-0.016665,-0.024776,10,0.978556,0.994311,0.977646,0.568438,0.917306,0.836447,0.83722,0.0978,0.0,1.0,0.0
47,-0.032685,-0.024726,-0.008143,-0.022354,-0.010331,9,0.977331,0.997628,0.975274,0.563359,0.920135,0.836491,0.837199,0.0996,0.0,1.0,0.0
48,0.01576,-0.01543,-0.010465,-0.024726,0.040486,8,0.956787,0.990704,0.98457,0.540671,0.910119,0.82162,0.837201,0.1014,0.0,1.0,0.0
49,0.0105,-0.009477,-0.01116,-0.01543,0.025931,7,0.988938,0.994046,0.990523,0.553437,0.918167,0.850579,0.837215,0.1032,0.0,1.0,0.0
50,-0.050915,-0.018991,-0.010924,-0.009477,-0.041438,6,0.958921,0.990486,0.981009,0.556802,0.91142,0.81972,0.837212,0.105,0.0,1.0,0.0
51,-0.021196,-0.019497,-0.012054,-0.018991,-0.002206,5,0.992105,0.999494,0.980503,0.54184,0.920578,0.856645,0.837194,0.1068,0.0,1.0,0.0
52,-0.016074,-0.018711,-0.013096,-0.019497,0.003424,4,0.995907,0.999214,0.981289,0.548631,0.921521,0.858749,0.837182,0.1086,0.0,1.0,0.0
53,-0.003524,-0.015224,-0.013882,-0.018711,0.015187,3,0.983448,0.996513,0.984776,0.585431,0.924879,0.83709,0.837127,0.1104,0.0,1.0,0.0
54,0.045482,-0.001286,-0.01407,-0.015224,0.060707,7,0.947934,0.986062,0.998714,0.564948,0.911937,0.806696,0.837216,0.1122,0.0,1.0,0.0
55,-0.003531,-0.001801,-0.01228,-0.001286,-0.002245,1,0.988552,0.999485,0.998199,0.546012,0.926188,0.852049,0.8371,0.114,0.0,1.0,0.0
56,-0.035678,-0.009579,-0.010813,-0.001801,-0.033876,11,0.963364,0.992222,0.990421,0.503516,0.907783,0.837485,0.837173,0.1158,0.0,1.0,0.0
57,0.021951,-0.00234,-0.01064,-0.009579,0.03153,10,0.990774,0.992761,0.99766,0.584213,0.923421,0.84472,0.837154,0.1176,0.0,1.0,0.0
58,-0.011076,-0.004346,-0.009478,-0.00234,-0.008736,9,0.998434,0.997994,0.995654,0.543559,0.923149,0.862544,0.837159,0.1194,0.0,1.0,0.0
59,0.08862,0.016999,-0.00876,-0.004346,0.092966,8,0.916017,0.978655,0.983001,0.517786,0.890376,0.786571,0.836619,0.1212,0.0,1.0,0.0
60,0.036435,0.021462,-0.005154,0.016999,0.019436,7,0.95032,0.995538,0.978538,0.523286,0.911923,0.819498,0.837216,0.123,0.0,1.0,0.0
61,-0.029853,0.00968,-0.001427,0.021462,-0.051315,6,0.956148,0.988218,0.99032,0.526959,0.906308,0.824408,0.837149,0.1248,0.0,1.0,0.0
62,0.040346,0.016721,0.000128,0.00968,0.030666,10,0.961071,0.992959,0.983279,0.578309,0.918707,0.816494,0.837211,0.1266,0.0,1.0,0.0
63,0.034628,0.020832,0.002451,0.016721,0.017907,9,0.910972,0.995888,0.979168,0.573501,0.92059,0.767596,0.837194,0.1284,0.0,1.0,0.0
64,-0.042067,0.006391,0.005024,0.020832,-0.062899,3,0.962171,0.985558,0.993609,0.48468,0.897011,0.841001,0.836901,0.1302,0.0,1.0,0.0
65,0.033047,0.012511,0.005215,0.006391,0.026656,2,0.998855,0.99388,0.987489,0.544111,0.915609,0.862827,0.837225,0.132,0.0,1.0,0.0
66,-0.065332,-0.005362,0.006237,0.012511,-0.077842,7,0.9418,0.982127,0.994638,0.540908,0.901842,0.806573,0.837052,0.1338,0.0,1.0,0.0
67,6.8e-05,-0.004115,0.004613,-0.005362,0.00543,11,0.980371,0.998753,0.995885,0.595622,0.932529,0.831465,0.836918,0.1356,0.0,1.0,0.0
68,0.05419,0.009272,0.003391,-0.004115,0.058305,10,0.94653,0.986613,0.990728,0.537627,0.906046,0.812123,0.837145,0.1374,0.0,1.0,0.0
69,0.075963,0.024584,0.004214,0.009272,0.066691,9,0.921581,0.984688,0.975416,0.568487,0.904196,0.779459,0.837108,0.1392,0.0,1.0,0.0
70,0.054417,0.031434,0.007066,0.024584,0.029832,8,0.942378,0.99315,0.968566,0.518914,0.905333,0.812649,0.837132,0.141,0.0,1.0,0.0
71,0.019322,0.028653,0.010478,0.031434,-0.012112,7,0.988851,0.997219,0.971347,0.507417,0.909554,0.861997,0.837195,0.1428,0.0,1.0,0.0
72,-0.047832,0.011092,0.013022,0.028653,-0.076485,6,0.932766,0.982439,0.988908,0.558964,0.903531,0.793025,0.837093,0.1446,0.0,1.0,0.0
73,0.042245,0.018245,0.012752,0.011092,0.031153,11,0.993615,0.992847,0.981755,0.505547,0.906494,0.867228,0.837153,0.1464,0.0,1.0,0.0
74,-0.102146,-0.009397,0.013521,0.018245,-0.12039,10,0.885131,0.972358,0.990603,0.573093,0.89318,0.741858,0.836749,0.1482,0.0,1.0,0.0
75,-0.008115,-0.009103,0.010312,-0.009397,0.001282,8,0.992103,0.999706,0.990897,0.579869,0.929848,0.847136,0.837005,0.15,0.0,1.0,0.0
76,-0.075131,-0.024263,0.007594,-0.009103,-0.066028,8,0.917028,0.98484,0.975737,0.480095,0.890341,0.797004,0.836617,0.1518,0.0,1.0,0.0
77,0.018095,-0.014537,0.003134,-0.024263,0.042358,1,0.960725,0.990275,0.985463,0.520115,0.906522,0.830696,0.837153,0.1536,0.0,1.0,0.0
78,-0.070635,-0.027417,0.00066,-0.014537,-0.056098,11,0.924066,0.98712,0.972583,0.514834,0.897976,0.795358,0.836935,0.1554,0.0,1.0,0.0
79,-0.063553,-0.035714,-0.003271,-0.027417,-0.036136,10,0.939801,0.991703,0.964286,0.584261,0.912711,0.793736,0.83722,0.1572,0.0,1.0,0.0
80,-0.028836,-0.034135,-0.007813,-0.035714,0.006878,3,0.97133,0.998421,0.965865,0.533038,0.913678,0.838071,0.837223,0.159,0.0,1.0,0.0
81,-0.034882,-0.034307,-0.011498,-0.034135,-0.000748,8,0.983976,0.999828,0.965693,0.617057,0.928901,0.829712,0.837032,0.1608,0.0,1.0,0.0
82,-0.0607,-0.040367,-0.014691,-0.034307,-0.026394,7,0.961736,0.99394,0.959633,0.578567,0.913401,0.817094,0.837222,0.1626,0.0,1.0,0.0
83,-0.051301,-0.042877,-0.018286,-0.040367,-0.010934,6,0.991214,0.997489,0.957123,0.517347,0.907511,0.861877,0.837169,0.1644,0.0,1.0,0.0
84,-0.019769,-0.037571,-0.021728,-0.042877,0.023108,5,0.989987,0.994694,0.962429,0.581579,0.915645,0.844593,0.837225,0.1662,0.0,1.0,0.0
85,-0.069249,-0.044845,-0.023946,-0.037571,-0.031678,4,0.982602,0.992727,0.955155,0.605014,0.914804,0.831348,0.837225,0.168,0.0,1.0,0.0
86,-0.034719,-0.04252,-0.026872,-0.044845,0.010126,8,0.990821,0.997675,0.95748,0.573754,0.916877,0.847383,0.837221,0.1698,0.0,1.0,0.0
87,-0.008211,-0.034642,-0.029063,-0.04252,0.034309,8,0.986425,0.992123,0.965358,0.526045,0.904241,0.854914,0.837109,0.1716,0.0,1.0,0.0
88,-0.034308,-0.034566,-0.029844,-0.034642,0.000334,1,0.980036,0.999923,0.965434,0.598766,0.926025,0.830344,0.837103,0.1734,0.0,1.0,0.0
89,0.02674,-0.02049,-0.030505,-0.034566,0.061305,11,0.940065,0.985924,0.97951,0.54132,0.902601,0.804735,0.837071,0.1752,0.0,1.0,0.0
90,-0.077317,-0.033537,-0.029103,-0.02049,-0.056827,10,0.934611,0.986953,0.966463,0.529133,0.898333,0.802328,0.836947,0.177,0.0,1.0,0.0
91,-0.045162,-0.036206,-0.029724,-0.033537,-0.011624,9,0.944821,0.997331,0.963794,0.528569,0.910968,0.812678,0.837209,0.1788,0.0,1.0,0.0
92,-0.024793,-0.033586,-0.030631,-0.036206,0.011413,8,0.99026,0.99738,0.966414,0.568571,0.918165,0.848118,0.837215,0.1806,0.0,1.0,0.0
93,-0.02118,-0.030737,-0.031045,-0.033586,0.012406,1,0.9921,0.997152,0.969263,0.569882,0.918877,0.849629,0.83721,0.1824,0.0,1.0,0.0
94,0.011858,-0.020958,-0.031002,-0.030737,0.042595,7,0.962588,0.99022,0.979042,0.543821,0.908447,0.826633,0.837182,0.1842,0.0,1.0,0.0
95,-0.034736,-0.024121,-0.029596,-0.020958,-0.013778,10,0.979413,0.996837,0.975879,0.591347,0.923755,0.831577,0.837148,0.186,0.0,1.0,0.0
96,0.008609,-0.016606,-0.028829,-0.024121,0.03273,9,0.966178,0.992485,0.983394,0.533117,0.910893,0.832899,0.837208,0.1878,0.0,1.0,0.0
97,0.015561,-0.009221,-0.027118,-0.016606,0.032167,2,0.975583,0.992614,0.990779,0.54793,0.915499,0.838601,0.837225,0.1896,0.0,1.0,0.0
98,-0.092906,-0.028435,-0.024612,-0.009221,-0.083685,2,0.899542,0.980786,0.971565,0.522694,0.890726,0.768869,0.836636,0.1914,0.0,1.0,0.0
99,-0.002113,-0.022391,-0.025147,-0.028435,0.026322,1,0.995209,0.993957,0.977609,0.511935,0.907794,0.867225,0.837173,0.1932,0.0,1.0,0.0
100,0.015414,-0.013711,-0.024762,-0.022391,0.037805,11,0.969716,0.99132,0.986289,0.554353,0.913589,0.831128,0.837223,0.195,0.0,1.0,0.0
101,-0.064722,-0.025423,-0.023215,-0.013711,-0.051011,10,0.93928,0.988288,0.974577,0.563794,0.907884,0.798332,0.837174,0.1968,0.0,1.0,0.0
102,0.036073,-0.011304,-0.023524,-0.025423,0.061496,9,0.928848,0.985881,0.988696,0.493983,0.897542,0.805353,0.83692,0.1986,0.0,1.0,0.0
103,0.052869,0.00343,-0.021813,-0.011304,0.064173,2,0.937177,0.985266,0.99657,0.485383,0.897573,0.815831,0.836921,0.2004,0.0,1.0,0.0
104,-0.012005,-0.000113,-0.018279,0.00343,-0.015435,2,0.910258,0.996456,0.999887,0.482176,0.912516,0.789714,0.837219,0.2022,0.0,1.0,0.0
105,0.048812,0.01112,-0.015736,-0.000113,0.048926,1,0.977637,0.988767,0.98888,0.521159,0.905689,0.847347,0.837138,0.204,0.0,1.0,0.0
106,-0.051022,-0.003148,-0.011976,0.01112,-0.062142,5,0.943244,0.985732,0.996852,0.523377,0.904337,0.812399,0.837111,0.2058,0.0,1.0,0.0
107,0.015216,0.001068,-0.01074,-0.003148,0.018364,10,0.991305,0.995784,0.998932,0.531233,0.919225,0.858497,0.837207,0.2076,0.0,1.0,0.0
108,0.031259,0.008,-0.009087,0.001068,0.030191,3,0.965086,0.993068,0.992,0.508243,0.91008,0.838025,0.837201,0.2094,0.0,1.0,0.0
109,0.054338,0.018639,-0.006695,0.008,0.046337,7,0.945629,0.989361,0.981361,0.522016,0.904492,0.815125,0.837115,0.2112,0.0,1.0,0.0
110,-0.025184,0.008577,-0.003148,0.018639,-0.043823,1,0.964316,0.989938,0.991423,0.533711,0.90993,0.830888,0.837199,0.213,0.0,1.0,0.0
111,-0.021522,0.001667,-0.001506,0.008577,-0.0301,11,0.968102,0.993089,0.998333,0.587744,0.924601,0.821166,0.837133,0.2148,0.0,1.0,0.0
112,-0.0002,0.001238,-0.001062,0.001667,-0.001866,10,0.997284,0.999572,0.998762,0.544963,0.926291,0.861043,0.837098,0.2166,0.0,1.0,0.0
113,0.037007,0.009451,-0.00074,0.001238,0.035769,9,0.934397,0.991787,0.990549,0.543945,0.913723,0.798411,0.837223,0.2184,0.0,1.0,0.0
114,-0.000926,0.007068,0.000687,0.009451,-0.010376,3,0.954076,0.997618,0.992932,0.625481,0.935005,0.797705,0.836825,0.2202,0.0,1.0,0.0
115,0.021438,0.010368,0.00158,0.007068,0.01437,7,0.982745,0.996701,0.989632,0.525172,0.916841,0.851452,0.837222,0.222,0.0,1.0,0.0
116,-0.085016,-0.011532,0.00281,0.010368,-0.095384,1,0.905667,0.9781,0.988468,0.5261,0.892517,0.774142,0.836719,0.2238,0.0,1.0,0.0
117,-0.0191,-0.01327,0.000802,-0.011532,-0.007568,5,0.996694,0.998262,0.98673,0.530006,0.91883,0.864193,0.83721,0.2256,0.0,1.0,0.0
118,0.051217,0.001536,-0.001168,-0.01327,0.064487,9,0.926002,0.985194,0.998464,0.48322,0.897664,0.805197,0.836924,0.2274,0.0,1.0,0.0
119,-0.102143,-0.022269,-0.000789,0.001536,-0.103679,3,0.912375,0.976195,0.977731,0.44785,0.874518,0.800412,0.835586,0.2292,0.0,1.0,0.0
120,-0.045492,-0.027601,-0.003796,-0.022269,-0.023223,2,0.991238,0.994668,0.972399,0.498254,0.90507,0.866675,0.837126,0.231,0.0,1.0,0.0
121,0.028146,-0.014801,-0.007129,-0.027601,0.055747,7,0.954146,0.987201,0.985199,0.483036,0.896525,0.833387,0.836884,0.2328,0.0,1.0,0.0
122,-0.052294,-0.023409,-0.008203,-0.014801,-0.037493,6,0.903755,0.991392,0.976591,0.533662,0.907656,0.77034,0.837171,0.2346,0.0,1.0,0.0
123,-0.097938,-0.040521,-0.010332,-0.023409,-0.074529,10,0.900657,0.982888,0.959479,0.532591,0.891654,0.767509,0.83668,0.2364,0.0,1.0,0.0
124,-0.020014,-0.035813,-0.014558,-0.040521,0.020508,3,0.929453,0.995291,0.964187,0.527809,0.908309,0.797501,0.83718,0.2382,0.0,1.0,0.0
125,-0.026879,-0.033762,-0.017534,-0.035813,0.008934,9,0.9778,0.997949,0.966238,0.517974,0.91076,0.848306,0.837207,0.24,0.0,1.0,0.0
126,-0.066218,-0.041214,-0.019806,-0.033762,-0.032457,2,0.947154,0.992548,0.958786,0.554813,0.907556,0.808451,0.83717,0.2418,0.0,1.0,0.0
127,0.053886,-0.019379,-0.022803,-0.041214,0.0951,11,0.980192,0.978165,0.980621,0.539826,0.8926,0.845235,0.836723,0.2436,0.0,1.0,0.0
128,0.066026,0.00023,-0.022324,-0.019379,0.085404,11,0.996331,0.980391,0.99977,0.562453,0.904472,0.855717,0.837114,0.2454,0.0,1.0,0.0
129,-0.037799,-0.008501,-0.019166,0.00023,-0.038029,4,0.992552,0.991269,0.991499,0.499643,0.906227,0.867641,0.837148,0.2472,0.0,1.0,0.0
130,-0.026055,-0.012532,-0.017673,-0.008501,-0.017554,3,0.997292,0.99597,0.987468,0.534703,0.916811,0.863616,0.837222,0.249,0.0,1.0,0.0
131,0.085043,0.009872,-0.016953,-0.012532,0.097575,2,0.95238,0.977597,0.990128,0.45298,0.880629,0.839135,0.836044,0.2508,0.0,1.0,0.0
132,-0.019373,0.003157,-0.013198,0.009872,-0.029244,7,0.984844,0.993286,0.996843,0.555822,0.919331,0.845889,0.837206,0.2526,0.0,1.0,0.0
133,-0.004422,0.001417,-0.010908,0.003157,-0.007579,5,0.986392,0.99826,0.998583,0.552365,0.925722,0.848301,0.83711,0.2544,0.0,1.0,0.0
134,-0.012706,-0.001826,-0.009183,0.001417,-0.014123,5,0.937237,0.996757,0.998174,0.621963,0.934793,0.781746,0.836833,0.2562,0.0,1.0,0.0
135,-0.010786,-0.003883,-0.008153,-0.001826,-0.00896,4,0.933669,0.997943,0.996117,0.57247,0.927837,0.790551,0.83706,0.258,0.0,1.0,0.0
136,0.080141,0.015409,-0.007555,-0.003883,0.084024,3,0.924471,0.980708,0.984591,0.579174,0.903309,0.779677,0.837088,0.2598,0.0,1.0,0.0
137,-0.087927,-0.008317,-0.00434,0.015409,-0.103336,1,0.972387,0.976274,0.991683,0.494972,0.886066,0.848644,0.836388,0.2616,0.0,1.0,0.0
138,0.023026,-0.001121,-0.004897,-0.008317,0.031343,11,0.873954,0.992804,0.998879,0.495078,0.909556,0.750185,0.837195,0.2634,0.0,1.0,0.0
139,-0.007806,-0.002656,-0.004368,-0.001121,-0.006685,10,0.959659,0.998465,0.997344,0.462935,0.911333,0.843925,0.837212,0.2652,0.0,1.0,0.0
140,0.053182,0.010165,-0.004128,-0.002656,0.055837,4,0.955775,0.98718,0.989835,0.465711,0.895025,0.839348,0.836826,0.267,0.0,1.0,0.0
141,-0.044538,-0.002395,-0.002127,0.010165,-0.054703,9,0.983289,0.98744,0.997605,0.580887,0.915966,0.838067,0.837224,0.2688,0.0,1.0,0.0
142,-0.07579,-0.019247,-0.002165,-0.002395,-0.073395,7,0.980694,0.983149,0.980753,0.494907,0.89192,0.856967,0.836692,0.2706,0.0,1.0,0.0
143,-0.011199,-0.017399,-0.004556,-0.019247,0.008048,2,0.912675,0.998152,0.982601,0.450606,0.904827,0.800024,0.837122,0.2724,0.0,1.0,0.0
144,-0.084808,-0.032876,-0.006354,-0.017399,-0.067409,6,0.940979,0.984523,0.967124,0.505663,0.891609,0.814563,0.836678,0.2742,0.0,1.0,0.0
145,0.001708,-0.024936,-0.010067,-0.032876,0.034584,4,0.93152,0.992059,0.975064,0.506785,0.903795,0.804824,0.837099,0.276,0.0,1.0,0.0
146,-0.016031,-0.022891,-0.012149,-0.024936,0.008905,4,0.919426,0.997955,0.977109,0.463012,0.905018,0.803673,0.837125,0.2778,0.0,1.0,0.0
147,0.058614,-0.004177,-0.013653,-0.022891,0.081505,9,0.898174,0.981287,0.995823,0.514031,0.896782,0.769667,0.836893,0.2796,0.0,1.0,0.0
148,0.057994,0.010097,-0.012326,-0.004177,0.062172,7,0.917818,0.985725,0.989903,0.436429,0.88847,0.808711,0.836521,0.2814,0.0,1.0,0.0
149,0.100305,0.030809,-0.009187,0.010097,0.090208,5,0.929209,0.979288,0.969191,0.50294,0.884956,0.803474,0.836322,0.2832,0.0,1.0,0.0
150,0.046104,0.034321,-0.003588,0.030809,0.015296,11,0.976155,0.996488,0.965679,0.56752,0.916634,0.834275,0.837222,0.285,0.0,1.0,0.0
151,0.081666,0.045191,0.00172,0.034321,0.047345,9,0.898518,0.98913,0.954809,0.579888,0.906017,0.753546,0.837144,0.2868,0.0,1.0,0.0
152,-0.021242,0.029938,0.007806,0.045191,-0.066433,4,0.990452,0.984747,0.970062,0.560017,0.901419,0.850447,0.837041,0.2886,0.0,1.0,0.0
153,0.060498,0.036955,0.010904,0.029938,0.030559,8,0.994979,0.992984,0.963045,0.530522,0.905428,0.862349,0.837133,0.2904,0.0,1.0,0.0
154,0.062301,0.042774,0.014551,0.036955,0.025347,1,0.947884,0.99418,0.957226,0.477304,0.896837,0.828558,0.836895,0.2922,0.0,1.0,0.0
155,0.062444,0.04729,0.018502,0.042774,0.01967,6,0.96157,0.995484,0.95271,0.491703,0.899568,0.838644,0.836987,0.294,0.0,1.0,0.0
156,-0.052113,0.024467,0.022533,0.04729,-0.099404,9,0.945825,0.977177,0.975533,0.549443,0.891431,0.808465,0.83667,0.2958,0.0,1.0,0.0
157,0.088639,0.039201,0.022804,0.024467,0.064172,9,0.938409,0.985266,0.960799,0.641095,0.912472,0.778135,0.837219,0.2976,0.0,1.0,0.0
158,-0.029311,0.023471,0.025099,0.039201,-0.068513,8,0.947894,0.98427,0.976529,0.567913,0.903873,0.805916,0.837101,0.2994,0.0,1.0,0.0
159,0.035041,0.026127,0.024871,0.023471,0.011571,7,0.969196,0.997343,0.973873,0.638561,0.931405,0.809556,0.836956,0.3012,0.0,1.0,0.0
160,0.031427,0.027344,0.025047,0.026127,0.0053,6,0.995764,0.998783,0.972656,0.594499,0.925884,0.847139,0.837107,0.303,0.0,1.0,0.0
161,0.016878,0.024941,0.025369,0.027344,-0.010467,11,0.975129,0.997597,0.975059,0.543614,0.916875,0.839225,0.837221,0.3048,0.0,1.0,0.0
162,-0.007316,0.017535,0.025309,0.024941,-0.032257,4,0.994579,0.992594,0.982465,0.509642,0.907018,0.867169,0.837161,0.3066,0.0,1.0,0.0
163,0.147661,0.047412,0.02422,0.017535,0.130126,8,0.961376,0.970123,0.952588,0.585194,0.88157,0.815078,0.836107,0.3084,0.0,1.0,0.0
164,-0.011345,0.033921,0.027467,0.047412,-0.058757,7,0.961523,0.986509,0.966079,0.627565,0.913399,0.804632,0.837222,0.3102,0.0,1.0,0.0
165,0.096418,0.048271,0.028371,0.033921,0.062497,7,0.955221,0.985651,0.951729,0.461597,0.881712,0.839822,0.836117,0.312,0.0,1.0,0.0
166,-0.125142,0.008455,0.031157,0.048271,-0.173412,10,0.824646,0.960185,0.991545,0.515369,0.868404,0.695804,0.835054,0.3138,0.0,1.0,0.0
167,0.033395,0.014181,0.027979,0.008455,0.02494,3,0.935838,0.994274,0.985819,0.545452,0.915868,0.799475,0.837224,0.3156,0.0,1.0,0.0
168,0.047808,0.021902,0.026047,0.014181,0.033626,4,0.971598,0.992279,0.978098,0.429123,0.892504,0.864317,0.836719,0.3174,0.0,1.0,0.0
169,0.036797,0.025322,0.025467,0.021902,0.014895,7,0.971229,0.99658,0.974678,0.528938,0.9131,0.838994,0.837221,0.3192,0.0,1.0,0.0
170,0.048996,0.030757,0.025446,0.025322,0.023674,5,0.944837,0.994564,0.969243,0.563279,0.914456,0.804017,0.837225,0.321,0.0,1.0,0.0
171,-0.118217,-0.003447,0.02619,0.030757,-0.148975,11,0.930366,0.965795,0.996553,0.546822,0.882122,0.79366,0.836144,0.3228,0.0,1.0,0.0
172,0.095362,0.019239,0.022041,-0.003447,0.098809,5,0.970084,0.977313,0.980761,0.550159,0.893187,0.832544,0.836749,0.3246,0.0,1.0,0.0
173,0.03156,0.022068,0.021649,0.019239,0.01232,10,0.957188,0.997171,0.977932,0.530038,0.914955,0.824679,0.837225,0.3264,0.0,1.0,0.0
174,-0.006448,0.015521,0.021707,0.022068,-0.028517,9,0.995298,0.993453,0.984479,0.507496,0.908354,0.868424,0.837181,0.3282,0.0,1.0,0.0
175,0.033095,0.019556,0.020841,0.015521,0.017575,2,0.913125,0.995965,0.980444,0.492569,0.908097,0.789983,0.837177,0.33,0.0,1.0,0.0
176,0.077898,0.032951,0.020661,0.019556,0.058342,1,0.951027,0.986605,0.967049,0.517692,0.896215,0.821604,0.836872,0.3318,0.0,1.0,0.0
177,-0.02492,0.019664,0.022382,0.032951,-0.057871,5,0.973415,0.986713,0.980336,0.469652,0.892389,0.856002,0.836714,0.3336,0.0,1.0,0.0
178,0.022051,0.020212,0.022001,0.019664,0.002386,11,0.980923,0.999452,0.979788,0.445364,0.904887,0.869582,0.837123,0.3354,0.0,1.0,0.0
179,-0.044965,0.005247,0.021751,0.020212,-0.065177,2,0.963468,0.985035,0.994753,0.61764,0.917926,0.809058,0.837216,0.3372,0.0,1.0,0.0
180,-0.006162,0.002628,0.01944,0.005247,-0.011409,8,0.999054,0.997381,0.997372,0.633728,0.93726,0.840622,0.836729,0.339,0.0,1.0,0.0
181,0.001355,0.002336,0.017087,0.002628,-0.001273,11,0.997373,0.999708,0.997664,0.572655,0.930591,0.854209,0.836982,0.3408,0.0,1.0,0.0
182,0.063339,0.016342,0.015021,0.002336,0.061003,6,0.974828,0.985994,0.983658,0.360247,0.874881,0.884766,0.835615,0.3426,0.0,1.0,0.0
183,-0.122414,-0.015516,0.015206,0.016342,-0.138756,4,0.958087,0.968142,0.984484,0.407569,0.859508,0.856195,0.834146,0.3444,0.0,1.0,0.0
184,0.138507,0.019847,0.010905,-0.015516,0.154024,10,0.990303,0.964636,0.980153,0.564066,0.878784,0.849287,0.835913,0.3462,0.0,1.0,0.0
185,-0.087546,-0.00481,0.012157,0.019847,-0.107393,2,0.89778,0.975343,0.99519,0.574792,0.89861,0.754082,0.836956,0.348,0.0,1.0,0.0
186,-0.07274,-0.020407,0.009782,-0.00481,-0.06793,2,0.958869,0.984403,0.979593,0.408203,0.879351,0.856819,0.835954,0.3498,0.0,1.0,0.0
187,0.011465,-0.013089,0.005555,-0.020407,0.031872,7,0.968771,0.992682,0.986911,0.4362,0.896627,0.859721,0.836887,0.3516,0.0,1.0,0.0
188,0.076928,0.007579,0.002945,-0.013089,0.090017,5,0.997868,0.979332,0.992421,0.523696,0.894838,0.866944,0.836819,0.3534,0.0,1.0,0.0
189,-0.023288,0.000492,0.003594,0.007579,-0.030867,10,0.993527,0.992913,0.999508,0.584783,0.924227,0.847332,0.83714,0.3552,0.0,1.0,0.0
190,0.013073,0.00338,0.00316,0.000492,0.012582,4,0.936904,0.997111,0.99662,0.431606,0.90436,0.829003,0.837112,0.357,0.0,1.0,0.0
191,-0.029081,-0.004073,0.00319,0.00338,-0.032462,4,0.992247,0.992547,0.995927,0.54124,0.915782,0.856937,0.837224,0.3588,0.0,1.0,0.0
192,-0.096192,-0.025223,0.002174,-0.004073,-0.092119,8,0.974316,0.978849,0.974777,0.606539,0.902526,0.822682,0.837069,0.3606,0.0,1.0,0.0
193,-0.065823,-0.034545,-0.001662,-0.025223,-0.0406,11,0.990459,0.990678,0.965455,0.532341,0.903401,0.857374,0.83709,0.3624,0.0,1.0,0.0
194,-0.015272,-0.03012,-0.006266,-0.034545,0.019273,5,0.990351,0.995575,0.96988,0.496899,0.905326,0.866126,0.837131,0.3642,0.0,1.0,0.0
195,-0.048211,-0.034274,-0.009605,-0.03012,-0.018091,4,0.978421,0.995846,0.965726,0.5325,0.910211,0.845296,0.837202,0.366,0.0,1.0,0.0
196,-0.038687,-0.035287,-0.013059,-0.034274,-0.004413,3,0.961198,0.998987,0.964713,0.509304,0.910293,0.833872,0.837203,0.3678,0.0,1.0,0.0
197,0.010267,-0.024828,-0.016171,-0.035287,0.045554,8,0.975562,0.989541,0.975172,0.670611,0.926768,0.807909,0.837087,0.3696,0.0,1.0,0.0
198,0.201375,0.027108,-0.017383,-0.024828,0.226202,6,0.881412,0.948064,0.972892,0.465628,0.839487,0.765005,0.831523,0.3714,0.0,1.0,0.0
199,0.081114,0.039508,-0.011154,0.027108,0.054005,7,0.988188,0.9876,0.960492,0.636612,0.914699,0.829035,0.837225,0.3732,0.0,1.0,0.0
200,0.045347,0.040849,-0.004061,0.039508,0.005839,10,0.944626,0.998659,0.959151,0.56428,0.917107,0.803557,0.837221,0.375,0.0,1.0,0.0
201,-0.080388,0.013013,0.002226,0.040849,-0.121237,3,0.961027,0.972164,0.986987,0.488217,0.878335,0.838973,0.835881,0.3768,0.0,1.0,0.0
202,0.049244,0.021331,0.003736,0.013013,0.036231,8,0.881539,0.991681,0.978669,0.258194,0.864539,0.81699,0.834679,0.3786,0.0,1.0,0.0
203,0.013754,0.019592,0.0062,0.021331,-0.007578,7,0.9745,0.99826,0.980408,0.58165,0.92532,0.829087,0.837119,0.3804,0.0,1.0,0.0
204,0.017349,0.019077,0.008074,0.019592,-0.002242,1,0.959228,0.999485,0.980923,0.555831,0.922923,0.82027,0.837162,0.3822,0.0,1.0,0.0
205,0.098237,0.037252,0.009615,0.019077,0.07916,7,0.912963,0.981825,0.962748,0.577539,0.898381,0.768579,0.836949,0.384,0.0,1.0,0.0
206,0.122333,0.056787,0.013484,0.037252,0.085081,4,0.981641,0.980465,0.943213,0.488432,0.876889,0.859533,0.835773,0.3858,0.0,1.0,0.0
207,0.016712,0.047586,0.019546,0.056787,-0.040075,3,0.990848,0.990799,0.952414,0.592204,0.909484,0.842797,0.837195,0.3876,0.0,1.0,0.0
208,0.006799,0.038221,0.023472,0.047586,-0.040787,11,0.924866,0.990635,0.961779,0.524956,0.901134,0.793627,0.837033,0.3894,0.0,1.0,0.0
209,0.043256,0.039377,0.025537,0.038221,0.005035,6,0.902548,0.998844,0.960623,0.506352,0.90849,0.77596,0.837183,0.3912,0.0,1.0,0.0
210,0.113367,0.056365,0.027474,0.039377,0.07399,5,0.936399,0.983012,0.943635,0.467148,0.876908,0.819612,0.835774,0.393,0.0,1.0,0.0
211,0.188461,0.086694,0.031519,0.056365,0.132096,9,0.99028,0.969671,0.913306,0.468907,0.851378,0.873053,0.833177,0.3948,0.0,1.0,0.0
212,-0.03099,0.059674,0.039244,0.086694,-0.117684,9,0.964591,0.97298,0.940326,0.510239,0.869852,0.837031,0.835187,0.3966,0.0,1.0,0.0
213,-0.057902,0.032679,0.042104,0.059674,-0.117576,3,0.967014,0.973005,0.967321,0.639423,0.898113,0.807158,0.83694,0.3984,0.0,1.0,0.0
214,-0.006845,0.023604,0.040784,0.032679,-0.039523,9,0.94421,0.990925,0.976396,0.51486,0.903988,0.815495,0.837104,0.4002,0.0,1.0,0.0
215,-0.00743,0.016479,0.038379,0.023604,-0.031034,11,0.965148,0.992875,0.983521,0.489715,0.90449,0.842719,0.837115,0.402,0.0,1.0,0.0
216,-0.051133,0.000955,0.035313,0.016479,-0.067612,10,0.983602,0.984476,0.999045,0.534656,0.905125,0.849938,0.837127,0.4038,0.0,1.0,0.0
217,-0.044893,-0.009572,0.030503,0.000955,-0.045848,4,0.983906,0.989473,0.990428,0.444848,0.89483,0.872693,0.836818,0.4056,0.0,1.0,0.0
218,-0.005412,-0.008617,0.024892,-0.009572,0.00416,2,0.924897,0.999045,0.991383,0.368216,0.895262,0.832843,0.836835,0.4074,0.0,1.0,0.0
219,0.032415,0.000804,0.020201,-0.008617,0.041031,1,0.893146,0.990579,0.999196,0.473767,0.903348,0.774704,0.837089,0.4092,0.0,1.0,0.0
220,-0.035728,-0.007584,0.017486,0.000804,-0.036533,6,0.968362,0.991612,0.992416,0.401344,0.891202,0.868026,0.836659,0.411,0.0,1.0,0.0
