cycle,self_state,stability,rigidity,adaptive_score,observer_a_trust,observer_a_alert,observer_b_anomaly,observer_b_alert,ledger_warning,previous_hash,hash
1,0.002873,0.942046,0.795606,0.836494,0.779144,False,0.007404,False,0.0,0000000000000000000000000000000000000000000000000000000000000000,8bd305249f4590cae5bb010ec373348d2dda56c148a383a07a825efcb3628554
2,0.002552,0.944543,0.812178,0.836352,0.776732,False,0.001243,False,0.001333,8bd305249f4590cae5bb010ec373348d2dda56c148a383a07a825efcb3628554,ef9758fa4714986592df0de5f55c4482d6998ecc78820f2aad8a97cfebdbb8bf
3,0.002873,0.945429,0.809614,0.836299,0.777477,False,0.002753,False,0.001844,ef9758fa4714986592df0de5f55c4482d6998ecc78820f2aad8a97cfebdbb8bf,111d11986f7293cec362e4173164d4002ed8a4a2bb710b98af57bdf9daf4f35c
4,0.002154,0.946116,0.810599,0.836257,0.777654,False,0.001856,False,0.00216,111d11986f7293cec362e4173164d4002ed8a4a2bb710b98af57bdf9daf4f35c,274d80a5cfd4d025a535059a7772b07c531f7d72be9a4bfc71aa2e282e1adcf2
5,-0.001827,0.942192,0.79944,0.836486,0.778635,False,0.007181,False,0.002324,274d80a5cfd4d025a535059a7772b07c531f7d72be9a4bfc71aa2e282e1adcf2,8719c3aaa3a65004440a305277bb98f83c93bd6ed8612201df5c8fe8d63e31ff
6,-0.003312,0.942364,0.796552,0.836476,0.778974,False,0.007474,False,0.002595,8719c3aaa3a65004440a305277bb98f83c93bd6ed8612201df5c8fe8d63e31ff,6fe5577dbfd9ce73721cce5bc461190577721f54d1341263361d98ff1baffc18
7,-0.000261,0.943403,0.802551,0.836418,0.778733,False,0.007466,False,0.002913,6fe5577dbfd9ce73721cce5bc461190577721f54d1341263361d98ff1baffc18,85d03b4228cf75c5529e2097d88d2e3fe3cc6504ba8851122e8f8108b4a63b2d
8,-0.002744,0.941072,0.800122,0.836545,0.777938,False,0.007989,False,0.00324,85d03b4228cf75c5529e2097d88d2e3fe3cc6504ba8851122e8f8108b4a63b2d,7dfbe6f59cd8ecbd901952f30d9fdca6136ded79d54bf5472f8ed451b3c7691f
9,-0.001722,0.94445,0.801453,0.836358,0.779012,False,0.005219,False,0.003568,7dfbe6f59cd8ecbd901952f30d9fdca6136ded79d54bf5472f8ed451b3c7691f,3e585bc2b7de23b934e50e869cafbf375f4a549a3a9f1fabb99d1d25418704cc
10,0.00182,0.941612,0.800484,0.836517,0.778233,False,0.008201,False,0.003826,3e585bc2b7de23b934e50e869cafbf375f4a549a3a9f1fabb99d1d25418704cc,dd83ace08836818c43f42cebe335444daf4741719f96bf28f7348096260059a5
11,0.001777,0.945467,0.811551,0.836297,0.777322,False,0.001681,False,0.004083,dd83ace08836818c43f42cebe335444daf4741719f96bf28f7348096260059a5,b142b8e4d03596f2ce13cf8ec5529e5e7d2176f61836af74b725bad8208da6b6
12,0.003353,0.943024,0.805072,0.83644,0.777483,False,0.004598,False,0.004223,b142b8e4d03596f2ce13cf8ec5529e5e7d2176f61836af74b725bad8208da6b6,11503519163b6be205e8df6848d6f0c5677ab598767a6dfc2607f39d6a30f510
13,0.003006,0.945534,0.812635,0.836293,0.776882,False,0.001573,False,0.004325,11503519163b6be205e8df6848d6f0c5677ab598767a6dfc2607f39d6a30f510,eeeba5cdc9cfd8dd41a4e283122572b0d65ed2b14050049ddae3b3dfbe241194
14,0.003416,0.945585,0.811091,0.83629,0.777126,False,0.001141,False,0.004355,eeeba5cdc9cfd8dd41a4e283122572b0d65ed2b14050049ddae3b3dfbe241194,977388208c5fd014ea3751ba35788effc748c36402de6eaacbd25405e9e96411
15,0.005072,0.943265,0.807656,0.836426,0.776704,False,0.003594,False,0.004329,977388208c5fd014ea3751ba35788effc748c36402de6eaacbd25405e9e96411,7d0b6320d1d93092deff3b926f64143f6b8b721736865a048966bd15b943f451
16,0.019991,0.915895,0.778658,0.837224,0.770139,False,0.050675,False,0.004296,7d0b6320d1d93092deff3b926f64143f6b8b721736865a048966bd15b943f451,e83ad3a0075c5849affe6e4bd4a54a10b5257e4ba97966b78b67cb15bbec18f8
17,0.015045,0.938257,0.807996,0.836684,0.772953,False,0.008553,False,0.004787,e83ad3a0075c5849affe6e4bd4a54a10b5257e4ba97966b78b67cb15bbec18f8,d2fc7445bd203959f3b9be06b32a5dcc3655d83759e2574b1a1be0178e5f62fb
18,0.016659,0.939193,0.802388,0.83664,0.774068,False,0.005557,False,0.005193,d2fc7445bd203959f3b9be06b32a5dcc3655d83759e2574b1a1be0178e5f62fb,e5e801d470256695fff30c77379c20da66a9608a1fca9662202495075f76c667
19,0.014932,0.939395,0.803339,0.83663,0.774292,False,0.007356,False,0.005567,e5e801d470256695fff30c77379c20da66a9608a1fca9662202495075f76c667,f54a7065c82a28b50c28c07004a7618a16d3bbf0505e38493ebec6ae2cc0f981
20,0.013259,0.941839,0.808721,0.836505,0.774374,False,0.005437,False,0.005917,f54a7065c82a28b50c28c07004a7618a16d3bbf0505e38493ebec6ae2cc0f981,f52d896263b41f4b823b07e54e30f7cfba4febb28c2601ed14a153763c145bbb
21,0.012253,0.942302,0.812741,0.83648,0.773927,False,0.002526,False,0.006238,f52d896263b41f4b823b07e54e30f7cfba4febb28c2601ed14a153763c145bbb,ba87ae331a1e30d803e1540fb51dd0a2b101f9111a9c8fd659456902b6cf6e70
22,0.009203,0.940707,0.802177,0.836564,0.776112,False,0.008207,False,0.006442,ba87ae331a1e30d803e1540fb51dd0a2b101f9111a9c8fd659456902b6cf6e70,88e3512154da44ca9083b96f251b760b8efc84c7446e32f91863e88220b90e01
23,0.020574,0.916766,0.792889,0.837222,0.767481,False,0.05085,False,0.006613,88e3512154da44ca9083b96f251b760b8efc84c7446e32f91863e88220b90e01,7af58cfbb13b8244884f303d51d9d88212775e6cd292eb72649de2b4c9208502
24,0.018303,0.938515,0.808457,0.836672,0.772296,False,0.007305,False,0.007239,7af58cfbb13b8244884f303d51d9d88212775e6cd292eb72649de2b4c9208502,1fad6f7fcf16b7877dcac35f9ea59e6e5165107aba2e28a99be3657d0787869f
25,0.003153,0.915889,0.791782,0.837224,0.77088,False,0.056778,False,0.007731,1fad6f7fcf16b7877dcac35f9ea59e6e5165107aba2e28a99be3657d0787869f,2823b5aca450ab6fc2e2e7077ae2121a796de9963c92d7673b010408ef5b297d
26,0.001327,0.943779,0.808741,0.836397,0.777408,False,0.004341,False,0.008705,2823b5aca450ab6fc2e2e7077ae2121a796de9963c92d7673b010408ef5b297d,f696eb172ee9dcac49d6737be7fe41d8bbf2a7846da0750a2f58e198f0735e10
27,0.002678,0.943295,0.810231,0.836424,0.776677,False,0.003815,False,0.009441,f696eb172ee9dcac49d6737be7fe41d8bbf2a7846da0750a2f58e198f0735e10,bb74f3be9dcf3298624cce78dd20583684ec494e23bc38dc70f8d65acca4e155
28,-0.010446,0.917756,0.791394,0.837217,0.770151,False,0.051162,False,0.010054,bb74f3be9dcf3298624cce78dd20583684ec494e23bc38dc70f8d65acca4e155,352560fe61ea7edec008c3e5d57e73c7776074391034877524103030636b0289
29,-0.005201,0.93969,0.805766,0.836615,0.775852,False,0.007529,False,0.011068,352560fe61ea7edec008c3e5d57e73c7776074391034877524103030636b0289,a96d3e0cf795de5035a222edd1018ba5511c1eb815b524ec84fb38b40d855526
30,-0.005757,0.945367,0.810154,0.836303,0.776772,False,0.001147,False,0.011946,a96d3e0cf795de5035a222edd1018ba5511c1eb815b524ec84fb38b40d855526,a88b916c9550893daded3d78568aada305f0807c8d1e7bf5b9908dbb5139cd2d
31,-0.002556,0.942421,0.808271,0.836473,0.7768,False,0.005796,False,0.012649,a88b916c9550893daded3d78568aada305f0807c8d1e7bf5b9908dbb5139cd2d,c7316174acbe5726371e8c89afa505459dfac6b50a2a25a81111983b0b6b425b
32,0.002201,0.939631,0.789422,0.836618,0.779701,False,0.011869,False,0.013236,c7316174acbe5726371e8c89afa505459dfac6b50a2a25a81111983b0b6b425b,4838d63142fa5aac2e4f055f6887189981369ff73933f6ac226cdc92373f99fd
33,0.004798,0.942,0.805054,0.836496,0.776854,False,0.005587,False,0.013269,4838d63142fa5aac2e4f055f6887189981369ff73933f6ac226cdc92373f99fd,1cbbdedee16664042d8ce3f5fb00fad1fac7388cf23c74143275b23c1fc399b2
34,0.004254,0.943952,0.812851,0.836387,0.776059,False,0.002116,False,0.013262,1cbbdedee16664042d8ce3f5fb00fad1fac7388cf23c74143275b23c1fc399b2,e78a96472a9abb6132493f712edd1a23045c18f9c129f3ad068f73379eea94d6
35,0.002683,0.943651,0.808003,0.836404,0.777242,False,0.002879,False,0.013217,e78a96472a9abb6132493f712edd1a23045c18f9c129f3ad068f73379eea94d6,9f29dc8a71f882951dcc6aa1a0e9b84e2bead93138c5d33c11bdd5922facad2c
36,0.003494,0.944757,0.810237,0.83634,0.777004,False,0.002605,False,0.013131,9f29dc8a71f882951dcc6aa1a0e9b84e2bead93138c5d33c11bdd5922facad2c,99d6b5136143d653733d4815f340533274a8d3f07a7a93970aefc7c1b1b72618
37,-0.002465,0.939955,0.806323,0.836602,0.776377,False,0.009518,False,0.013031,99d6b5136143d653733d4815f340533274a8d3f07a7a93970aefc7c1b1b72618,68fe8b13b418e08cbe2545b79b67e0d8925ed7d760e89fb22243cdf519fe9132
38,-0.003764,0.943404,0.808378,0.836418,0.776868,False,0.003201,False,0.013029,68fe8b13b418e08cbe2545b79b67e0d8925ed7d760e89fb22243cdf519fe9132,b5a2328a1542c61a51aecb42b3d422ecef80a60d56481cb0b1d6c5d02506746d
39,-0.004092,0.94348,0.809073,0.836414,0.776689,False,0.003217,False,0.012971,b5a2328a1542c61a51aecb42b3d422ecef80a60d56481cb0b1d6c5d02506746d,f35f977cc145126e84907f53da54caebcfe4e57f72649099c480348d8e4b5c05
40,-0.004378,0.943442,0.805288,0.836416,0.777375,False,0.004269,False,0.012389,f35f977cc145126e84907f53da54caebcfe4e57f72649099c480348d8e4b5c05,39f0cfb9c7ca3005b45da4d9e30e6783e43cd2051c82d17bd122bec7b9c62970
41,-0.002401,0.942036,0.803066,0.836494,0.777743,False,0.007497,False,0.01189,39f0cfb9c7ca3005b45da4d9e30e6783e43cd2051c82d17bd122bec7b9c62970,f7b125d630045060d5df317fd6e468675bd9ee00629e878cb2f96c14ee3709f5
42,0.0004,0.942903,0.803346,0.836446,0.778378,False,0.006311,False,0.010935,f7b125d630045060d5df317fd6e468675bd9ee00629e878cb2f96c14ee3709f5,fb16d7c9733a97f46ef687163632dca8bc48b42efd80515db551bff67b6f8805
43,0.003801,0.939674,0.788421,0.836616,0.779595,False,0.012282,False,0.010194,fb16d7c9733a97f46ef687163632dca8bc48b42efd80515db551bff67b6f8805,e3d1aed8759fb285efed5584ac7e98d51ef27df70845959007b7ae127c55e7b6
44,0.002351,0.941522,0.81509,0.836522,0.775175,False,0.005172,False,0.009696,e3d1aed8759fb285efed5584ac7e98d51ef27df70845959007b7ae127c55e7b6,a111de822ce42ffd2cae138c5ab94a88ef10a9cbf646bc62a35ea74a6e61bfca
45,0.004008,0.942217,0.81176,0.836484,0.775743,False,0.004262,False,0.008781,a111de822ce42ffd2cae138c5ab94a88ef10a9cbf646bc62a35ea74a6e61bfca,ec83ccbd33862c50cecef159c170bda3609c48005e1612207f7aef2fae70ac71
46,0.005447,0.942412,0.81288,0.836474,0.775297,False,0.002718,False,0.008012,ec83ccbd33862c50cecef159c170bda3609c48005e1612207f7aef2fae70ac71,58a8b95ee6e3eb732ce5ef11ddede75d4e70258abf887dd0a6c29510a5b93b07
47,0.003112,0.942645,0.810553,0.836461,0.776308,False,0.004315,False,0.007414,58a8b95ee6e3eb732ce5ef11ddede75d4e70258abf887dd0a6c29510a5b93b07,c95163823906ef191b96fb10426179aa1a00a7f2a508e77d93cb0d5beff4ebec
48,0.003451,0.943632,0.815741,0.836405,0.775534,False,0.001503,False,0.006919,c95163823906ef191b96fb10426179aa1a00a7f2a508e77d93cb0d5beff4ebec,2a6386a252428521ab00ae2f960e2423e8996c16d02940a2a5020621f7c0cfee
49,0.002506,0.943363,0.814157,0.836421,0.77595,False,0.002056,False,0.006407,2a6386a252428521ab00ae2f960e2423e8996c16d02940a2a5020621f7c0cfee,f4ec8c5df8a59bcb85dedc26575b2fbf3cba26e67f263379745221871a814ef7
50,0.00087,0.942936,0.812627,0.836445,0.776439,False,0.003426,False,0.005957,f4ec8c5df8a59bcb85dedc26575b2fbf3cba26e67f263379745221871a814ef7,8beb7af68314e17edc58f96f2508a613101fb4831a754b4851cdb8321cdbd322
51,-0.00371,0.940816,0.812022,0.836559,0.775279,False,0.006906,False,0.005612,8beb7af68314e17edc58f96f2508a613101fb4831a754b4851cdb8321cdbd322,2da96e65257582d2ca661727aecf67880b00aed4dae058ba88787825078cf93d
52,0.001928,0.937612,0.794898,0.836714,0.777977,False,0.012839,False,0.005381,2da96e65257582d2ca661727aecf67880b00aed4dae058ba88787825078cf93d,c850e52e14a49df2577517f23a576e44ebc6666b75eb2b1dc4c2a9e2c909435b
53,-0.000423,0.942317,0.809624,0.836479,0.776921,False,0.004604,False,0.005312,c850e52e14a49df2577517f23a576e44ebc6666b75eb2b1dc4c2a9e2c909435b,6d580e197e27765378b10d8901a7559342c3933c2bb16f07ca2d6b91f98d535b
54,-0.00022,0.944058,0.809122,0.836381,0.777647,False,0.002313,False,0.005201,6d580e197e27765378b10d8901a7559342c3933c2bb16f07ca2d6b91f98d535b,801b19ad8d2613c24729d088e5e62facd3a6cbdf8edf7f48a13d69f58dd17fc5
55,0.000607,0.944016,0.810189,0.836383,0.777342,False,0.002779,False,0.005102,801b19ad8d2613c24729d088e5e62facd3a6cbdf8edf7f48a13d69f58dd17fc5,9a70fa6ebdd501a4d5b7dc5f978ccec707cf2a0a8955012ab4a4a485b5d5f0f8
56,-0.004243,0.938523,0.799467,0.836672,0.776909,False,0.009803,False,0.005018,9a70fa6ebdd501a4d5b7dc5f978ccec707cf2a0a8955012ab4a4a485b5d5f0f8,20f758be6f396508273971d4f37d58ae9b0a4c250357640924a55b5a4dd16cef
57,-0.001386,0.942009,0.805392,0.836495,0.777471,False,0.005781,False,0.005014,20f758be6f396508273971d4f37d58ae9b0a4c250357640924a55b5a4dd16cef,1515dec73a64632377b28f719d5835c5ee374b731b8ce412cdc3ea692f933176
58,-0.001476,0.945221,0.811804,0.836312,0.777249,False,0.000424,False,0.00499,1515dec73a64632377b28f719d5835c5ee374b731b8ce412cdc3ea692f933176,00201c1406fd8c2e325b5c6c83827191896cfff12afe0fc523464a584ddd1779
59,-0.000337,0.943372,0.812535,0.83642,0.776711,False,0.003292,False,0.004906,00201c1406fd8c2e325b5c6c83827191896cfff12afe0fc523464a584ddd1779,f8c7e499f1c69438d865c899635c621916ae799ba55d2491d7d1e655a494044d
60,0.000408,0.943434,0.811221,0.836416,0.77698,False,0.002552,False,0.004737,f8c7e499f1c69438d865c899635c621916ae799ba55d2491d7d1e655a494044d,3750bc736df088e6d86ad18c24d81644743b5d0073f2e9c55478097354f8ec5f
61,-0.001589,0.942202,0.813934,0.836485,0.775787,False,0.004125,False,0.004572,3750bc736df088e6d86ad18c24d81644743b5d0073f2e9c55478097354f8ec5f,0ce73c6010ea2b8777de0033e104e66b5834e8ed97d1dba0c7728678aa6f5347
62,-0.001668,0.945262,0.813714,0.836309,0.776843,False,0.000537,False,0.004439,0ce73c6010ea2b8777de0033e104e66b5834e8ed97d1dba0c7728678aa6f5347,399f15ccd02bf2b8ee5a484515ddeda4e3c00d5bd278fb1052a8f88b1c1b81e7
63,-0.004011,0.941144,0.809974,0.836541,0.775739,False,0.004288,False,0.004308,399f15ccd02bf2b8ee5a484515ddeda4e3c00d5bd278fb1052a8f88b1c1b81e7,7e76d312abd2b3023892536b606a6f571e0ac1819093465edecc9884d75100d2
64,-0.00336,0.942655,0.811474,0.83646,0.776077,False,0.001765,False,0.004202,7e76d312abd2b3023892536b606a6f571e0ac1819093465edecc9884d75100d2,94a7361565a50c2736d0d1e12dddf62334db59d047381ca384f4af79c6afd40e
65,-0.003841,0.94182,0.808231,0.836506,0.776349,False,0.003788,False,0.004121,94a7361565a50c2736d0d1e12dddf62334db59d047381ca384f4af79c6afd40e,bd9a2c7b35a9035a0a10a5f55e1566137b3fabb2efafc091326e13e96d58add4
66,-0.006814,0.939318,0.803023,0.836634,0.775952,False,0.007044,False,0.004076,bd9a2c7b35a9035a0a10a5f55e1566137b3fabb2efafc091326e13e96d58add4,553d7d0c7ace363354c80bef2d49ade7630ebd608e119a96fade48e83d3093ae
67,-0.006697,0.942088,0.811613,0.836491,0.775192,False,0.002105,False,0.00408,553d7d0c7ace363354c80bef2d49ade7630ebd608e119a96fade48e83d3093ae,369ba03e8477377687ef981a1e8f87fb02e3e349447f80d1199c49eefd9f9f3d
68,-0.007157,0.941644,0.814813,0.836515,0.77431,False,0.002097,False,0.004029,369ba03e8477377687ef981a1e8f87fb02e3e349447f80d1199c49eefd9f9f3d,96be273c3dcb4e8f67986c61198a24ade64609b7623092573ad5a238beb4c86a
69,-0.005809,0.941229,0.810725,0.836537,0.775258,False,0.004017,False,0.003868,96be273c3dcb4e8f67986c61198a24ade64609b7623092573ad5a238beb4c86a,f56fdfef855b3bb916788f4e88672fea37d423a5bf8adca169884d0b3765b097
70,-0.005538,0.943085,0.813179,0.836436,0.775445,False,0.000537,False,0.003733,f56fdfef855b3bb916788f4e88672fea37d423a5bf8adca169884d0b3765b097,f3f8ef15539f05f6ec5f8041de7f7eb29907d1faf7ed41374ace553226e3b779
71,-0.007497,0.939379,0.800545,0.836631,0.776332,False,0.007272,False,0.003604,f3f8ef15539f05f6ec5f8041de7f7eb29907d1faf7ed41374ace553226e3b779,c99e3f7e6d968b6e51f132dce8ff37276c2d8c107aa5d4140529b587c742b158
72,-0.008851,0.939868,0.807505,0.836607,0.774834,False,0.00485,False,0.003552,c99e3f7e6d968b6e51f132dce8ff37276c2d8c107aa5d4140529b587c742b158,ed105661d272d7be941b22b8d3bc5efaa23eafd0834c40a55a2810bd34c49311
73,-0.005737,0.941021,0.809463,0.836548,0.775454,False,0.004563,False,0.003454,ed105661d272d7be941b22b8d3bc5efaa23eafd0834c40a55a2810bd34c49311,4021b4016896d6c65691164eaad53e66e9a2a399bb40e8a51d41d4f54cef43eb
74,-0.006931,0.940615,0.810023,0.836569,0.774967,False,0.004294,False,0.003363,4021b4016896d6c65691164eaad53e66e9a2a399bb40e8a51d41d4f54cef43eb,521d7bf273052f48d3f5c46f8f68aa5ad4a2734b93349ae30f536ee8a698a5fb
75,-0.007131,0.941715,0.812725,0.836511,0.774757,False,0.00253,False,0.003333,521d7bf273052f48d3f5c46f8f68aa5ad4a2734b93349ae30f536ee8a698a5fb,543d01fb94add28e35ea160f5be3dd4e100440fd19779024324cbc8443b2bacb
76,-0.005377,0.941136,0.810926,0.836542,0.775273,False,0.005432,False,0.0033,543d01fb94add28e35ea160f5be3dd4e100440fd19779024324cbc8443b2bacb,7cd80d9e06eeb374062aebbb127fdf155bcdc3515aa7d9bd4277d467df3624f9
77,-0.004755,0.941514,0.817026,0.836522,0.774304,False,0.002238,False,0.003307,7cd80d9e06eeb374062aebbb127fdf155bcdc3515aa7d9bd4277d467df3624f9,f1d7f3f0c44361bc5badb31e23d108b4d2c75fc43a1559098eb9940b3e20b2a9
78,-0.007392,0.937053,0.805808,0.836739,0.774513,False,0.006642,False,0.003291,f1d7f3f0c44361bc5badb31e23d108b4d2c75fc43a1559098eb9940b3e20b2a9,09608cdbd0d1276b1553f5083ea2e8cd1583ec5d2dbbe6a6357ac55265c551e1
79,-0.005973,0.941501,0.813603,0.836523,0.774741,False,0.003218,False,0.003346,09608cdbd0d1276b1553f5083ea2e8cd1583ec5d2dbbe6a6357ac55265c551e1,f9ff17aa3b0b7eb6ade815ad476d60006fc089115f8e179c149a06705e8b6955
80,-0.005422,0.942493,0.81637,0.836469,0.774631,False,0.001353,False,0.003379,f9ff17aa3b0b7eb6ade815ad476d60006fc089115f8e179c149a06705e8b6955,d5015d14e6a74b879e8697a22d559f5cbfacd5349ab05994ed640bdd2a8108d4
81,-0.001562,0.939147,0.806224,0.836642,0.776305,False,0.007896,False,0.003401,d5015d14e6a74b879e8697a22d559f5cbfacd5349ab05994ed640bdd2a8108d4,90a0108398b93a7c87cfd88cded0c368fd8544b6228fc86bc701c3cda9816171
82,-0.002282,0.942212,0.816526,0.836485,0.775134,False,0.002477,False,0.003464,90a0108398b93a7c87cfd88cded0c368fd8544b6228fc86bc701c3cda9816171,5d5b175bac8e756fba332df243eeea96dcbbbd5a0240648b396a8931606b7661
83,-0.00177,0.943246,0.814787,0.836427,0.775931,False,0.002009,False,0.003463,5d5b175bac8e756fba332df243eeea96dcbbbd5a0240648b396a8931606b7661,7c8d9ea7a8eed09e57fa50b6d0eba5ccace03f738b9235669695f59c234f8c9d
84,-0.003049,0.941191,0.815676,0.836539,0.774807,False,0.002781,False,0.003462,7c8d9ea7a8eed09e57fa50b6d0eba5ccace03f738b9235669695f59c234f8c9d,33a1b9a6b82a4fc4a93e79f94723c44ea9d0bb803e3dbdde80c21f49f1ce4a39
85,-0.003393,0.941253,0.817486,0.836536,0.774397,False,0.00204,False,0.003468,33a1b9a6b82a4fc4a93e79f94723c44ea9d0bb803e3dbdde80c21f49f1ce4a39,0570dc8278a0b6a873fc5e837744520e371621d65f71ea74298fe673bf2fb517
86,-0.002116,0.941708,0.815297,0.836512,0.775243,False,0.002976,False,0.003451,0570dc8278a0b6a873fc5e837744520e371621d65f71ea74298fe673bf2fb517,51002df5e02f88619c7c23dca42b8fc0461b3e55ea7e70d3ed3c1a0176143c64
87,9.8e-05,0.941708,0.811292,0.836512,0.776448,False,0.004283,False,0.003465,51002df5e02f88619c7c23dca42b8fc0461b3e55ea7e70d3ed3c1a0176143c64,cfc60aef1a8acc2d7c1c1fe79c92012de90de59c1ee09cb4c5e83cf091653365
88,-0.002045,0.940283,0.8099,0.836586,0.775857,False,0.004234,False,0.003442,cfc60aef1a8acc2d7c1c1fe79c92012de90de59c1ee09cb4c5e83cf091653365,2a766233c4810b9dc6a4dcd876f1a36dafbfdccfae45359d320f1f3b7ab67305
89,0.004771,0.934972,0.796534,0.836826,0.776186,False,0.013405,False,0.003417,2a766233c4810b9dc6a4dcd876f1a36dafbfdccfae45359d320f1f3b7ab67305,0759fa25a00edd2c6666fbda6e4d8d933cf3866e30feb8c877c10628cda3edea
90,0.007478,0.937679,0.805494,0.836711,0.774771,False,0.006365,False,0.003496,0759fa25a00edd2c6666fbda6e4d8d933cf3866e30feb8c877c10628cda3edea,b754c6e754e568e38c051448f6dcb3c4e102f36bed25d19c19b55aa32a5c1641
91,0.004575,0.940363,0.815624,0.836582,0.774233,False,0.004321,False,0.003583,b754c6e754e568e38c051448f6dcb3c4e102f36bed25d19c19b55aa32a5c1641,21509d55a6ded7b7134b4c5ed9584062e2ba4bed7244ca17927a559a8accf262
92,0.005555,0.940122,0.809098,0.836594,0.775261,False,0.005226,False,0.003673,21509d55a6ded7b7134b4c5ed9584062e2ba4bed7244ca17927a559a8accf262,043badd549d8253114eddba1f0cae2ea2c16d048414de2b9a3d69601ea836cd3
93,0.004255,0.94155,0.817104,0.83652,0.774401,False,0.002136,False,0.003742,043badd549d8253114eddba1f0cae2ea2c16d048414de2b9a3d69601ea836cd3,946a51e5b353a4d8f3a7a0cad3ce4a8ec8e03625ada719fa6cbf39f1f091d08c
94,0.001732,0.938315,0.803157,0.836681,0.776603,False,0.008628,False,0.003797,946a51e5b353a4d8f3a7a0cad3ce4a8ec8e03625ada719fa6cbf39f1f091d08c,233803ede3d2e719f419ffa184461f50da553b223bd675e2109af28228c3af04
95,0.000455,0.940341,0.815176,0.836583,0.775139,False,0.003449,False,0.003862,233803ede3d2e719f419ffa184461f50da553b223bd675e2109af28228c3af04,f8786f1c6fe8d809b0dd0e4066e32b70d32fb495e6e393a0db6d81d1cdbc35f6
96,-0.003632,0.937075,0.803593,0.836738,0.775716,False,0.009065,False,0.003918,f8786f1c6fe8d809b0dd0e4066e32b70d32fb495e6e393a0db6d81d1cdbc35f6,fc2db2e97431f84bdb536d4cb4e9a6bd95a820c1f5481b3129f98f16b3a4dcaf
97,-0.004087,0.940295,0.816623,0.836585,0.774107,False,0.003192,False,0.004049,fc2db2e97431f84bdb536d4cb4e9a6bd95a820c1f5481b3129f98f16b3a4dcaf,4eb632c6209d8a9c185cb286ea0a6828e1ebb84e6c0b1c3c780ccc5e2ac1c928
98,-0.001084,0.938056,0.804552,0.836693,0.776366,False,0.007693,False,0.004101,4eb632c6209d8a9c185cb286ea0a6828e1ebb84e6c0b1c3c780ccc5e2ac1c928,8d425932e66a53da2557f42860e8844f97b6179a7a3612242de32f119e2a6905
99,-0.000896,0.941348,0.813273,0.836531,0.775771,False,0.002855,False,0.004201,8d425932e66a53da2557f42860e8844f97b6179a7a3612242de32f119e2a6905,40e1b4c8dc23321fe7d614858a56e9082bb59ff361d39fc56e69b738f7ef45ff
100,0.002127,0.937947,0.806909,0.836698,0.775649,False,0.008237,False,0.00429,40e1b4c8dc23321fe7d614858a56e9082bb59ff361d39fc56e69b738f7ef45ff,422ae8006ea8ca53f0ed3dfecc86207cc9d1440cc67c2b8f71bbca4bd43bb387
101,0.002224,0.941489,0.821233,0.836523,0.773961,False,0.000333,False,0.004424,422ae8006ea8ca53f0ed3dfecc86207cc9d1440cc67c2b8f71bbca4bd43bb387,f7b608320640fb0345e613e5f8525f9ca92496cf02730d7e3a94e3e1062c5aa8
102,0.000402,0.939882,0.818405,0.836606,0.774349,False,0.004029,False,0.004511,f7b608320640fb0345e613e5f8525f9ca92496cf02730d7e3a94e3e1062c5aa8,f36b1308215916273a23f768e4b23a2a7900f841133a04269e80966bfdeaf13a
103,-0.001873,0.938923,0.811315,0.836653,0.775149,False,0.005943,False,0.004592,f36b1308215916273a23f768e4b23a2a7900f841133a04269e80966bfdeaf13a,8a03ea61a354ac39a46f6e8af7f806210cd3995b5581436172b5a94c8850099f
104,0.004762,0.933564,0.802192,0.83688,0.774577,False,0.01228,False,0.004676,8a03ea61a354ac39a46f6e8af7f806210cd3995b5581436172b5a94c8850099f,c72b4b5aa449939c6566f5fd757a77a089dda3d61dde9a3d09dc9dbe4c7cf90e
105,0.002889,0.940168,0.819786,0.836592,0.773672,False,0.003058,False,0.004834,c72b4b5aa449939c6566f5fd757a77a089dda3d61dde9a3d09dc9dbe4c7cf90e,db2e1fc7bfff31917c0284ab406fdc37d439986d2e0697bd6817e1349e32195f
106,0.002726,0.941173,0.819084,0.83654,0.774184,False,0.000681,False,0.004844,db2e1fc7bfff31917c0284ab406fdc37d439986d2e0697bd6817e1349e32195f,d4a7c3681c80d9989d90aa25d9fef95710dfccf55cec86023bc4178967d6e91a
107,0.004927,0.93765,0.806256,0.836712,0.775119,False,0.007066,False,0.004788,d4a7c3681c80d9989d90aa25d9fef95710dfccf55cec86023bc4178967d6e91a,660a7f330f163df4c192d76257fef32a5d0bad246411dbaa2ade7cf25f53ee01
108,-0.000531,0.937418,0.808374,0.836722,0.775496,False,0.008124,False,0.004774,660a7f330f163df4c192d76257fef32a5d0bad246411dbaa2ade7cf25f53ee01,f8797af5a126552ff9bea99ba654251eb4616186cab36455b0bef66659405342
109,0.000545,0.940742,0.8175,0.836562,0.774791,False,0.001725,False,0.004795,f8797af5a126552ff9bea99ba654251eb4616186cab36455b0bef66659405342,30c0f453d21b6cd15e1d1301c1519bbce34220b1f048efd8d2e59bddceb3122e
110,0.002033,0.938975,0.811546,0.83665,0.775088,False,0.004971,False,0.004808,30c0f453d21b6cd15e1d1301c1519bbce34220b1f048efd8d2e59bddceb3122e,867a05575dc5675a0824787f4422164e5507db776f557fcfc63d82249aa67b70
111,0.00445,0.936475,0.801916,0.836764,0.775684,False,0.008449,False,0.004777,867a05575dc5675a0824787f4422164e5507db776f557fcfc63d82249aa67b70,f0559622997cdb7e83a93027aa3ebbe5f1604b451fd1c25b0a2e35f79e56f40e
112,0.003371,0.939964,0.819116,0.836602,0.77364,False,0.002946,False,0.004808,f0559622997cdb7e83a93027aa3ebbe5f1604b451fd1c25b0a2e35f79e56f40e,1a9f5c370979a555fadc47f54ad9218d43211851ae3d0a3ff76ae6c9733ab15d
113,-0.000951,0.936671,0.80995,0.836755,0.774843,False,0.008507,False,0.004764,1a9f5c370979a555fadc47f54ad9218d43211851ae3d0a3ff76ae6c9733ab15d,ef39f35ee9c8539447a764dc6d64fc05c5d0f858c275b828940ef5ec28431989
114,0.001154,0.938887,0.814464,0.836654,0.77465,False,0.004106,False,0.004789,ef39f35ee9c8539447a764dc6d64fc05c5d0f858c275b828940ef5ec28431989,ffaab2ed7c9b27d115427dc66c5d4c464b37a06966e657319b92a9b94bd5611f
115,0.005853,0.934638,0.811173,0.836839,0.772928,False,0.008173,False,0.004768,ffaab2ed7c9b27d115427dc66c5d4c464b37a06966e657319b92a9b94bd5611f,c6bea87ff9a6bae792f2c3d407aa5a7689f9240c402b429d3f00c66730499760
116,0.005301,0.938782,0.819343,0.836659,0.77281,False,0.003356,False,0.004812,c6bea87ff9a6bae792f2c3d407aa5a7689f9240c402b429d3f00c66730499760,ef736a9884b277cd6d1023df8bf8276eca4f414df65935ccf098679c9a7b9ce6
117,0.006188,0.938503,0.821167,0.836673,0.772173,False,0.003014,False,0.004792,ef736a9884b277cd6d1023df8bf8276eca4f414df65935ccf098679c9a7b9ce6,4d650c8413e93d5c47a5e4844f058f082a0f0d48fcd7af31eda3408eafb68c25
118,0.005255,0.938832,0.817161,0.836657,0.773272,False,0.002536,False,0.004806,4d650c8413e93d5c47a5e4844f058f082a0f0d48fcd7af31eda3408eafb68c25,64ab8aa1167a3b714de40ebe2ff426b2c390237e69940a82c12478c6f6e6cddf
119,0.005995,0.939441,0.81629,0.836628,0.773504,False,0.001457,False,0.0048,64ab8aa1167a3b714de40ebe2ff426b2c390237e69940a82c12478c6f6e6cddf,e5451423fdf42b32e47652c69762d505aea69366580f4568915985089ca0116b
120,0.005835,0.938958,0.813628,0.836651,0.773905,False,0.002087,False,0.004745,e5451423fdf42b32e47652c69762d505aea69366580f4568915985089ca0116b,96589a4e93f91786a20748a919277f3f4148f3adbe7bf7bf500b3fb21df710cc
121,0.002911,0.937433,0.819201,0.836722,0.77286,False,0.004472,False,0.004586,96589a4e93f91786a20748a919277f3f4148f3adbe7bf7bf500b3fb21df710cc,c1a4d6630ba563f8eee5bdb3d44b3cd82a859c00e9a3f3b4dff3fbf587f580cd
122,0.004704,0.936111,0.808246,0.836779,0.774244,False,0.006819,False,0.004475,c1a4d6630ba563f8eee5bdb3d44b3cd82a859c00e9a3f3b4dff3fbf587f580cd,dfe65db118a8cd042bc71a274557e60dbff95cb1b199737fef9fbe1b53aafbad
123,0.008781,0.93312,0.809417,0.836897,0.772177,False,0.009234,False,0.004456,dfe65db118a8cd042bc71a274557e60dbff95cb1b199737fef9fbe1b53aafbad,17aad0362087ce619eedea0dc79af61271b6dbc749ec0a5fa6ee11cc1703612f
124,0.006409,0.93806,0.819117,0.836693,0.772389,False,0.003631,False,0.004464,17aad0362087ce619eedea0dc79af61271b6dbc749ec0a5fa6ee11cc1703612f,38dc0205be2414760183b55ea53f0142dfd1dbe7f59e3b3f67e9dd265d99223e
125,-0.000311,0.931606,0.799096,0.836949,0.775418,False,0.014447,False,0.004421,38dc0205be2414760183b55ea53f0142dfd1dbe7f59e3b3f67e9dd265d99223e,91d881b285940c63083e7778945cdeeaceb8f2bd7254c98bae0eafbdddea35f2
126,-0.001455,0.938324,0.81873,0.836681,0.773547,False,0.002471,False,0.004529,91d881b285940c63083e7778945cdeeaceb8f2bd7254c98bae0eafbdddea35f2,befa01f011111d88c73bfb01fb9268f6b7ba29c3861eb4da261ca7c7283933f2
127,7.9e-05,0.938921,0.821545,0.836653,0.773461,False,0.003808,False,0.004587,befa01f011111d88c73bfb01fb9268f6b7ba29c3861eb4da261ca7c7283933f2,e0f43526abaed7caa9b978d0b393f1720f3c65947f27d18ee16073af066593c6
128,0.00217,0.936268,0.815727,0.836773,0.773308,False,0.005125,False,0.004582,e0f43526abaed7caa9b978d0b393f1720f3c65947f27d18ee16073af066593c6,4bf9b1e600f5d6d62d1b35ef9d5c691f0b6d1fc8f92411fcc27566ed6692961d
129,0.003275,0.938248,0.820358,0.836685,0.772831,False,0.001915,False,0.004602,4bf9b1e600f5d6d62d1b35ef9d5c691f0b6d1fc8f92411fcc27566ed6692961d,0d5de26c066bc9fb256c04398a2d10fe8b3b332bef7925d5bc25dfcce47d0235
130,0.003245,0.937277,0.806756,0.836729,0.775229,False,0.005237,False,0.004544,0d5de26c066bc9fb256c04398a2d10fe8b3b332bef7925d5bc25dfcce47d0235,ba50d5ef2bd5359b8ec4ff9e467af6400eca8ff847186165f33bd63ffe079079
131,0.005028,0.936818,0.815487,0.836749,0.772971,False,0.004062,False,0.00451,ba50d5ef2bd5359b8ec4ff9e467af6400eca8ff847186165f33bd63ffe079079,41da1b9dd47fd424546897cbddc73ed5fc8c25f73b6089c4b34db11c3214045c
132,0.009158,0.932192,0.801466,0.836929,0.773375,False,0.010456,False,0.004437,41da1b9dd47fd424546897cbddc73ed5fc8c25f73b6089c4b34db11c3214045c,55becb61e597ba4fed722bfc7a96686ab3c45a26e8fd8ffa3af3f9a7e667c5fa
133,0.008851,0.936691,0.817597,0.836755,0.771741,False,0.002949,False,0.004458,55becb61e597ba4fed722bfc7a96686ab3c45a26e8fd8ffa3af3f9a7e667c5fa,4adee2f77ebf29c09cc1462d881ecbf72de21339b30f027c340d12f7633d2858
134,0.008936,0.937539,0.820768,0.836717,0.771377,False,0.001447,False,0.004474,4adee2f77ebf29c09cc1462d881ecbf72de21339b30f027c340d12f7633d2858,15020a9261bc1d2a8d0e30b72ae1ec088c0bf597949541a555464f8ba7b5d7dc
135,0.007758,0.935718,0.81271,0.836796,0.772607,False,0.004598,False,0.004475,15020a9261bc1d2a8d0e30b72ae1ec088c0bf597949541a555464f8ba7b5d7dc,151a3a23d5f055d8ceaacaaae5a7ca596dba56fc3cea5df319977128703a28bb
136,0.007376,0.936522,0.823713,0.836762,0.770755,False,0.0014,False,0.004511,151a3a23d5f055d8ceaacaaae5a7ca596dba56fc3cea5df319977128703a28bb,6e8ffe786d7c4c8dfa8fa80be89434db4b4f835d34e02899e1774d88e50274c5
137,0.004739,0.936863,0.821056,0.836747,0.77193,False,0.00366,False,0.004532,6e8ffe786d7c4c8dfa8fa80be89434db4b4f835d34e02899e1774d88e50274c5,f34cbeb0e08c6865822bdb69a0f88c6e9128f892d66dc850ca05d061f7ad87f0
138,0.004226,0.938028,0.823752,0.836695,0.771888,False,0.001154,False,0.00454,f34cbeb0e08c6865822bdb69a0f88c6e9128f892d66dc850ca05d061f7ad87f0,fa341f582c4883865bfd9c6758a1ec140a07b7a5b384d7f6ce257c442785a72e
139,0.004357,0.937614,0.825724,0.836714,0.771327,False,0.000339,False,0.004482,fa341f582c4883865bfd9c6758a1ec140a07b7a5b384d7f6ce257c442785a72e,8c381e2ac035b91e9c2e1c7e1cdcbef262ed8ffc30e24609531028fcb5c1feb2
140,0.003391,0.937454,0.824408,0.836721,0.771729,False,0.001774,False,0.004336,8c381e2ac035b91e9c2e1c7e1cdcbef262ed8ffc30e24609531028fcb5c1feb2,15705e7d912ec811005fedd1cc036702f27c309bda2885aec070fb96733560fe
141,0.003684,0.938051,0.824446,0.836694,0.771865,False,0.000584,False,0.004199,15705e7d912ec811005fedd1cc036702f27c309bda2885aec070fb96733560fe,9480bdd8e94a0214d7c4b91d98e0a560440442952fbc910ba932ad23f243274b
142,0.003486,0.937959,0.824956,0.836698,0.771772,False,0.001378,False,0.003932,9480bdd8e94a0214d7c4b91d98e0a560440442952fbc910ba932ad23f243274b,ac4629403a8756f9ed2d4376537051de23b6566bc3efa63b9efc0289a041e622
143,0.001799,0.936874,0.824216,0.836747,0.77189,False,0.003452,False,0.003707,ac4629403a8756f9ed2d4376537051de23b6566bc3efa63b9efc0289a041e622,90f2c3cf1a2d3c4cdd61badc04cf4944c6b47c37784f817fa628abac43605aa4
144,0.004178,0.935322,0.824431,0.836812,0.770844,False,0.003359,False,0.003523,90f2c3cf1a2d3c4cdd61badc04cf4944c6b47c37784f817fa628abac43605aa4,a8a1248b24d777fd6195004fcea5ae92ef6b61708a1f05b22ad86079f09746e9
145,0.001888,0.93601,0.822564,0.836784,0.771909,False,0.003909,False,0.003356,a8a1248b24d777fd6195004fcea5ae92ef6b61708a1f05b22ad86079f09746e9,f2b3abda1518f5bd2a560f0431f4cee26d5762251d7d75119dbced2932099050
146,0.002547,0.938099,0.82224,0.836691,0.77255,False,0.0012,False,0.003244,f2b3abda1518f5bd2a560f0431f4cee26d5762251d7d75119dbced2932099050,4b5cafc8dcd1f6c65cbedce654654f51036b2539c89fab8859809b96bf41c93c
147,0.003009,0.936556,0.826501,0.83676,0.771083,False,0.001225,False,0.00311,4b5cafc8dcd1f6c65cbedce654654f51036b2539c89fab8859809b96bf41c93c,48360d155ecf36d38185dde22fbe86294ef2c6fb9a8c96c4ca39d077761c8b9a
148,0.003838,0.935769,0.825479,0.836794,0.770854,False,0.002851,False,0.00297,48360d155ecf36d38185dde22fbe86294ef2c6fb9a8c96c4ca39d077761c8b9a,cd5f724afd4671f35562940096c2b3ab216ac9a83241d5eccaa902744fd75586
149,0.004963,0.935297,0.824427,0.836813,0.770679,False,0.003662,False,0.002773,cd5f724afd4671f35562940096c2b3ab216ac9a83241d5eccaa902744fd75586,7833b3c0cdc851bf91f9a1fa06060ef4d28583d355493fd779ba100b2647b662
150,0.003397,0.935214,0.824414,0.836816,0.770967,False,0.002797,False,0.002623,7833b3c0cdc851bf91f9a1fa06060ef4d28583d355493fd779ba100b2647b662,345493920aed7e58b2e95b6a0baac6ae9b09bfe615c8956f6cc8777e25c8a4ca
151,0.003913,0.936554,0.827185,0.83676,0.770764,False,0.000724,False,0.002519,345493920aed7e58b2e95b6a0baac6ae9b09bfe615c8956f6cc8777e25c8a4ca,497ab875515b4bee5367938ed0756862a32f2547620f768fb9468ca4bf6edf7c
152,0.004047,0.936711,0.82446,0.836754,0.771336,False,0.00105,False,0.002392,497ab875515b4bee5367938ed0756862a32f2547620f768fb9468ca4bf6edf7c,8781f22ce6669cf3f60056eeb847fcc898da03d0b8b478a810eece90d08fdaa4
153,0.004363,0.935753,0.822056,0.836794,0.771428,False,0.003238,False,0.002286,8781f22ce6669cf3f60056eeb847fcc898da03d0b8b478a810eece90d08fdaa4,5a841515bdb67b2493fb40dd35b45fad443afb48cec21318f8bb00955d349990
154,0.00298,0.935529,0.82646,0.836804,0.770748,False,0.002738,False,0.002196,5a841515bdb67b2493fb40dd35b45fad443afb48cec21318f8bb00955d349990,cdaf46a57d0d8a3ddc7ec90893bbfdf1ff9be2168d638d80bc326d6ea30c486a
155,0.00116,0.933309,0.819671,0.83689,0.771714,False,0.005671,False,0.002143,cdaf46a57d0d8a3ddc7ec90893bbfdf1ff9be2168d638d80bc326d6ea30c486a,34f7af4175e6f2842ce3ead5a493f5821b6b80c8ebb04d25edc0eca67d55181b
156,0.002195,0.934514,0.825558,0.836844,0.77074,False,0.002325,False,0.00216,34f7af4175e6f2842ce3ead5a493f5821b6b80c8ebb04d25edc0eca67d55181b,c4f8a82d6888d20e530f00eb751dc536cbed33adfaecf4238f51b0279271fbaf
157,0.002571,0.935481,0.827892,0.836806,0.770527,False,0.001118,False,0.00218,c4f8a82d6888d20e530f00eb751dc536cbed33adfaecf4238f51b0279271fbaf,95ec6b20c57216f380a7e5793f9c1f50bc138fe7abfb83aea8096b9beedbc14a
158,0.002471,0.937326,0.827015,0.836727,0.771349,False,0.000798,False,0.002202,95ec6b20c57216f380a7e5793f9c1f50bc138fe7abfb83aea8096b9beedbc14a,f1fd77e5c224415eb53e87ae778e5417349632a636748020f1da0a06284b0486
159,0.002404,0.935283,0.82636,0.836814,0.7708,False,0.002231,False,0.002213,f1fd77e5c224415eb53e87ae778e5417349632a636748020f1da0a06284b0486,778cb3204457ddbc63e4aced844ecbbcdde0e9ab5cb3933f022b21ecb8644e8c
160,0.001355,0.93609,0.827906,0.83678,0.770974,False,0.001892,False,0.002208,778cb3204457ddbc63e4aced844ecbbcdde0e9ab5cb3933f022b21ecb8644e8c,5316cf39ebe7cbf3a703b26b1e867a90707d378ac4054038982a1b23fd1a8391
161,0.000527,0.935725,0.823063,0.836795,0.771984,False,0.002781,False,0.002187,5316cf39ebe7cbf3a703b26b1e867a90707d378ac4054038982a1b23fd1a8391,a98a5a13df3e31e24757d46515e2dac899d36e6e00574cc478731b7f6b9845de
162,0.001223,0.935599,0.826013,0.836801,0.771213,False,0.003592,False,0.002158,a98a5a13df3e31e24757d46515e2dac899d36e6e00574cc478731b7f6b9845de,0213c6a03fbd23909a28d8ac118d8c1745e7b296499207ac2dbe46fdecc1d698
163,0.000848,0.935387,0.827854,0.836809,0.770847,False,0.000843,False,0.002162,0213c6a03fbd23909a28d8ac118d8c1745e7b296499207ac2dbe46fdecc1d698,ea4b98b457134f3c4d2472bc310888dc2dc4889de77663e6e423f1bf0a8b2f95
164,-0.000441,0.936574,0.825536,0.83676,0.771795,False,0.002534,False,0.00216,ea4b98b457134f3c4d2472bc310888dc2dc4889de77663e6e423f1bf0a8b2f95,f58bd1004352a8fe1a19b55e2bb388f41552eb65800f84318e44aa9db214d8dd
165,0.000712,0.933329,0.830999,0.836889,0.769545,False,0.00301,False,0.002156,f58bd1004352a8fe1a19b55e2bb388f41552eb65800f84318e44aa9db214d8dd,f6cb821d0f10614bc72901b7b54ed65c6168d7bb751eddb92da2fe289f93b043
166,0.000771,0.935707,0.830164,0.836796,0.770509,False,0.00089,False,0.002145,f6cb821d0f10614bc72901b7b54ed65c6168d7bb751eddb92da2fe289f93b043,1349c7d02f9a9de70f0ca570c90d44c5ae2667a4e3683886c0e45cf2443bfa01
167,0.00473,0.928488,0.810779,0.837043,0.77113,False,0.011599,False,0.002114,1349c7d02f9a9de70f0ca570c90d44c5ae2667a4e3683886c0e45cf2443bfa01,3a5f2efc791b9deca6cbd05f4d38cb8f8332aa0e79b2de959d93d017898b7f4d
168,0.001501,0.931627,0.82419,0.836949,0.770169,False,0.005208,False,0.002213,3a5f2efc791b9deca6cbd05f4d38cb8f8332aa0e79b2de959d93d017898b7f4d,c2af30aa75d5b4883b8db15c59b68502b0d22e07c777840a0e995d49bac75dcf
169,0.00631,0.927723,0.808356,0.837063,0.771036,False,0.011248,False,0.002338,c2af30aa75d5b4883b8db15c59b68502b0d22e07c777840a0e995d49bac75dcf,4be97403d7fd28584d9f2dd57e5b66f8e0a98829044aea1f96e5b1cbbf6f0042
170,0.006767,0.933591,0.829405,0.836879,0.768742,False,0.000897,False,0.002528,4be97403d7fd28584d9f2dd57e5b66f8e0a98829044aea1f96e5b1cbbf6f0042,84e83a592f49e778150656ce31061639303d54541ae8b0f57817f334716935a7
171,0.003204,0.930706,0.814895,0.836978,0.771372,False,0.007935,False,0.00266,84e83a592f49e778150656ce31061639303d54541ae8b0f57817f334716935a7,f44e383725a47e759fecb6bf7838109c1f607b8c2715da513dc8812b46df5cb5
172,0.006136,0.931494,0.826117,0.836953,0.768811,False,0.005789,False,0.00279,f44e383725a47e759fecb6bf7838109c1f607b8c2715da513dc8812b46df5cb5,837c28d33931b59db847870547bc0b0270a709b233521c1609b0dc6cf910c8a9
173,0.004571,0.932985,0.830532,0.836902,0.76875,False,0.00298,False,0.002934,837c28d33931b59db847870547bc0b0270a709b233521c1609b0dc6cf910c8a9,528a47367a2a876e5d7f01b1721ea18e2507b936b64dcd549cd0173a5046cfd9
174,0.004356,0.933363,0.83248,0.836888,0.768532,False,0.000693,False,0.00307,528a47367a2a876e5d7f01b1721ea18e2507b936b64dcd549cd0173a5046cfd9,b3f3d38a71d5afc1ee385fb25106fa14b9832eee5ae0773d0df6683d08ef24b4
175,0.003085,0.932773,0.831752,0.836909,0.76873,False,0.002429,False,0.003177,b3f3d38a71d5afc1ee385fb25106fa14b9832eee5ae0773d0df6683d08ef24b4,f2f5bf918d7fe40cbdd9bcd3ebc50a2be4c5e9d1bc9b39eface1d9eb8d7f2b96
176,0.004056,0.93228,0.827233,0.836926,0.769272,False,0.00444,False,0.003265,f2f5bf918d7fe40cbdd9bcd3ebc50a2be4c5e9d1bc9b39eface1d9eb8d7f2b96,4ff028dc90d0982d0eb5ba257d114d29bcd593bdf1b53e8cebc6d5accf35421a
177,0.001101,0.931416,0.826026,0.836956,0.769809,False,0.00474,False,0.003364,4ff028dc90d0982d0eb5ba257d114d29bcd593bdf1b53e8cebc6d5accf35421a,656fc10c416610f1ee59c03cfa1c22a6a383f7666282f5f0744648782c0d9acd
178,0.002101,0.932935,0.829455,0.836903,0.769442,False,0.002399,False,0.003466,656fc10c416610f1ee59c03cfa1c22a6a383f7666282f5f0744648782c0d9acd,1e196833c017df8cee043c2889844808b45472e0914597af9ec8d14bd1e7d54d
179,0.002089,0.934062,0.828216,0.836862,0.770076,False,0.000757,False,0.003534,1e196833c017df8cee043c2889844808b45472e0914597af9ec8d14bd1e7d54d,8c74c7ffb5b8cd107780b180f68b09ca3997000681ea95eebaa8d065cff8899e
180,-0.000251,0.931642,0.828129,0.836948,0.769636,False,0.004138,False,0.003587,8c74c7ffb5b8cd107780b180f68b09ca3997000681ea95eebaa8d065cff8899e,a124451d70e882861df5822055836448ddad74064c8dade129d7bab972238cbf
181,-0.00102,0.932584,0.826883,0.836916,0.770053,False,0.003052,False,0.003647,a124451d70e882861df5822055836448ddad74064c8dade129d7bab972238cbf,82ac18149e37ed7acdd9be8c90f9394fe59dddf40289e3ec8a5045c332281d01
182,-0.001109,0.932534,0.831571,0.836918,0.76908,False,0.002006,False,0.003696,82ac18149e37ed7acdd9be8c90f9394fe59dddf40289e3ec8a5045c332281d01,0a82e31c71b0966fac0e9a8e6115fb32bbaa18d98900315068bdccc5c3757f0d
183,-0.001221,0.933436,0.830865,0.836885,0.769507,False,0.001203,False,0.003748,0a82e31c71b0966fac0e9a8e6115fb32bbaa18d98900315068bdccc5c3757f0d,417cea0130262644ff4c6594ced5cab9fdd2cd8a48528bad84d91c65956eba02
184,-0.001582,0.933318,0.83137,0.836889,0.769293,False,0.001697,False,0.003672,417cea0130262644ff4c6594ced5cab9fdd2cd8a48528bad84d91c65956eba02,b73f3fc7ba63f415f82d10576ade22a873ba2b774a672b8c87dddfbc9d49f8ea
185,-0.000212,0.931791,0.830834,0.836943,0.769153,False,0.002976,False,0.003573,b73f3fc7ba63f415f82d10576ade22a873ba2b774a672b8c87dddfbc9d49f8ea,0178f811c3387f8a67c098b46d1561606530bc0865a150cc3a2bec140fe2c615
186,-0.002288,0.930719,0.820985,0.836978,0.770342,False,0.005368,False,0.003399,0178f811c3387f8a67c098b46d1561606530bc0865a150cc3a2bec140fe2c615,5ecddf951c1c26f86bc9c610bef8942df6fe01b2045312470d11f9bfbdc13d34
187,0.001111,0.929993,0.819823,0.837,0.770561,False,0.008146,False,0.003311,5ecddf951c1c26f86bc9c610bef8942df6fe01b2045312470d11f9bfbdc13d34,2d40dc7cb3c0d7d8e63de82efaf1631264f5ec76a33ee24db12988696a856f57
188,-0.0009,0.930668,0.825442,0.83698,0.76971,False,0.005277,False,0.003243,2d40dc7cb3c0d7d8e63de82efaf1631264f5ec76a33ee24db12988696a856f57,0b199e729ebad49fa87e333a43c6bb197d0482d6134c7c569aa7bb0d456e1353
189,-0.003599,0.928903,0.825282,0.837032,0.768598,False,0.007026,False,0.003183,0b199e729ebad49fa87e333a43c6bb197d0482d6134c7c569aa7bb0d456e1353,cf08076dd5a250ba70ab4880b442cfe31d128151d9b89bebf5b366057522abea
190,-0.005043,0.929555,0.824496,0.837013,0.76869,False,0.005058,False,0.00318,cf08076dd5a250ba70ab4880b442cfe31d128151d9b89bebf5b366057522abea,14f8231090d3a835e4d507a21d713f2704fe973761d30e5fe66d7f9462d6dc65
191,-0.003634,0.930796,0.823809,0.836975,0.769534,False,0.004968,False,0.003227,14f8231090d3a835e4d507a21d713f2704fe973761d30e5fe66d7f9462d6dc65,0a022893b95714cb85f48e6a0786ba50e607f4d6e0f7304e018a3eba7f8709f6
192,-0.00321,0.931947,0.832883,0.836938,0.768197,False,0.001276,False,0.003293,0a022893b95714cb85f48e6a0786ba50e607f4d6e0f7304e018a3eba7f8709f6,5feca45adb130a05fd16c22bf9beaaef834facc7df3c20ec0c811c8d184c1a67
193,-0.003707,0.931231,0.835269,0.836962,0.767376,False,0.001555,False,0.003311,5feca45adb130a05fd16c22bf9beaaef834facc7df3c20ec0c811c8d184c1a67,b94bbc19462bd26e38491e16bb04f6af483c57fc5cd4c8bd2c369fd32243bfe6
194,-0.005664,0.92741,0.823766,0.837071,0.767975,False,0.005837,False,0.003289,b94bbc19462bd26e38491e16bb04f6af483c57fc5cd4c8bd2c369fd32243bfe6,57aa58765cdfa21c3aa202e931efd57a265e3b20c3c00693390872f91a935749
195,-0.005365,0.930376,0.833181,0.836989,0.76717,False,0.001482,False,0.00331,57aa58765cdfa21c3aa202e931efd57a265e3b20c3c00693390872f91a935749,5734d42f1ac847dacb1ff26a7ba7697f658a4ed1a93794993142da9c0002e0d2
196,-0.001098,0.926746,0.824296,0.837087,0.768554,False,0.008978,False,0.003335,5734d42f1ac847dacb1ff26a7ba7697f658a4ed1a93794993142da9c0002e0d2,6136b82621e46260613ae423e753aed771e8ef3cb1aac4b7303e3711ee240520
197,0.002801,0.928081,0.818823,0.837054,0.769767,False,0.007763,False,0.003409,6136b82621e46260613ae423e753aed771e8ef3cb1aac4b7303e3711ee240520,cda2abfeae6e2b69d2f1d191fa7657fadf936ebf650b5c86c0dd9eceae8f036d
198,0.000764,0.930818,0.834164,0.836975,0.768044,False,0.003032,False,0.003522,cda2abfeae6e2b69d2f1d191fa7657fadf936ebf650b5c86c0dd9eceae8f036d,9830106d37ba9d7bdd752297a8b5627494dbe9224f9a965ab3ae98eab291140c
199,0.002276,0.92984,0.834329,0.837005,0.767374,False,0.003254,False,0.003623,9830106d37ba9d7bdd752297a8b5627494dbe9224f9a965ab3ae98eab291140c,d45a21bb810651d2338b94d4a6975ef1a638ec34271183bbbebac8ed1fa80abb
200,0.00256,0.930139,0.833532,0.836996,0.767579,False,0.0026,False,0.003728,d45a21bb810651d2338b94d4a6975ef1a638ec34271183bbbebac8ed1fa80abb,387b4b458ed5f95d63210ff07577b9dd7fd7d073c2f2cfd53f18c40407477cdf
201,0.001256,0.929211,0.823891,0.837023,0.76945,False,0.004978,False,0.003821,387b4b458ed5f95d63210ff07577b9dd7fd7d073c2f2cfd53f18c40407477cdf,1e2683bdacf023d754206691808961b8bbced1a77abadefae5b401a80aea0263
202,-0.000666,0.928875,0.828233,0.837032,0.768584,False,0.004169,False,0.003919,1e2683bdacf023d754206691808961b8bbced1a77abadefae5b401a80aea0263,2fe8dde47959a030dfbc1e0b318b2a025ed5d0a34f24db5670e587f312ab004a
203,-0.000963,0.930383,0.832797,0.836988,0.768129,False,0.002771,False,0.003983,2fe8dde47959a030dfbc1e0b318b2a025ed5d0a34f24db5670e587f312ab004a,0d2e122bd6180cba037ccf6ae968e36b2d1595073889e39246dc898de1d5bbc9
204,0.001403,0.92791,0.82701,0.837058,0.76835,False,0.006404,False,0.003974,0d2e122bd6180cba037ccf6ae968e36b2d1595073889e39246dc898de1d5bbc9,f6c8768ea342ada8e56dd0796b89ee7be764e6bdf63f99ef42438c2bc9d62018
205,0.003715,0.928512,0.826252,0.837042,0.768246,False,0.004508,False,0.00398,f6c8768ea342ada8e56dd0796b89ee7be764e6bdf63f99ef42438c2bc9d62018,2d9b3c01b8ce6a54b1f094335619ee4bdd3255dc3a6ff233473170934d9050b4
206,0.004361,0.928928,0.837855,0.837031,0.765939,False,0.002169,False,0.003956,2d9b3c01b8ce6a54b1f094335619ee4bdd3255dc3a6ff233473170934d9050b4,00c6ea902b103db54e1c2fbdbd0d561c98350ddcd7b75dbe631221523b744c0c
207,0.004792,0.930383,0.832822,0.836988,0.767358,False,0.001228,False,0.003905,00c6ea902b103db54e1c2fbdbd0d561c98350ddcd7b75dbe631221523b744c0c,0c86d6667f82c58890356152f188e8d6e1d43495ad23a03dcc6fcd7b0076b7cc
208,0.004029,0.928694,0.838997,0.837037,0.765697,False,0.001621,False,0.003821,0c86d6667f82c58890356152f188e8d6e1d43495ad23a03dcc6fcd7b0076b7cc,e2185a1f0c2c88f90f35b899e505461e01513503ab489a5d78bdf381cf285a8e
209,0.003944,0.929063,0.839136,0.837027,0.765813,False,0.001008,False,0.003758,e2185a1f0c2c88f90f35b899e505461e01513503ab489a5d78bdf381cf285a8e,61298815e27272704f3c97d5411e78434d2987c69fdf4d283405e30bbb233426
210,0.00347,0.928389,0.838171,0.837046,0.765869,False,0.00093,False,0.003702,61298815e27272704f3c97d5411e78434d2987c69fdf4d283405e30bbb233426,a0aa4c33a2cfeb48ba0ea61d1278340a9ad75dae0bdbe59be80ddb66c9fb7384
211,0.008571,0.923679,0.817603,0.83715,0.76734,False,0.010345,False,0.003602,a0aa4c33a2cfeb48ba0ea61d1278340a9ad75dae0bdbe59be80ddb66c9fb7384,44b427a74e8809b3e036152acab2c60a03c0b0e2c09bb7b5d9dfdef44a8afb24
212,0.009942,0.926936,0.824418,0.837083,0.766826,False,0.004372,False,0.003621,44b427a74e8809b3e036152acab2c60a03c0b0e2c09bb7b5d9dfdef44a8afb24,025bacdb50d28543264fa000d5b8d7ab7105e714f71983e2a7cd14998109f4ea
213,0.009046,0.926502,0.837532,0.837093,0.764233,False,0.002439,False,0.003585,025bacdb50d28543264fa000d5b8d7ab7105e714f71983e2a7cd14998109f4ea,be436a7a410eb3cf19d39d66138a1612da769e5f0631bcea0b439497dfba0a05
214,0.006736,0.926489,0.833947,0.837093,0.765408,False,0.003899,False,0.003496,be436a7a410eb3cf19d39d66138a1612da769e5f0631bcea0b439497dfba0a05,50a4e19c555c4adc5f5b9447e3c17b880e27fe5e55a7fc7419e2dc9885f5bf48
215,0.005195,0.926793,0.833369,0.837086,0.765936,False,0.003499,False,0.003435,50a4e19c555c4adc5f5b9447e3c17b880e27fe5e55a7fc7419e2dc9885f5bf48,a6f568ebfa5cdd17c21afb4bc23781c3c5bd191b240e8d801c81cd6e39e8c238
216,0.007535,0.923868,0.828839,0.837146,0.765366,False,0.006357,False,0.003388,a6f568ebfa5cdd17c21afb4bc23781c3c5bd191b240e8d801c81cd6e39e8c238,fb3e959b14810de8e975370eaec860a1dccbb25989b7284ff5b7615e6f7444ef
217,0.003459,0.922425,0.823283,0.83717,0.766793,False,0.011259,False,0.003393,fb3e959b14810de8e975370eaec860a1dccbb25989b7284ff5b7615e6f7444ef,315efe59d556733132a9ea7f7a2b8161c5d399c911b42653c2ee39d41a4f6d7c
218,0.003871,0.927453,0.841112,0.83707,0.764879,False,0.001154,False,0.003468,315efe59d556733132a9ea7f7a2b8161c5d399c911b42653c2ee39d41a4f6d7c,09eeb4ad77053df818c6314d997c1321e7ca5931aeed6e4fe73223d5e27e1a5f
219,0.005331,0.924937,0.834011,0.837126,0.765141,False,0.005434,False,0.003494,09eeb4ad77053df818c6314d997c1321e7ca5931aeed6e4fe73223d5e27e1a5f,5368f6ae79720e7e8c76c643e911948ad5b37ccf980dc84ff4ac118f325e6545
220,0.00701,0.924385,0.834745,0.837137,0.764468,False,0.003526,False,0.003545,5368f6ae79720e7e8c76c643e911948ad5b37ccf980dc84ff4ac118f325e6545,8af4c7aff210e67918b9e5a90b382ce327c2742f09e566ebacf27973c8500cc5
