cycle,agent_count,self_state,stability,adaptive_score,rigidity,agent_consensus,agent_dissent,agent_dominance,agent_contradiction,truth_load,shadow_load,correction,reputations,hash
1,1,0.002031,0.929991,0.837,0.75067,0.040227,0.0,1.0,0.0,0.002682,0.0,0.008147,{'agent_logic': 0.734508},ca9f59ed7d24983d75238e693d49a694a702d3cf9736cdb659785d0ecc2fad32
2,1,0.00838,0.924019,0.837144,0.752102,0.090717,0.0,1.0,0.0,0.008408,0.0,0.025471,{'agent_logic': 0.745498},4852c1ccd791be272ed5e543e93cbfa6311a3e7f2cafee7fd6ee596c1fcc854a
3,1,0.006775,0.930579,0.836982,0.751859,0.000561,0.0,1.0,0.0,0.007436,0.0,-0.006441,{'agent_logic': 0.760395},742ae983cd8d1af1cdc9af065b197bea7fccb5f3fbf0c8fab8efe294ce0cfd0c
4,1,0.011843,0.92579,0.837109,0.752987,0.081063,0.0,1.0,0.0,0.011948,0.0,0.020332,{'agent_logic': 0.770618},ba10cd9a70c5263006808cdea89be70a4c5bd004d966504de77f8a88072eb7e4
5,1,0.01814,0.924092,0.837142,0.754341,0.102768,0.0,1.0,0.0,0.017365,0.0,0.025259,{'agent_logic': 0.779303},8b3a43ee742070a3b7cd1c056890b6f537fac102d6fa25608fab11dbb5b4243d
6,1,0.022383,0.926932,0.837083,0.755402,0.094885,0.0,1.0,0.0,0.021607,0.0,0.017021,{'agent_logic': 0.788195},1b4bdd05ade8e6bef07eca17b0c65d0b6f872d165a77f3c7e9d882f1ea802746
7,1,0.02855,0.924271,0.837139,0.756744,0.119421,0.0,1.0,0.0,0.026976,0.0,0.024739,{'agent_logic': 0.795451},f940a60c77ea8c8e82df08624a0ca19d907e4475b3f1102c66a1a2740af9035c
8,1,0.036423,0.921911,0.837177,0.758481,0.152802,0.0,1.0,0.0,0.033926,0.0,0.031586,{'agent_logic': 0.800741},ff74e5c47e77dc74bea7e8c11c721f5f4f948405e4e5f23eeff20c85e4da42b5
9,1,0.045218,0.920637,0.837193,0.760428,0.177845,0.0,1.0,0.0,0.041711,0.0,0.035281,{'agent_logic': 0.804739},fc1f71d7da762eab09415a2493cd8183c3cb49a424dc0f2591ebad3eba856b41
10,1,0.061854,0.909792,0.837198,0.763999,0.289368,0.0,1.0,0.0,0.055997,0.0,0.066736,{'agent_logic': 0.802804},228473c92fcbfa3a2de3b70c8f824a95b30e131d23a97d5a0406442d3aeec84b
11,1,0.074738,0.914982,0.837225,0.766854,0.272105,0.0,1.0,0.0,0.067417,0.0,0.051684,{'agent_logic': 0.802794},cc4faa6ce38fb0bcbf887c98ccab4b3314b0375cd4fc32b5a42e02d12051bcd4
12,1,0.082643,0.921867,0.837178,0.768412,0.21479,0.0,1.0,0.0,0.073647,0.0,0.031713,{'agent_logic': 0.806697},bf3ec091478fc6a0dc9046a11541a6479394f83bd7afecbe8d9fe15a4dbb0c81
13,1,0.089961,0.92268,0.837166,0.770026,0.229436,0.0,1.0,0.0,0.080105,0.0,0.029355,{'agent_logic': 0.809927},2b98a86a0afe28ae96e3e6528a5c1d59d5e1ec5ac38e0b3ecaa56ac91b412d6d
14,1,0.096002,0.924445,0.837136,0.771486,0.23178,0.0,1.0,0.0,0.085944,0.0,0.024235,{'agent_logic': 0.813185},1f7318a8679b2a5cdbea3131353b39655e4bb34904b7202a68d61086555987c8
15,1,0.0953,0.931829,0.836942,0.77139,0.148925,0.0,1.0,0.0,0.085559,0.0,-0.002817,{'agent_logic': 0.821176},975253d774559be13aece7eb48fe2301bfa9b8f7054f360929ba94b5e5c01b1f
16,1,0.10045,0.925678,0.837111,0.772465,0.218521,0.0,1.0,0.0,0.08986,0.0,0.020658,{'agent_logic': 0.824821},018dd7c851ce78e5122d559e31a6e757af5f16c591ad1b552d70d5588ad3b98d
17,1,0.107791,0.922646,0.837167,0.773606,0.230204,0.0,1.0,0.0,0.094424,0.0,0.029452,{'agent_logic': 0.827987},73045a59265bcee67851b22fb0f5200beba4ed30a712f93bea9ceb77d9804326
18,1,0.108618,0.931657,0.836948,0.774032,0.195527,0.0,1.0,0.0,0.096128,0.0,0.003316,{'agent_logic': 0.833093},685749fe29817c3b09b265887d65f97695bc1e32c637b39084edda9da1fcc8cf
19,1,0.111802,0.928396,0.837046,0.77465,0.210087,0.0,1.0,0.0,0.098599,0.0,0.012774,{'agent_logic': 0.837211},e4ea3f311c4ad90edea576072aa14160a5cc52eb64ee6c4a37082e98741a3279
20,1,0.113122,0.930975,0.83697,0.774691,0.179941,0.0,1.0,0.0,0.098763,0.0,0.005294,{'agent_logic': 0.842969},8cafaa30122cd375d65161ee8d96fb78cfd4d4eaddb7b918716f0d96bdc48589
21,1,0.119259,0.924312,0.837138,0.776114,0.263151,0.0,1.0,0.0,0.104455,0.0,0.02462,{'agent_logic': 0.843757},39bbbd139d0ab812546587e22415e4f80c977fbfe62fe49a74429cf4ef45b353
22,1,0.120887,0.930548,0.836983,0.77627,0.19737,0.0,1.0,0.0,0.105078,0.0,0.006532,{'agent_logic': 0.848543},db59f905e6982eb3364eb10c06920fc33e325c9fbd89e7a87751dda999282779
23,1,0.117852,0.928602,0.83704,0.775505,0.143243,0.0,1.0,0.0,0.102018,0.0,-0.012178,{'agent_logic': 0.856107},dd3fdc218345fe05d463d20fd032485e5f592f65bc83b1f37a9ebbdf31d2d570
24,1,0.112581,0.925511,0.837115,0.773918,0.088421,0.0,1.0,0.0,0.095671,0.0,-0.021143,{'agent_logic': 0.863291},5ade32a2d00d6b9bf2e210b7baa0ea6cc328fb11dbe0bc4532e5a7b551c58e56
25,1,0.113545,0.931467,0.836954,0.77414,0.185565,0.0,1.0,0.0,0.096561,0.0,0.003865,{'agent_logic': 0.867172},d2a3c325ff88e7b6c42076280a4fe4ff5838004bcd89c8d03d963722951ab557
26,1,0.106329,0.92282,0.837164,0.772183,0.056382,0.0,1.0,0.0,0.088733,0.0,-0.028948,{'agent_logic': 0.872145},640cb69fec06634952dc01988e1c06c0112090d41be51007060c212bc938f680
27,1,0.105528,0.931693,0.836946,0.772047,0.151556,0.0,1.0,0.0,0.088189,0.0,-0.003212,{'agent_logic': 0.877055},d990381c47a3cea5f7c0321d7b6221260c4a05ad0843e4677b62980af693c269
28,1,0.093604,0.916309,0.837223,0.769184,-0.013065,0.0,1.0,0.0,0.076735,0.0,-0.047835,{'agent_logic': 0.878031},8356a9f90221d7d99598e10561b56d8865cfb309953bfc506f4de025af436c61
29,1,0.088984,0.92641,0.837095,0.768163,0.076855,0.0,1.0,0.0,0.07265,0.0,-0.018535,{'agent_logic': 0.884622},dd605cd6824e5c3692561dbc1116c91252de7adc32f1bf5a55188632d23bd5d0
30,1,0.089231,0.932458,0.83692,0.767825,0.110487,0.0,1.0,0.0,0.071298,0.0,0.000993,{'agent_logic': 0.890269},76e8a22fcce485db4a4b72fcf0e46eea020ab0c5819f504473f8c80d1bd748d5
31,1,0.081345,0.921893,0.837177,0.766052,0.022003,0.0,1.0,0.0,0.064209,0.0,-0.031637,{'agent_logic': 0.893292},199597f812ff3ab29f796a7ca846a930e56a16044dbf025e26dab9052d4bdf46
32,1,0.068568,0.91513,0.837225,0.76343,-0.041764,0.0,1.0,0.0,0.05372,0.0,-0.051253,{'agent_logic': 0.893075},94a42fc42a6215bdf35230f1fc84d01fbcdb86c4ca7fc7c50256266ddac37d86
33,1,0.051382,0.909031,0.837189,0.759756,-0.123716,0.0,1.0,0.0,0.039026,0.0,-0.068946,{'agent_logic': 0.888985},0b6b5e22459bc73656894bae73e2d757009d95d360a72246a1b8fbe03692efb8
34,1,0.037497,0.913597,0.837223,0.756957,-0.097698,0.0,1.0,0.0,0.02783,0.0,-0.055699,{'agent_logic': 0.887534},7b908b2fda4d1be28a58f3ac745c9245b7fb38d3cec000dfb5326da90d67a7ed
35,1,0.027392,0.918825,0.83721,0.754371,-0.105067,0.0,1.0,0.0,0.017486,0.0,-0.040535,{'agent_logic': 0.886334},370e9c598ca65919d0ddcd29e66bd6197e6797714d1af8cdc30419ab880238fd
36,1,0.019403,0.92175,0.837179,0.752526,-0.079259,0.0,1.0,0.0,0.010103,0.0,-0.032052,{'agent_logic': 0.887234},5c20aa918ef6bdfcf7141e77b865034c07be6f0952cbb9510bd0d06e2117b65e
37,1,0.010747,0.920829,0.837191,0.750788,-0.086113,0.0,1.0,0.0,0.00315,0.0,-0.034722,{'agent_logic': 0.888189},37dcb7077c3aba5812cd155efb6f379146b6a2e6c25aeaf220d0e02aa8d2f1a4
38,1,-0.000971,0.916594,0.837222,0.751773,-0.147957,0.0,1.0,0.0,0.007092,0.0,-0.047007,{'agent_logic': 0.886078},6ccea2d64e6e63db21ef8db1f180de6700488425296a6cee20f5940378801512
39,1,-0.010137,0.920122,0.837199,0.753831,-0.136267,0.0,1.0,0.0,0.015325,0.0,-0.036773,{'agent_logic': 0.885346},c5831d56581b15fa2fe1555b471cdcda350a16be1d14514bc859c8b7aa412f8e
40,1,-0.01642,0.924111,0.837142,0.755275,-0.114207,0.0,1.0,0.0,0.0211,0.0,-0.025202,{'agent_logic': 0.886358},f060c445b6aad4d18d74f292ee2b62816150b0ec581a2497f221148fb0f8c0b9
41,1,-0.029489,0.914725,0.837225,0.757772,-0.187781,0.0,1.0,0.0,0.031087,0.0,-0.052429,{'agent_logic': 0.883679},be63c748d10b8ae636d85e22011d24ff30c8b956042278b19c7c8add9d16739b
42,1,-0.039042,0.919589,0.837204,0.759955,-0.186983,0.0,1.0,0.0,0.039822,0.0,-0.038321,{'agent_logic': 0.881782},33380903957f609fb418645efc5d9cf1f52040bf8be09af62b10da4b2a2979d8
43,1,-0.062003,0.901044,0.83703,0.764606,-0.350698,0.0,1.0,0.0,0.058423,0.0,-0.092111,{'agent_logic': 0.871553},00f21a2aa975c7557b66a03b059a119bad4fb28ed86679f7b5b4d70eaf28b09f
44,1,-0.066532,0.926537,0.837092,0.765767,-0.174834,0.0,1.0,0.0,0.063068,0.0,-0.018168,{'agent_logic': 0.872762},8d3a39fef259c6cc6aa4608ed534a9276d3fb6297a203e5c97295d8414d690f0
45,1,-0.069055,0.92931,0.83702,0.766231,-0.141366,0.0,1.0,0.0,0.064924,0.0,-0.010122,{'agent_logic': 0.876057},3cb4c4821c51248ddafe8206398cce5f75a27278a14ea8699f0fab7172dccc1e
46,1,-0.077367,0.921304,0.837185,0.767348,-0.183869,0.0,1.0,0.0,0.069391,0.0,-0.033345,{'agent_logic': 0.877104},078a68870a8c9d274f7135970201cf80ef5571953a49b5436694544d86b76a55
47,1,-0.080091,0.929033,0.837028,0.767792,-0.151583,0.0,1.0,0.0,0.07117,0.0,-0.010926,{'agent_logic': 0.880188},4e13ce85c1fba34ab0c0b9e926d2f27265f936c4b3ce78631cec090c88eda410
48,1,-0.094393,0.91302,0.837221,0.77059,-0.295957,0.0,1.0,0.0,0.08236,0.0,-0.057375,{'agent_logic': 0.875283},f5c140ca80c2d6e5c645fb9284ca40c217263e8307a57ef0e35ed205d72eaf7c
49,1,-0.099931,0.925141,0.837122,0.771295,-0.190553,0.0,1.0,0.0,0.08518,0.0,-0.022215,{'agent_logic': 0.877329},0c68ad5562b87f8a122f9e6de99a4f87ab66ec5dba3c39ac6ae5a1041f271699
50,1,-0.105592,0.924971,0.837126,0.772571,-0.22988,0.0,1.0,0.0,0.090284,0.0,-0.02271,{'agent_logic': 0.877232},a1f321f0b9b805060a633a9b920c6f1942a4c30d90333fbe989eb72463eb9cee
51,1,-0.105195,0.932251,0.836927,0.772091,-0.133713,0.0,1.0,0.0,0.088364,0.0,0.001592,{'agent_logic': 0.882887},21f15a50a23d1e305cd6ce93e25708877710b5fd5f9e10666b486cbb24b9e32f
52,1,-0.097372,0.92198,0.837176,0.770574,-0.068026,0.0,1.0,0.0,0.082295,0.0,0.031384,{'agent_logic': 0.888153},a51eadd6b65708c151153ccd4810b62c85da9ac7aca8db3dab4d38458610d91f
53,1,-0.10282,0.925266,0.83712,0.771631,-0.211553,0.0,1.0,0.0,0.086524,0.0,-0.021854,{'agent_logic': 0.88834},8f02009e2e552106162d9f909997951ca992e665da7bd1a7894f8738cf0f5fb8
54,1,-0.101557,0.931054,0.836967,0.771251,-0.132946,0.0,1.0,0.0,0.085004,0.0,0.005065,{'agent_logic': 0.893156},976d800decef236cbc2ecdb87ac239d5225973e208e631f5936617c9af3d948a
55,1,-0.102325,0.931739,0.836945,0.771348,-0.158824,0.0,1.0,0.0,0.085392,0.0,-0.003079,{'agent_logic': 0.896177},db96f5ceb16daa515bccf5889237c085a888e66960013fca0bb1c8e45de28ab7
56,1,-0.098688,0.927771,0.837062,0.770658,-0.112291,0.0,1.0,0.0,0.082631,0.0,0.014588,{'agent_logic': 0.90159},ccbc7a8910271b627906daf501da5d02d05da924543685d2bfe59de57337445e
57,1,-0.087566,0.917418,0.837219,0.768592,-0.024767,0.0,1.0,0.0,0.074366,0.0,0.044617,{'agent_logic': 0.903726},34dc101b8cdee899c54e20830c093b725d47f04a56adf8e7b242340b9a990d99
58,1,-0.08824,0.931867,0.83694,0.768398,-0.122248,0.0,1.0,0.0,0.073592,0.0,-0.002706,{'agent_logic': 0.907462},bdfd29eb6b7037f2c1e647922f6555ae4e08510fe64555154fb1969a28e726bd
59,1,-0.076637,0.916753,0.837222,0.765555,0.03814,0.0,1.0,0.0,0.062218,0.0,0.046547,{'agent_logic': 0.906128},81d32b758512be16a9f97b7943b13cfaa13939cb5a347ffb1d8ad236ca3c8cee
60,1,-0.078102,0.930775,0.836976,0.765701,-0.120779,0.0,1.0,0.0,0.062804,0.0,-0.005874,{'agent_logic': 0.9092},3af3998c711d16e2674d7f5f23763221063f06e9df27848cd22402b02e43ca96
61,1,-0.0621,0.91067,0.837206,0.762335,0.088892,0.0,1.0,0.0,0.049341,0.0,0.064191,{'agent_logic': 0.905588},88fdb955923c4d7d3a33a8eacbbf159677675c9f62b986414d3033b9e02084f1
62,1,-0.045305,0.909572,0.837196,0.758658,0.131826,0.0,1.0,0.0,0.034632,0.0,0.067375,{'agent_logic': 0.900625},35080ed2eb18dfd78ed2d2d3e9d733511df90c646d14d4ce71a96af6404b5dfc
63,1,-0.028324,0.909315,0.837193,0.754953,0.159968,0.0,1.0,0.0,0.019812,0.0,0.068122,{'agent_logic': 0.89529},e4738b6f717146270fa66a06b37cd8d528c131febe32b20b9a00ec9cb2e2f1ab
64,1,-0.013733,0.912621,0.837219,0.752079,0.136796,0.0,1.0,0.0,0.008315,0.0,0.058532,{'agent_logic': 0.892541},3d34cc675bad989fafa5f30bd2f3a572044fe96136c0850c613a013cfb34c1de
65,1,-0.005359,0.921219,0.837186,0.750391,0.13319,0.0,1.0,0.0,0.001563,0.0,0.033593,{'agent_logic': 0.890675},e65095e369d94fcca59199a2e97e2311839eef02a916a3e222aacfaef0557dc6
66,1,0.008541,0.913575,0.837223,0.753308,0.177872,0.0,1.0,0.0,0.013233,0.0,0.055763,{'agent_logic': 0.887075},e73c539b60f94175b0a93675a34450eae503d6b4ff9ddf8dc15d9fd333eaa14a
67,1,0.021018,0.915545,0.837225,0.756317,0.204369,0.0,1.0,0.0,0.02527,0.0,0.050051,{'agent_logic': 0.88285},3646032a045ee78469478e3dcc9374b553df3cbd10d5035ff86d863c317b8b5b
68,1,0.0335,0.915537,0.837225,0.758931,0.202283,0.0,1.0,0.0,0.035723,0.0,0.050075,{'agent_logic': 0.879752},53f2b9a0675c986e410cbff5674c6796d37e9ca3d9a8eb524f7fe1e7f2907355
69,1,0.038882,0.925358,0.837118,0.760447,0.155266,0.0,1.0,0.0,0.041787,0.0,0.021587,{'agent_logic': 0.879983},d02e67630761159b65bd9c6d845fa28e5774975e7c2cf73cb92cecd179867b52
70,1,0.047922,0.920297,0.837197,0.762152,0.177501,0.0,1.0,0.0,0.048606,0.0,0.036266,{'agent_logic': 0.87941},61e194893037c07a023a3402de52b6ab39c52ed4b8e563bc97231d42f8a9004e
71,1,0.063334,0.911485,0.837213,0.765366,0.280381,0.0,1.0,0.0,0.061466,0.0,0.061827,{'agent_logic': 0.873622},0f7e484faeb89a7230b8ebf3bce70f91969ee084a836046534d7898f257a4afb
72,1,0.072511,0.920108,0.837199,0.767216,0.221601,0.0,1.0,0.0,0.068863,0.0,0.036815,{'agent_logic': 0.87226},957ed06dd08a14ec1a3982b8f7df5cef2e8880dbe469a7a6dd5f52ba04ac481f
73,1,0.080438,0.921837,0.837178,0.769032,0.232909,0.0,1.0,0.0,0.076127,0.0,0.031799,{'agent_logic': 0.870776},542e9fbb0761e51654830e5e3a64416b2fdc9b193ce87b0a96a767fe785c590b
74,1,0.088678,0.921404,0.837184,0.770608,0.231631,0.0,1.0,0.0,0.082434,0.0,0.033055,{'agent_logic': 0.869952},51d94b832eadbb6f5b991be22ca14c9c3b144ecb39cead8d2ebb394bbd126157
75,1,0.096467,0.922028,0.837176,0.771672,0.212188,0.0,1.0,0.0,0.086687,0.0,0.031245,{'agent_logic': 0.870812},735caf73e59b7d95e58a6a22969547dac77c4e448b250a436a533d11fd52e975
76,1,0.090135,0.924044,0.837143,0.770155,0.065046,0.0,1.0,0.0,0.080621,0.0,-0.025399,{'agent_logic': 0.877058},c9d57273d356a81fc1f41badb45029b3b2400971f94faf7ebc9818efe5e7f85a
77,1,0.098252,0.921574,0.837182,0.771812,0.244496,0.0,1.0,0.0,0.087247,0.0,0.032561,{'agent_logic': 0.875659},396437d25700091a4306b012a895c50884dc8ed76107c13aa346fa781a777f24
78,1,0.106149,0.921878,0.837178,0.773403,0.2525,0.0,1.0,0.0,0.09361,0.0,0.03168,{'agent_logic': 0.874339},013a6b85e059d4dc8edcbed61e0082a2b8b56507ec7f43a6ba08ffb43378d430
79,1,0.107198,0.93135,0.836958,0.773194,0.156011,0.0,1.0,0.0,0.092778,0.0,0.004207,{'agent_logic': 0.87895},46134d1615044b15763be536b1fe49fa81e7a7de1c5e7b1fc0665cf8a3912e62
80,1,0.101435,0.924829,0.837128,0.771983,0.094289,0.0,1.0,0.0,0.08793,0.0,-0.02312,{'agent_logic': 0.885784},41ca370228678774e8b4589e3e92dd6c348d82ea8c683c031140f33d84fdd038
81,1,0.100014,0.930836,0.836974,0.771391,0.122779,0.0,1.0,0.0,0.085564,0.0,-0.005698,{'agent_logic': 0.891271},eeb85e6a2b4f56cb535a3955738b907ad045765255c6ff44d8c4c316e757a752
82,1,0.091337,0.9208,0.837191,0.769374,0.033008,0.0,1.0,0.0,0.077497,0.0,-0.034808,{'agent_logic': 0.894295},e4e9d4ad142b5ccc91ed1bab4219304b4bd12525aaa89706a9b8377fb1c0dfa6
83,1,0.084358,0.923147,0.837159,0.767944,0.053682,0.0,1.0,0.0,0.071776,0.0,-0.028,{'agent_logic': 0.898797},5282274cc02891afe85c47fb928918b8b50134c482f1df6ac383cf5601a62dff
84,1,0.083372,0.931437,0.836955,0.767733,0.116529,0.0,1.0,0.0,0.070931,0.0,-0.003954,{'agent_logic': 0.90288},86266ea5af07bbc8294f332b40803d4acdf5ab47e46e0b1a0c936139fb364be8
85,1,0.085174,0.930307,0.836991,0.767891,0.137176,0.0,1.0,0.0,0.071565,0.0,0.007231,{'agent_logic': 0.905587},7bc7867d7f389e40c47348cba6ffd0dde970e5192286da6d465b17100b2c1bf1
86,1,0.078598,0.923705,0.837149,0.766551,0.048416,0.0,1.0,0.0,0.066205,0.0,-0.026382,{'agent_logic': 0.909441},2de71f1f0acc7ded0f77f21e1478c446a82a44770bde1ae52efbee0675cc4da4
87,1,0.079665,0.931324,0.836959,0.765942,0.082618,0.0,1.0,0.0,0.063768,0.0,0.004282,{'agent_logic': 0.914697},5dca8efca50d62e7723b14de780a1d71c6371db6b6342807e045dea094de0d87
88,1,0.079119,0.932045,0.836934,0.765755,0.103588,0.0,1.0,0.0,0.063022,0.0,-0.00219,{'agent_logic': 0.918347},3d089991c7ebff48fadc4176c88a22b2d05d09d6c753e2fa836a6bcf7104ed61
89,1,0.075581,0.927907,0.837058,0.764274,0.024553,0.0,1.0,0.0,0.057096,0.0,-0.014192,{'agent_logic': 0.92},78f2a90d13ff1a8c2b51f4e621b4f72fd338653c96bc2b9ba8a3a82b00b3c45e
90,1,0.056423,0.906304,0.837149,0.759684,-0.172636,0.0,1.0,0.0,0.038735,0.0,-0.076854,{'agent_logic': 0.911056},c44e53fc8ff8a56ab0040de25da1689b0aeaf0523a6cdaba9c38e62120c26361
91,1,0.038689,0.908274,0.83718,0.756401,-0.127244,0.0,1.0,0.0,0.025604,0.0,-0.071141,{'agent_logic': 0.906437},4aca64cd4e16d63e31415ec8c8d8e40a54829bbcd8068049859ac6a5ec198bf7
92,1,0.030784,0.921867,0.837178,0.754758,-0.052517,0.0,1.0,0.0,0.019031,0.0,-0.031713,{'agent_logic': 0.907053},a977a82aea71c3d167133e6f8622bd3e9aa166f47e65eda9eef49e4138b3b330
93,1,0.00991,0.903931,0.837102,0.750736,-0.207036,0.0,1.0,0.0,0.002945,0.0,-0.083736,{'agent_logic': 0.899613},b4913e224cac930e76d1c936df1345a18a6b9fe91b86b72c21156e1e2b8c2ea2
94,1,0.002603,0.922694,0.837166,0.750989,-0.098195,0.0,1.0,0.0,0.003955,0.0,-0.029313,{'agent_logic': 0.899588},3e479bdf92a8ab2c84674d4d1b1e7590c992a5ba74531341865d963934a00110
95,1,-0.012217,0.912304,0.837218,0.753869,-0.179941,0.0,1.0,0.0,0.015477,0.0,-0.059452,{'agent_logic': 0.895549},408db569821547cecefd4c78ad698e288f1c5d4fc007ae86d0e188766a6fe2e4
96,1,-0.020792,0.920941,0.83719,0.756007,-0.156147,0.0,1.0,0.0,0.024029,0.0,-0.0344,{'agent_logic': 0.893695},4ce274c3de35669275281a7de477f1ab6d151531dbbc2bb5404cbe211ca1ad18
97,1,-0.025074,0.926878,0.837084,0.757192,-0.114356,0.0,1.0,0.0,0.028769,0.0,-0.017178,{'agent_logic': 0.894717},dce80b1a1fbbca720e48f9f09938eaedda7d6b0654fec7f67ea21d5807ff295a
98,1,-0.031627,0.923738,0.837149,0.757806,-0.08863,0.0,1.0,0.0,0.031226,0.0,-0.026286,{'agent_logic': 0.897613},7398257a8ba64b77dc94aefb44c2daf38a877a500cf9f8650abb3cbea2e56ade
99,1,-0.034151,0.929308,0.83702,0.758091,-0.07331,0.0,1.0,0.0,0.032366,0.0,-0.010128,{'agent_logic': 0.901407},bcb04f0edf01cbad30bdf7652e4a2264bbfb684d16aa11469821b32ae4d8b5de
100,1,-0.042615,0.921095,0.837188,0.759599,-0.148696,0.0,1.0,0.0,0.038395,0.0,-0.033951,{'agent_logic': 0.900958},6e6c06dd5777e356843aae5ed7ea4ef3ca3ba793d1ce6da6916b942e67f952e2
101,1,-0.066109,0.900308,0.837009,0.764245,-0.347879,0.0,1.0,0.0,0.05698,0.0,-0.094248,{'agent_logic': 0.889994},5191f1591946bd336b8d26d22e405e0a15e0508e8a15b474eaf2862f4e89262e
102,1,-0.067058,0.931487,0.836953,0.764438,-0.114144,0.0,1.0,0.0,0.057752,0.0,-0.003809,{'agent_logic': 0.893769},8568017cbd5972acbb30dc6b11f78ebeebe0944c7f2fe672afbf8bcbf31ae792
103,1,-0.076808,0.919316,0.837206,0.766746,-0.242434,0.0,1.0,0.0,0.066984,0.0,-0.03911,{'agent_logic': 0.890206},e9f1c2fddb36dc5d2c6ad265548ff8bda96441476143992c5421910e59d0953c
104,1,-0.075786,0.931388,0.836956,0.766384,-0.098851,0.0,1.0,0.0,0.065536,0.0,0.004096,{'agent_logic': 0.895409},13d19c72c72f858c5058a973b8104a34694017df0928b64f4c40a3232fdeee28
105,1,-0.090251,0.912795,0.83722,0.769106,-0.281315,0.0,1.0,0.0,0.076426,0.0,-0.058026,{'agent_logic': 0.890221},2a2c4d0b77ab0651fc62ca710b04c2f773242d04e3a93629f2b7e6de53319c12
106,1,-0.085414,0.926111,0.837102,0.768325,-0.090693,0.0,1.0,0.0,0.073301,0.0,0.019403,{'agent_logic': 0.896491},7542db2ca9d3fda2beb0c49e7ab01135d26902c15ed8d589d74103965636a06c
107,1,-0.075164,0.918623,0.837212,0.766131,-0.000293,0.0,1.0,0.0,0.064524,0.0,0.041121,{'agent_logic': 0.898209},2cabf23d54a63d5330f09d3ebbca82f264dd402c30746ecfd96f3dc38cd928e9
108,1,-0.073293,0.930213,0.836994,0.766339,-0.128645,0.0,1.0,0.0,0.065358,0.0,0.007503,{'agent_logic': 0.900996},6241b3351de66057250c6edcf99778e6bc8a2309abc5eb8a379e4ed602dfefd8
109,1,-0.090387,0.90916,0.837191,0.769674,-0.317733,0.0,1.0,0.0,0.078697,0.0,-0.068571,{'agent_logic': 0.893295},0b7ac8df58977639fb566e2b67f71d963566222e027b0f1ead08ce66ff0518b4
110,1,-0.098241,0.921938,0.837177,0.771743,-0.26575,0.0,1.0,0.0,0.08697,0.0,-0.031507,{'agent_logic': 0.889647},c054f5362889d4404a1104d21e855fb471940f1a77d3e7deba975040a2056c46
111,1,-0.082249,0.910683,0.837206,0.768516,0.037024,0.0,1.0,0.0,0.074065,0.0,0.064152,{'agent_logic': 0.889112},155f4dddeaefe1bd0483f2050d1fb2dedfb860b4f3f1843692190ad4b5fe83d2
112,1,-0.081756,0.932118,0.836932,0.768304,-0.120601,0.0,1.0,0.0,0.073218,0.0,0.001978,{'agent_logic': 0.893434},4b7869e49a6c6bee780eccb071a8c86624eaffb6afdcad19bd612329bccbc134
113,1,-0.085127,0.928138,0.837052,0.768142,-0.122047,0.0,1.0,0.0,0.072568,0.0,-0.013524,{'agent_logic': 0.897613},ac6725e142ccac46459f8bf95bf7c358861e27338b746485b1b5c062b8d46715
114,1,-0.083509,0.930562,0.836983,0.767629,-0.099848,0.0,1.0,0.0,0.070516,0.0,0.006491,{'agent_logic': 0.902776},20a9075908870e4b0f8dd79bf154c5f1021c76069f95a089d42fd038f7353d36
115,1,-0.081992,0.930703,0.836978,0.766762,-0.074913,0.0,1.0,0.0,0.067049,0.0,0.006084,{'agent_logic': 0.908185},73030c182917958310831e025b2e2de6c93f755ba04640a46120de11014deaf6
116,1,-0.067794,0.913163,0.837222,0.763682,0.064113,0.0,1.0,0.0,0.054729,0.0,0.056959,{'agent_logic': 0.905779},193699d578e7450c943297590321045d844c1fa76ef4aac4565caa5e1ac6c47d
117,1,-0.057884,0.919094,0.837208,0.761269,0.046291,0.0,1.0,0.0,0.045075,0.0,0.039756,{'agent_logic': 0.905182},24d144a3a0720e62926b1094564509e12a094993d83fb98260bdb123ddb3b1e9
118,1,-0.053908,0.927302,0.837074,0.76053,-0.036835,0.0,1.0,0.0,0.042122,0.0,0.015948,{'agent_logic': 0.909847},59800d4e51994172374327c55ff84a5064ca2c4571c2862ff1f8f97d0ef2ac29
119,1,-0.0438,0.91882,0.83721,0.758211,0.063331,0.0,1.0,0.0,0.032845,0.0,0.04055,{'agent_logic': 0.908828},85663da467bddf91fe8453ece68c7c9ba0eb83c6ed7dd5318f989be40a1d28b4
120,1,-0.030203,0.913996,0.837224,0.755705,0.091271,0.0,1.0,0.0,0.022819,0.0,0.054545,{'agent_logic': 0.90701},64137c9f8e402aec44617225631097115ef6277899e798b54ddc921c0cc4198e
121,1,-0.028995,0.931129,0.836965,0.754878,0.008552,0.0,1.0,0.0,0.01951,0.0,0.004847,{'agent_logic': 0.910336},66734f6c911e66b36b5a34be01cef0dec29db614d4083f646480d7f82904cd76
122,1,-0.026701,0.929628,0.837011,0.754698,-0.024334,0.0,1.0,0.0,0.018791,0.0,0.009202,{'agent_logic': 0.915574},a9b0aa5868e06f09b999dac44b432b9a3f47ef07034d3158235659fc4a21d454
123,1,-0.025154,0.930661,0.83698,0.753646,0.02931,0.0,1.0,0.0,0.014582,0.0,0.006204,{'agent_logic': 0.917372},13c4fcf8a29c9d5390188d8051baeb6c4590ae12859a7c6452682d643a24f513
124,1,-0.018779,0.923982,0.837144,0.752359,0.050936,0.0,1.0,0.0,0.009437,0.0,0.025577,{'agent_logic': 0.918147},c0071144e4daab03c58232b0290fa048d9dc72922a190e2c481c94a73ad35117
125,1,-0.006501,0.91582,0.837224,0.750314,0.143383,0.0,1.0,0.0,0.001254,0.0,0.049251,{'agent_logic': 0.914065},6719a58123cae46b35afcf4e884c27af5ec07661a23ac23a0935a61ce6e25861
126,1,0.007398,0.913578,0.837223,0.75309,0.168822,0.0,1.0,0.0,0.012359,0.0,0.055757,{'agent_logic': 0.909535},f80148402e783f88a43944525a43e4b09770d5320223683d74ce2fa622b0f999
127,1,0.023881,0.910003,0.8372,0.756957,0.254284,0.0,1.0,0.0,0.027828,0.0,0.066125,{'agent_logic': 0.901139},d9db5b883fe0885d89723393a69bfe0c2ac51f1b7b8294587980caa9bf2bd992
128,1,0.038125,0.913101,0.837221,0.760666,0.272654,0.0,1.0,0.0,0.042666,0.0,0.057138,{'agent_logic': 0.892999},86a779e3c1fbb546a7a8bb05a917e007432d8e9174f37bb8a79ed7c5a258dcc8
129,1,0.04757,0.919737,0.837203,0.762858,0.208278,0.0,1.0,0.0,0.051431,0.0,0.037891,{'agent_logic': 0.889777},5f9de74057abd49e0fa73072d16f07e2c8cedbfea70662cc5d3f752e11ee3dda
130,1,0.060227,0.915296,0.837225,0.765435,0.247228,0.0,1.0,0.0,0.061741,0.0,0.050773,{'agent_logic': 0.88517},76c49ab97d4689280c93459b1c6f777d3c78ae5957bb7c4279699a140a8c2027
131,1,0.081895,0.902833,0.837077,0.769758,0.37049,0.0,1.0,0.0,0.079031,0.0,0.086924,{'agent_logic': 0.874744},54b2441a20e943f0bf20d4701d4e1c97e9395295d2dc39a89e3aaffd5699c539
132,1,0.095557,0.913906,0.837224,0.772607,0.313223,0.0,1.0,0.0,0.090429,0.0,0.054804,{'agent_logic': 0.8692},7953c9618b76581d219f13420bf60ae29f6ed7db5a7fc496b0414a80fe19c759
133,1,0.120803,0.897884,0.836932,0.778211,0.499017,0.0,1.0,0.0,0.112845,0.0,0.101278,{'agent_logic': 0.854355},ec0ff1187ec84cf87a4c6bfa4a3af178aad27525219eac0de13ffd0c01e0c477
134,1,0.134811,0.913427,0.837223,0.780974,0.368876,0.0,1.0,0.0,0.123896,0.0,0.056194,{'agent_logic': 0.84905},012a5636e71684c78202b150d526c82c33f4ce8a7091633532a9c0b5a6888797
135,1,0.139605,0.92617,0.8371,0.7821,0.290554,0.0,1.0,0.0,0.128399,0.0,0.01923,{'agent_logic': 0.84905},6976bd7c683f1041a9dfee716649299fa88d630b063652aee1e19723fb387a01
136,1,0.158653,0.906456,0.837152,0.785329,0.424884,0.0,1.0,0.0,0.141316,0.0,0.076415,{'agent_logic': 0.842133},0c22062383422a9f53a8662c22293b855f3ad9d779199b7c227a664e0e4e8e71
137,1,0.158271,0.932272,0.836927,0.784753,0.219791,0.0,1.0,0.0,0.139011,0.0,-0.001531,{'agent_logic': 0.847914},f9e04157bed4d6ee79c099cee1d63787033e68eb7258e5350d457e6db2cff5dc
138,1,0.172654,0.912908,0.837221,0.788283,0.46206,0.0,1.0,0.0,0.153134,0.0,0.057699,{'agent_logic': 0.839674},38b72d83ad6f4ddb42f1d842bcbbf2eb73958a36948c1309be142c722639b2a1
139,1,0.16575,0.923251,0.837157,0.786272,0.154944,0.0,1.0,0.0,0.145087,0.0,-0.027698,{'agent_logic': 0.848646},c55a78b2dfc0166843adb4298bdd93997d30f47accf0041062e72c60fea67d17
140,1,0.171272,0.925163,0.837122,0.786637,0.283072,0.0,1.0,0.0,0.146548,0.0,0.022151,{'agent_logic': 0.851019},28a0af9650589106a5d4b7804e32f37c50120e99c41fea20223e7a0117ddef24
141,1,0.163919,0.922632,0.837167,0.785517,0.196597,0.0,1.0,0.0,0.142069,0.0,-0.029495,{'agent_logic': 0.857997},c87b60ec5044dec529ca18a1241d7ef919ec71a25c7ae5d726142a1f5b3a04b8
142,1,0.155016,0.920486,0.837195,0.783809,0.153236,0.0,1.0,0.0,0.135236,0.0,-0.035718,{'agent_logic': 0.866411},4d63185c924cd5af921b5c15c50f780258b379d05e6e2595416ea93ce9a8e185
143,1,0.147106,0.921861,0.837178,0.78214,0.143256,0.0,1.0,0.0,0.128558,0.0,-0.03173,{'agent_logic': 0.874195},014f0bacc901ba00226cdd64b249800b40495e0b85f2bca1eb1b201aaee6b84d
144,1,0.124093,0.900973,0.837028,0.778005,-0.016674,0.0,1.0,0.0,0.11202,0.0,-0.092319,{'agent_logic': 0.873297},d8918c87872d2d7a1d17db56968cfc025def2c6ba8319d124c820c42ae67430f
145,1,0.132152,0.921654,0.837181,0.778984,0.260405,0.0,1.0,0.0,0.115938,0.0,0.032331,{'agent_logic': 0.873204},9c33106d43e496a2acb33775427163abda96588b017bba8f384bbf185733bf7c
146,1,0.112255,0.905282,0.837131,0.774034,-0.088349,0.0,1.0,0.0,0.096135,0.0,-0.079819,{'agent_logic': 0.868776},7374b0a2d0d090895a47806f5f8ac8d6984932ff6d5639f280f9362b004ddb00
147,1,0.115648,0.928107,0.837053,0.773424,0.136468,0.0,1.0,0.0,0.093697,0.0,0.013612,{'agent_logic': 0.8754},ac7dcabe10d1aba9fd961bfc207a708c514c5228d648b26d909fdcd9197c0f0c
148,1,0.101496,0.913227,0.837222,0.771358,0.044693,0.0,1.0,0.0,0.085433,0.0,-0.056774,{'agent_logic': 0.879468},f6b756d788a5b4d4a4f2ac8487587286d75734fb55857259cc2cf4dd8e5d38f9
149,1,0.08967,0.916444,0.837223,0.767986,-0.048553,0.0,1.0,0.0,0.071944,0.0,-0.047441,{'agent_logic': 0.878406},d2425f145837695d816112d32fd881eb0922f3aa0cd06df33486fd010279f76c
150,1,0.064659,0.89821,0.836943,0.762806,-0.181278,0.0,1.0,0.0,0.051226,0.0,-0.100331,{'agent_logic': 0.870946},d750cef76115715b852b602d43342c2f1ed1daf0d81080f6987c615c5e3cca80
151,1,0.042473,0.902116,0.837059,0.758068,-0.192102,0.0,1.0,0.0,0.032272,0.0,-0.089003,{'agent_logic': 0.864615},83716e0205dd6f55c8014c46617faeee8e89b3293838d79aa0f99b73397bf55c
152,1,0.03669,0.924803,0.837129,0.756149,-0.057058,0.0,1.0,0.0,0.024595,0.0,-0.023197,{'agent_logic': 0.867113},68cce8699977e1db281a26916e293d297b8950641c308d3feac286baf23864d4
153,1,0.025411,0.917201,0.83722,0.754516,-0.05367,0.0,1.0,0.0,0.018066,0.0,-0.045246,{'agent_logic': 0.870341},4f8c6cb5857d6eebdb3d542d852cb09aed25eb69d839beb60d055efb86f8d945
154,1,0.016446,0.920401,0.837196,0.752418,-0.093365,0.0,1.0,0.0,0.009674,0.0,-0.035966,{'agent_logic': 0.871532},d92ee3595e0cd6b0ee9863c74ccf5d5a080ed0c17cbc59d1fa29601c224d7917
155,1,0.010447,0.924503,0.837135,0.750203,-0.115481,0.0,1.0,0.0,0.000814,0.0,-0.024067,{'agent_logic': 0.871684},8e4a792e41875989bfd0657546a0cea0f13cf3b66d0a5c99d72770567562f99b
156,1,-0.003845,0.913035,0.837221,0.752541,-0.163186,0.0,1.0,0.0,0.010163,0.0,-0.05733,{'agent_logic': 0.869823},a72014c8bea1076da46db9a4a69ae7db47e9446d8a561ddacd6b9b3849f7ece9
157,1,-0.017165,0.914378,0.837225,0.755925,-0.22137,0.0,1.0,0.0,0.023701,0.0,-0.053435,{'agent_logic': 0.865381},92c59206aa7c2a96d74dbafac7919051bb0cdb3cab1872adb20c6abe14e26d90
158,1,-0.020313,0.928445,0.837044,0.756054,-0.050369,0.0,1.0,0.0,0.024215,0.0,-0.012631,{'agent_logic': 0.871655},3e1243228869b769fe04ecae8117a091a188ac789374d666cdc2cbde9e1a088a
159,1,-0.037286,0.909326,0.837193,0.759233,-0.234345,0.0,1.0,0.0,0.036932,0.0,-0.068089,{'agent_logic': 0.867532},d5f8af1780b4fa5edda238623c2396b420812e0bbe701467c3da757360304cf0
160,1,-0.035415,0.930212,0.836994,0.759827,-0.10211,0.0,1.0,0.0,0.039308,0.0,0.007507,{'agent_logic': 0.871479},ed2d8db1de03615b39acf18ed0a23de90f2b74b90fcf499595ef74eeeb0a321c
161,1,-0.046735,0.917144,0.83722,0.762206,-0.213477,0.0,1.0,0.0,0.048823,0.0,-0.045411,{'agent_logic': 0.869185},a54ba9c4c1b0f12f904973e503dda65d9bcaedbffad78052af5c8cc1f62d6b54
162,1,-0.058678,0.916283,0.837223,0.764381,-0.218375,0.0,1.0,0.0,0.057522,0.0,-0.047908,{'agent_logic': 0.867452},6dd8d301e15bc90cbe5e496efe11fc489580dc481105201432d4f087b9b4c4f6
163,1,-0.061667,0.928666,0.837038,0.7652,-0.152707,0.0,1.0,0.0,0.0608,0.0,-0.01199,{'agent_logic': 0.869943},929469bef4a79932c8f5b29cf9a195744109de64bf7d037e885cff37d3c17091
164,1,-0.063822,0.92982,0.837005,0.765871,-0.14967,0.0,1.0,0.0,0.063482,0.0,-0.008645,{'agent_logic': 0.872595},854fd7c4091eef6b07a6c4d4677c573b86617b477a44f8216474bd0e01665686
165,1,-0.070643,0.923366,0.837155,0.76659,-0.157427,0.0,1.0,0.0,0.066359,0.0,-0.027365,{'agent_logic': 0.875033},260fef7c88ea4f1fa286f8cf651931348a628032603363dd14550183eefa35d5
166,1,-0.068766,0.930204,0.836994,0.765137,-0.032285,0.0,1.0,0.0,0.060549,0.0,0.00753,{'agent_logic': 0.880342},0fdac1ac2c7788ef189365de32d7d273a1a085a25137efc9ec7f8dc70bb4f191
167,1,-0.06393,0.926112,0.837102,0.764586,-0.075922,0.0,1.0,0.0,0.058344,0.0,0.0194,{'agent_logic': 0.886802},5bffcfd80f295fd8e2c0c3d9d6ee555d15e897b41998e0865aee1c26f3bd71eb
168,1,-0.061796,0.929848,0.837005,0.76349,-0.039241,0.0,1.0,0.0,0.053959,0.0,0.008562,{'agent_logic': 0.89224},8cc06063d83bef672a29bda4a83cacfcbd6f708e41a2b61f97e79116de07274d
169,1,-0.058146,0.927752,0.837062,0.762875,-0.060233,0.0,1.0,0.0,0.051499,0.0,0.014641,{'agent_logic': 0.898581},507c0867df82ea5357b3d9049d4db72dd0342aa537873000922f10c284f95c09
170,1,-0.066571,0.921148,0.837187,0.763585,-0.135286,0.0,1.0,0.0,0.054339,0.0,-0.033799,{'agent_logic': 0.900543},c4f10f9310481d1985d4bc6ca6ca7356710c2ed32409b295db94d1ae39cd4925
171,1,-0.058008,0.920956,0.83719,0.761517,0.026275,0.0,1.0,0.0,0.046066,0.0,0.034354,{'agent_logic': 0.901453},9a3c1bf621c6964703f396b9dee88eeeb80330ab1a9bb7550c25277ade55c5ac
172,1,-0.057011,0.931422,0.836955,0.762012,-0.112631,0.0,1.0,0.0,0.048047,0.0,0.003998,{'agent_logic': 0.904029},cce4ae0b5f775a9acedaa3e9e47b7cecd0c23770fa9be3d3ca14a64a81a7d2aa
173,1,-0.041662,0.911571,0.837213,0.759666,0.054247,0.0,1.0,0.0,0.038665,0.0,0.061576,{'agent_logic': 0.904033},9caa45106fca7da687d9260bcdcb0c89bb6f4f17aa21b6badb480a823db0a3cc
174,1,-0.043638,0.930067,0.836998,0.758621,-0.006853,0.0,1.0,0.0,0.034482,0.0,-0.007927,{'agent_logic': 0.907584},2e6e3ed99dbd5d9ff9ca683758a66799d13500791d63981da9b58867cb91a822
175,1,-0.030173,0.914178,0.837224,0.755943,0.098572,0.0,1.0,0.0,0.023773,0.0,0.054015,{'agent_logic': 0.905404},b68595ab7b492cd9d582229a467abfeb4bcd56ac814583102e37f6e414aa5661
176,1,-0.016833,0.914351,0.837225,0.754046,0.071025,0.0,1.0,0.0,0.016185,0.0,0.053514,{'agent_logic': 0.905808},f36623aea1e2f278f1e75f6762906317efc8d94f882e9f84f7301d15abda07f7
177,1,-0.009839,0.923127,0.837159,0.751507,0.123202,0.0,1.0,0.0,0.006029,0.0,0.028059,{'agent_logic': 0.903477},2b3937528dd9c3d9a8f992368924fc027a6afd1fe05e6b795c706fce70097133
178,1,-0.013345,0.927952,0.837057,0.752383,-0.063379,0.0,1.0,0.0,0.009531,0.0,-0.014063,{'agent_logic': 0.906267},35aca1df58839242c63248e61a530e23f3547c5ac898c0b9e473de5f1573384b
179,1,-0.004655,0.920782,0.837192,0.750153,0.11661,0.0,1.0,0.0,0.000613,0.0,0.034861,{'agent_logic': 0.904615},e6ce368373e8f1f411453e5aca0505a661971da2263a361e86aa0818167e0d36
180,1,0.006657,0.917155,0.83722,0.752715,0.170986,0.0,1.0,0.0,0.010859,0.0,0.045379,{'agent_logic': 0.900478},2660f3983a551d64d05a24abbd70847a4821aa3318b2bc700bf6e676fea2bd0c
181,1,0.018392,0.916571,0.837223,0.754609,0.133189,0.0,1.0,0.0,0.018435,0.0,0.047075,{'agent_logic': 0.899562},ebd3df7cc7e1226fbe09438668d8a40da4e5c6f45f38ca4dd41959bbd5215333
182,1,0.01639,0.930031,0.836999,0.75408,0.001446,0.0,1.0,0.0,0.01632,0.0,-0.008032,{'agent_logic': 0.904691},1dda93e6eeeb5a9f3fb1a8507b3cf26c823ee948303e7cfb193ef2f2a8764663
183,1,0.038133,0.902729,0.837074,0.758962,0.322292,0.0,1.0,0.0,0.035847,0.0,0.087223,{'agent_logic': 0.89336},cd68e834e5537ca5d870b57b5d3a34fe905a8e855a2200f7cf8f15977e5682fd
184,1,0.047023,0.920505,0.837195,0.760507,0.157243,0.0,1.0,0.0,0.042029,0.0,0.035662,{'agent_logic': 0.893145},f7a4ac5a216a8eb8919f1ba03491f32ae06d36ecb32e08987f3c7c2349624360
185,1,0.058199,0.917344,0.83722,0.763783,0.272178,0.0,1.0,0.0,0.05513,0.0,0.044833,{'agent_logic': 0.886718},e53118fd00e2f8cf78d38d8cef279efd74a268228b3614bebb7c9359e5ab48de
186,1,0.05706,0.931226,0.836962,0.764285,0.129398,0.0,1.0,0.0,0.057141,0.0,-0.004567,{'agent_logic': 0.889175},9d195fca0ca4cbdd3207c0d362251abf381d9cf25fe8f0eaaf68b6ee715afd1d
187,1,0.064342,0.92273,0.837165,0.765751,0.19077,0.0,1.0,0.0,0.063002,0.0,0.029209,{'agent_logic': 0.888238},36634c0396beab501a54fa2ed3154908d38ad5e125ea4cba8345dac3b85649dc
188,1,0.080461,0.910506,0.837205,0.76942,0.333541,0.0,1.0,0.0,0.077678,0.0,0.064666,{'agent_logic': 0.879759},f79b6cac7c9410157da4732e9f900092d5d68dab599f0260ea236bba7e6e26c0
189,1,0.07853,0.930129,0.836996,0.769726,0.15822,0.0,1.0,0.0,0.078905,0.0,-0.007749,{'agent_logic': 0.882192},e62ff44044cc3295695779e4ad5a0384bcf50152b7582099533cf729d91bb92c
190,1,0.079674,0.931218,0.836962,0.770033,0.160414,0.0,1.0,0.0,0.08013,0.0,0.00459,{'agent_logic': 0.884416},66ba6d7bc3f13f9e394b01b5b394c874987eff1f561c7646dc93535747fb8331
191,1,0.094198,0.912713,0.83722,0.772469,0.290389,0.0,1.0,0.0,0.089874,0.0,0.058265,{'agent_logic': 0.87958},29da32ff1d9655dacf5b92a0cbdb11537147a966309d8e4b127b8f2f112ea175
192,1,0.090291,0.927396,0.837071,0.772567,0.167683,0.0,1.0,0.0,0.090268,0.0,-0.015675,{'agent_logic': 0.882162},24344272beda4230e530b9324f90de629f5bc16b109cc3b1dcd71af12f4b053c
193,1,0.096203,0.924623,0.837132,0.771879,0.121206,0.0,1.0,0.0,0.087516,0.0,0.023719,{'agent_logic': 0.887732},82277d18b81532ad361e802af7b290d897a14855174936d653a4b055e68dc233
194,1,0.105638,0.919753,0.837202,0.773654,0.264046,0.0,1.0,0.0,0.094617,0.0,0.037846,{'agent_logic': 0.884963},7f53f1b54a4e1cff1cd383af3bff93c69b60bb90b8f576ed3d2a2e327ee4ef7e
195,1,0.091021,0.912585,0.837219,0.771572,0.045399,0.0,1.0,0.0,0.08629,0.0,-0.058637,{'agent_logic': 0.889128},fdf5fd24c4354334850dcfc2a617f34c4277cb7d1140ad04a04ec2a56b386b3d
196,1,0.085096,0.924607,0.837133,0.770417,0.086014,0.0,1.0,0.0,0.081669,0.0,-0.023766,{'agent_logic': 0.895725},20cc09297559f5441c758d02e721bf81e22dae6b62dbe44f75c3bc96466e8d3a
197,1,0.089038,0.927349,0.837073,0.770167,0.131987,0.0,1.0,0.0,0.080668,0.0,0.015811,{'agent_logic': 0.899405},585af69575a9ecdf6f0a38814621b9972bb3bbefc370cf9abf48a5a249526965
198,1,0.0775,0.916843,0.837222,0.76815,0.024205,0.0,1.0,0.0,0.072602,0.0,-0.046284,{'agent_logic': 0.902243},f2c1a56a96ba9c5255f52f2bffd151ac5954a217d6c35e183d4f112565672947
199,1,0.067734,0.919294,0.837207,0.766237,0.015855,0.0,1.0,0.0,0.064946,0.0,-0.039176,{'agent_logic': 0.904996},57f23c2b597e67f03c9680438242d8fb48c9047883be06b09fb367ba838ad8e3
200,1,0.073438,0.924911,0.837127,0.76604,0.10508,0.0,1.0,0.0,0.064158,0.0,0.022882,{'agent_logic': 0.908797},5bea29204122d42dceaf921d8c4137208430f2a3cde0508e3cbb150b5b23a408
201,1,0.077232,0.927554,0.837067,0.768084,0.238158,0.0,1.0,0.0,0.072336,0.0,0.015217,{'agent_logic': 0.904614},84d61a61555e1b6146121886aabd102292bf5755f94d37164b3e9681fbcb5fbf
202,1,0.062147,0.911938,0.837216,0.764339,-0.094488,0.0,1.0,0.0,0.057357,0.0,-0.060512,{'agent_logic': 0.900939},05c6b228057dd74f4368de52786c0954a37cc87de2e8089a6bf0a884a41b50f4
203,1,0.062273,0.932626,0.836914,0.764834,0.13291,0.0,1.0,0.0,0.059335,0.0,0.000506,{'agent_logic': 0.902645},daf2a46db4bf1200e1c89946c9a1dc4144724929a191097806498ab4871160fa
204,1,0.063114,0.931637,0.836948,0.763912,0.051526,0.0,1.0,0.0,0.05565,0.0,0.003373,{'agent_logic': 0.907791},0fd87adf5cdf62b0663849c2a4dd3b11dbe682f6761b85751222c72c35cc6b92
205,1,0.054361,0.920694,0.837193,0.762477,0.014026,0.0,1.0,0.0,0.049907,0.0,-0.035114,{'agent_logic': 0.910903},5f12bd306884249b3263d6c411ddea21e20afc3dc1c3bdafcc89771178aaebd6
206,1,0.054021,0.93233,0.836925,0.761121,0.008476,0.0,1.0,0.0,0.044483,0.0,-0.001363,{'agent_logic': 0.913516},cd258f1edc631fafaa8b782ff31e2e0ba2880a4fe32cff115a9577b8563ad293
207,1,0.044611,0.919786,0.837202,0.758393,-0.083575,0.0,1.0,0.0,0.033573,0.0,-0.03775,{'agent_logic': 0.911014},3eec3f53a9a46dfe6fbaed18ed1d4b71d16f4ce1680a71169fba9dc0b9135eda
208,1,0.02322,0.903215,0.837086,0.753842,-0.212653,0.0,1.0,0.0,0.015368,0.0,-0.085813,{'agent_logic': 0.902201},a47e1a578a92e70b51a801126005dd2605891f15c51405b9764a5133d98eed46
209,1,0.012334,0.917745,0.837217,0.751411,-0.118212,0.0,1.0,0.0,0.005643,0.0,-0.043669,{'agent_logic': 0.900236},180b0ee9aa7b3a3807458a2c3bb13520449d00630aa509053a0eac835866b06f
210,1,-0.017828,0.891087,0.836653,0.754508,-0.344955,0.0,1.0,0.0,0.018031,0.0,-0.120994,{'agent_logic': 0.886594},709a4593194924687fa33889bdfcfd1b814aadbb7308faeaa655df974f6737bc
211,1,-0.026096,0.921365,0.837184,0.756901,-0.176069,0.0,1.0,0.0,0.027606,0.0,-0.033168,{'agent_logic': 0.8844},f3bc972103f10360f04c59419f4adf57da08873f0170579d08d269a5796170db
212,1,-0.036524,0.918377,0.837214,0.759432,-0.201535,0.0,1.0,0.0,0.037729,0.0,-0.041835,{'agent_logic': 0.881436},829f1013c1e507537ad30c1a012442b87501297736f2b2b2f5086f7ca18c37ae
213,1,-0.041357,0.926116,0.837101,0.760183,-0.112965,0.0,1.0,0.0,0.040732,0.0,-0.019388,{'agent_logic': 0.884253},74d67ba6e1b9d54e3cfab9c178cc101cbed9c21187ce6a7b61d24be142eca3c4
214,1,-0.046322,0.925933,0.837105,0.761409,-0.146887,0.0,1.0,0.0,0.045637,0.0,-0.019917,{'agent_logic': 0.885164},32730157514926c5d87209f4d06142898bec3e66a1fa5086dbc380140f47b7f1
215,1,-0.063003,0.909731,0.837197,0.764413,-0.262396,0.0,1.0,0.0,0.057653,0.0,-0.066915,{'agent_logic': 0.88009},940d2d2a0a91e050e8095de80e077c08ba9efe155d9650bcceee2d89cad1e2f5
216,1,-0.082347,0.906046,0.837145,0.768388,-0.342241,0.0,1.0,0.0,0.073551,0.0,-0.077602,{'agent_logic': 0.871691},7a6cdc34c69a4cee20b86a47dcd4c2bc4649cd2c69d2ad38668c95344658efec
217,1,-0.086401,0.927194,0.837076,0.76924,-0.183537,0.0,1.0,0.0,0.076961,0.0,-0.016261,{'agent_logic': 0.873562},ff6e4a700367d4893f708818bac1e7831b0bfe9219707714036a3c7e3b578828
218,1,-0.085663,0.931779,0.836943,0.769146,-0.132881,0.0,1.0,0.0,0.076584,0.0,0.002961,{'agent_logic': 0.878315},ba70c1257c3be11463090882d4b1a7bd7ac659b9becc85fed9a7b66edd6ac41d
219,1,-0.094931,0.919981,0.8372,0.770383,-0.212048,0.0,1.0,0.0,0.081531,0.0,-0.037182,{'agent_logic': 0.878589},456b568060d10bfe4ceb35ed37d0bad15f2eff03890007b305b91fda8182d39f
220,1,-0.109229,0.913025,0.837221,0.773843,-0.354368,0.0,1.0,0.0,0.095372,0.0,-0.057359,{'agent_logic': 0.871165},186f14932e31d40a5b52b396a5fb847ae24cdd64070c72e36b54a7b1e71913df
