cycle,bridge_output,weighted_center,low_avg,bridge_state,bridge_load,shadow_pressure,shadow_archive,shadow_state,shadow_load,self_state,memory,prediction,correction,strongest_channel,strongest_confidence,continuity,anchor_fit,spread_score,stability,rigidity,adaptive_score,noise,contradiction,pressure,drift
1,-0.010381,-0.003936,-0.023575,-0.002076,0.001643,-0.017234,-0.017234,-0.003102,0.001723,-0.002615,0.0,0.0,-0.010381,11,0.903498,0.997385,0.997385,0.559616,0.939246,0.791205,0.836637,0.025,0.004,1.0,0.0
2,0.007971,-0.004608,0.020138,-6.7e-05,0.005655,0.01477,-0.000211,-0.002582,0.001434,5.2e-05,-0.000366,-0.002615,0.010586,10,0.898025,0.997333,0.999948,0.555227,0.938835,0.786158,0.836657,0.025,0.008,1.0,0.0
3,-0.002698,-0.000828,-0.005998,-0.000593,0.0002,-0.004902,-0.001978,-0.002473,0.001374,-0.000641,-0.000308,5.2e-05,-0.00275,9,0.908081,0.999307,0.999359,0.556442,0.941371,0.796632,0.83653,0.025,0.012,1.0,0.0
4,-0.00539,-0.002114,0.004228,-0.001552,0.010435,0.003312,-0.000392,-0.002099,0.001166,-0.001837,-0.000354,-0.000641,-0.004749,8,0.902783,0.998804,0.998163,0.552313,0.939052,0.790952,0.836647,0.025,0.016,1.0,0.0
5,-0.003562,-0.00033,0.018196,-0.001954,0.018647,0.013362,0.003102,-0.001162,0.000646,-0.002272,-0.000562,-0.001837,-0.001725,7,0.900886,0.999565,0.997728,0.562489,0.940252,0.786086,0.836587,0.025,0.02,1.0,0.0
6,0.013622,0.010665,0.019713,0.001161,0.000392,0.014134,0.005574,5e-05,2.8e-05,0.001733,-0.000801,-0.002272,0.015894,6,0.903228,0.995995,0.998267,0.56388,0.938882,0.790402,0.836655,0.025,0.024,1.0,0.0
7,0.005688,0.002746,0.005345,0.002066,0.003677,0.003854,0.005225,0.000982,0.000545,0.00273,-0.000447,0.001733,0.003955,5,0.905539,0.999003,0.99727,0.563757,0.941258,0.792292,0.836536,0.025,0.028,1.0,0.0
8,-0.01048,0.000184,-0.013933,-0.000443,0.009736,-0.009711,0.002426,0.001242,0.00069,-0.000599,-2e-06,0.00273,-0.01321,4,0.896606,0.996672,0.999401,0.56022,0.938352,0.783325,0.83668,0.025,0.032,1.0,0.0
9,-0.006096,-0.007381,0.005547,-0.001574,0.006928,0.004596,0.002807,0.001523,0.000846,-0.001984,-8.5e-05,-0.000599,-0.005498,3,0.906245,0.998615,0.998016,0.552237,0.939197,0.794882,0.83664,0.025,0.036,1.0,0.0
10,-0.005039,-0.003514,0.004563,-0.002267,0.008344,0.002477,0.002752,0.001745,0.000969,-0.002754,-0.000351,-0.001984,-0.003055,2,0.905073,0.99923,0.997246,0.553172,0.939602,0.79334,0.83662,0.025,0.04,1.0,0.0
11,-0.005904,-0.001529,-0.019386,-0.002994,0.004189,-0.013597,0.000153,0.001458,0.00081,-0.003547,-0.000687,-0.002754,-0.003151,1,0.907734,0.999206,0.996453,0.550916,0.93953,0.796967,0.836623,0.025,0.044,1.0,0.0
12,0.041549,-0.010494,0.422013,0.005915,0.181435,0.157386,0.02421,0.005553,0.003085,0.007811,-0.001088,-0.003547,0.045097,11,0.900352,0.988642,0.992189,0.567465,0.912286,0.764778,0.837218,0.025,0.048,1.0,0.0
13,0.002211,0.004,0.010551,0.005174,0.007271,0.005417,0.021426,0.008411,0.004673,0.006401,0.000158,0.007811,-0.0056,10,0.905787,0.99859,0.993599,0.556494,0.938368,0.793149,0.836679,0.025,0.052,1.0,0.0
14,-0.01363,-0.00657,-0.013329,0.001413,0.008375,-0.0102,0.01687,0.009933,0.005518,0.001358,0.001032,0.006401,-0.02003,9,0.897283,0.994957,0.998642,0.553747,0.935378,0.784976,0.83681,0.025,0.056,1.0,0.0
15,-0.013674,-0.008216,-0.00547,-0.001604,0.012224,-0.00338,0.014021,0.010669,0.005927,-0.002426,0.001078,0.001358,-0.015031,8,0.897918,0.996216,0.997574,0.555311,0.936171,0.784796,0.836777,0.025,0.06,1.0,0.0
16,-0.012161,-0.008104,-0.002662,-0.003716,0.011629,-0.000637,0.012001,0.010909,0.00606,-0.004876,0.000587,-0.002426,-0.009735,7,0.900273,0.997549,0.995124,0.556641,0.937156,0.786943,0.836734,0.025,0.064,1.0,0.0
17,-0.068245,-0.010407,-0.411978,-0.016622,0.148485,-0.147935,-0.009656,0.007207,0.004004,-0.020834,-0.000178,-0.004876,-0.063369,6,0.897857,0.984043,0.979166,0.561806,0.9072,0.767277,0.837164,0.025,0.068,1.0,0.0
18,0.002936,-0.00298,0.001002,-0.01271,0.007295,0.004886,-0.007717,0.004521,0.002512,-0.014847,-0.00307,-0.020834,0.02377,5,0.898411,0.994013,0.985153,0.552429,0.931516,0.786799,0.836952,0.025,0.072,1.0,0.0
19,-0.00578,-0.008619,-0.000561,-0.011324,0.001195,0.00285,-0.006326,0.002568,0.001427,-0.012562,-0.004718,-0.014847,0.009067,4,0.907151,0.997716,0.987438,0.546705,0.935677,0.797524,0.836797,0.025,0.076,1.0,0.0
20,0.003925,-0.001779,0.000502,-0.008274,0.008243,0.003733,-0.005018,0.001203,0.000668,-0.008408,-0.005817,-0.012562,0.016488,3,0.899796,0.995846,0.991592,0.54981,0.934533,0.788778,0.836843,0.025,0.08,1.0,0.0
21,-0.000225,-0.001187,0.00684,-0.006664,0.004254,0.007977,-0.003344,0.000384,0.000214,-0.006346,-0.006179,-0.008408,0.008183,2,0.908572,0.997938,0.993654,0.558555,0.93866,0.796329,0.836665,0.025,0.084,1.0,0.0
22,0.006212,0.000218,0.002568,-0.004089,0.009074,0.003353,-0.002489,-0.000133,7.4e-05,-0.003181,-0.006203,-0.006346,0.012558,1,0.899931,0.996836,0.996819,0.552316,0.93701,0.788372,0.836741,0.025,0.088,1.0,0.0
23,-0.009919,-0.003275,-0.00656,-0.005255,0.009977,-0.004589,-0.002755,-0.000605,0.000336,-0.004879,-0.00578,-0.003181,-0.006737,11,0.900341,0.998302,0.995121,0.551999,0.937925,0.78871,0.836699,0.025,0.092,1.0,0.0
24,-0.064117,-0.010899,-0.423209,-0.017028,0.164352,-0.156806,-0.022143,-0.004482,0.00249,-0.019801,-0.005654,-0.004879,-0.059238,10,0.90712,0.985079,0.980199,0.556305,0.90629,0.775888,0.837149,0.025,0.096,1.0,0.0
25,-0.005171,-0.010209,-0.011289,-0.014656,0.008865,-0.003859,-0.019871,-0.007252,0.004029,-0.016117,-0.007634,-0.019801,0.014629,9,0.901713,0.996316,0.983883,0.554621,0.93352,0.789322,0.836882,0.025,0.1,1.0,0.0
26,-0.009971,-0.011755,-0.001424,-0.013719,0.004887,0.002814,-0.017219,-0.009046,0.005025,-0.014569,-0.008822,-0.016117,0.006146,8,0.908145,0.998453,0.985431,0.550138,0.935737,0.797029,0.836795,0.025,0.104,1.0,0.0
27,-0.017493,-0.01246,-0.000254,-0.014474,0.018524,0.003149,-0.014727,-0.010068,0.005594,-0.015305,-0.009626,-0.014569,-0.002924,7,0.897787,0.999264,0.984695,0.557887,0.935973,0.783427,0.836785,0.025,0.108,1.0,0.0
28,-0.000218,-0.006387,0.006226,-0.011623,0.001825,0.007725,-0.012007,-0.010417,0.005787,-0.011507,-0.010422,-0.015305,0.015087,6,0.902902,0.996202,0.988493,0.559193,0.935624,0.790265,0.8368,0.025,0.112,1.0,0.0
29,-0.007346,-0.004522,-0.012584,-0.010767,0.000167,-0.006425,-0.011453,-0.010604,0.005891,-0.01046,-0.010574,-0.011507,0.004161,5,0.908253,0.998952,0.98954,0.558836,0.938713,0.795877,0.836663,0.025,0.116,1.0,0.0
30,-0.010557,-0.011111,0.005264,-0.010725,0.011072,0.006431,-0.009352,-0.010379,0.005766,-0.010484,-0.010558,-0.01046,-9.7e-05,4,0.904853,0.999976,0.989516,0.552572,0.93783,0.792433,0.836704,0.025,0.12,1.0,0.0
31,-0.00755,-0.00725,-0.001954,-0.01009,0.004732,0.000355,-0.008208,-0.009988,0.005549,-0.009745,-0.010547,-0.010484,0.002935,3,0.907744,0.999261,0.990255,0.55185,0.937847,0.796252,0.836703,0.025,0.124,1.0,0.0
32,-0.003331,-0.003602,0.001666,-0.008738,0.003577,0.003303,-0.00675,-0.009405,0.005225,-0.008131,-0.010435,-0.009745,0.006414,2,0.908619,0.998385,0.991869,0.554828,0.937875,0.796702,0.836702,0.025,0.128,1.0,0.0
33,-0.01108,-0.008084,0.004424,-0.009207,0.014702,0.005505,-0.005274,-0.008662,0.004812,-0.008873,-0.010112,-0.008131,-0.00295,1,0.901012,0.999257,0.991127,0.558189,0.93793,0.787129,0.836699,0.025,0.132,1.0,0.0
34,0.006722,-0.004703,0.019621,-0.006021,0.00351,0.016677,-0.002557,-0.007563,0.004202,-0.004946,-0.009939,-0.008873,0.015595,11,0.898515,0.996073,0.995054,0.547643,0.935462,0.788145,0.836806,0.025,0.136,1.0,0.0
35,0.005605,-0.00068,0.016218,-0.003696,0.000388,0.012964,-0.000539,-0.006298,0.003499,-0.002289,-0.00924,-0.004946,0.010552,10,0.90381,0.997343,0.997711,0.551125,0.938158,0.793189,0.836689,0.025,0.14,1.0,0.0
36,-0.022647,-0.011279,0.000491,-0.007486,0.029302,0.000998,-0.00127,-0.005393,0.002996,-0.007416,-0.008267,-0.002289,-0.020358,9,0.886186,0.994873,0.992584,0.542706,0.930576,0.773829,0.836982,0.025,0.144,1.0,0.0
37,0.006608,0.00228,-0.010363,-0.004667,0.016381,-0.005674,-0.001863,-0.004758,0.002643,-0.003884,-0.008148,-0.007416,0.014024,8,0.898071,0.996468,0.996116,0.553023,0.935637,0.785236,0.836799,0.025,0.148,1.0,0.0
38,-0.006626,-0.006072,-0.000835,-0.005059,0.004979,0.000293,-0.001543,-0.004179,0.002322,-0.004575,-0.007551,-0.003884,-0.002742,7,0.906456,0.999309,0.995425,0.556324,0.939899,0.794361,0.836605,0.025,0.152,1.0,0.0
39,0.007949,0.006818,0.004034,-0.002457,0.004133,0.003683,-0.000875,-0.003584,0.001991,-0.00142,-0.007134,-0.004575,0.012524,6,0.90414,0.996845,0.99858,0.558805,0.938608,0.791684,0.836668,0.025,0.156,1.0,0.0
40,-0.020529,-0.014632,-0.004875,-0.006072,0.017984,-0.003735,-0.001236,-0.003162,0.001757,-0.006234,-0.006334,-0.00142,-0.019109,5,0.89368,0.995186,0.993766,0.541589,0.932246,0.783029,0.836928,0.025,0.16,1.0,0.0
41,-0.001992,-0.000805,-0.005801,-0.005256,0.001054,-0.002905,-0.000587,-0.002698,0.001499,-0.005165,-0.00632,-0.006234,0.004242,4,0.908884,0.998931,0.994835,0.553082,0.939425,0.797991,0.836628,0.025,0.164,1.0,0.0
42,-0.004842,-0.004648,-0.003159,-0.005173,0.001772,-0.000843,-0.000651,-0.00233,0.001294,-0.005083,-0.006158,-0.005165,0.000323,3,0.908693,0.999919,0.994917,0.554203,0.940515,0.79751,0.836574,0.025,0.168,1.0,0.0
43,0.013776,0.004064,0.014607,-0.001383,0.010431,0.011582,0.000868,-0.001754,0.000975,-0.000332,-0.006008,-0.005083,0.01886,2,0.895194,0.995248,0.999668,0.547784,0.935289,0.784288,0.836813,0.025,0.172,1.0,0.0
44,0.003937,0.001486,0.000752,-0.000319,0.004989,0.000757,0.000837,-0.001288,0.000716,0.000744,-0.005213,-0.000332,0.004268,1,0.905477,0.998925,0.999256,0.557339,0.940657,0.793339,0.836567,0.025,0.176,1.0,0.0
45,0.001165,0.002031,-0.005818,-2.2e-05,0.003899,-0.004202,0.000161,-0.001027,0.000571,0.00085,-0.004379,0.000744,0.000421,11,0.908837,0.999894,0.99915,0.54662,0.940324,0.798988,0.836584,0.025,0.18,1.0,0.0
46,0.017193,0.00927,-0.003944,0.003421,0.023873,-0.002965,-0.000251,-0.000887,0.000493,0.004968,-0.003647,0.00085,0.016343,10,0.891565,0.995882,0.995032,0.554765,0.934455,0.777698,0.836846,0.025,0.184,1.0,0.0
47,-0.003606,0.000754,-0.00153,0.002015,0.006244,-0.001673,-0.000405,-0.000801,0.000445,0.002808,-0.002441,0.004968,-0.008574,9,0.903108,0.99784,0.997192,0.555859,0.938808,0.791142,0.836658,0.025,0.188,1.0,0.0
48,-0.007029,-0.001976,0.012914,0.000207,0.019453,0.009036,0.001699,-0.000351,0.000195,0.000329,-0.001706,0.002808,-0.009837,8,0.897396,0.997521,0.999671,0.549678,0.936957,0.785107,0.836743,0.025,0.192,1.0,0.0
49,-0.013699,-0.00407,-0.012904,-0.002575,0.011457,-0.010339,0.000216,-0.000249,0.000138,-0.003206,-0.001421,0.000329,-0.014028,7,0.896039,0.996465,0.996794,0.551029,0.936225,0.784445,0.836775,0.025,0.196,1.0,0.0
50,0.004017,-0.000914,0.012145,-0.001256,0.000202,0.00987,0.001416,5.1e-05,2.8e-05,-0.001386,-0.001671,-0.003206,0.007223,6,0.905357,0.99818,0.998614,0.550879,0.939463,0.795154,0.836627,0.025,0.2,1.0,0.0
51,-0.007908,4e-05,0.011137,-0.002587,0.022174,0.008749,0.002329,0.000461,0.000256,-0.00303,-0.001631,-0.001386,-0.006522,5,0.895546,0.998357,0.99697,0.548971,0.936797,0.783065,0.83675,0.025,0.204,1.0,0.0
52,-0.006985,-0.007355,-0.006802,-0.003466,7.1e-05,-0.004456,0.001443,0.000638,0.000354,-0.004026,-0.001827,-0.00303,-0.003956,4,0.908414,0.999003,0.995974,0.551728,0.939772,0.798025,0.836611,0.025,0.208,1.0,0.0
53,-0.004952,-0.003667,-0.019464,-0.003764,0.008321,-0.013749,-0.000423,0.000447,0.000248,-0.00426,-0.002135,-0.004026,-0.000926,3,0.908559,0.999767,0.99574,0.55524,0.940118,0.796488,0.836594,0.025,0.212,1.0,0.0
54,0.000792,-0.003532,0.021769,-0.002852,0.010027,0.018251,0.001887,0.000706,0.000392,-0.002987,-0.002432,-0.00426,0.005052,2,0.909537,0.998727,0.997013,0.543124,0.937619,0.799669,0.836713,0.025,0.216,1.0,0.0
55,-0.001377,3.9e-05,-0.017389,-0.002557,0.009402,-0.012581,7.6e-05,0.000593,0.000329,-0.002581,-0.00251,-0.002987,0.00161,1,0.907193,0.999594,0.997419,0.545916,0.939005,0.796849,0.836649,0.025,0.22,1.0,0.0
56,0.003612,0.003841,-0.0225,-0.001323,0.01783,-0.016239,-0.001997,0.000127,7e-05,-0.00102,-0.00252,-0.002581,0.006193,11,0.90196,0.998439,0.99898,0.550391,0.937976,0.789736,0.836697,0.025,0.224,1.0,0.0
57,0.007453,0.000288,0.020792,0.000432,0.001181,0.015952,0.000218,0.000143,8e-05,0.001115,-0.00231,-0.00102,0.008473,10,0.903759,0.997865,0.998885,0.549224,0.938895,0.793765,0.836654,0.025,0.228,1.0,0.0
58,-0.011493,-0.003211,0.002344,-0.001953,0.01894,0.001261,0.000253,0.000163,9.1e-05,-0.002062,-0.001831,0.001115,-0.012607,9,0.894741,0.996823,0.997938,0.54295,0.935049,0.783869,0.836823,0.025,0.232,1.0,0.0
59,-0.006736,-0.001939,-0.012803,-0.00291,0.001341,-0.009219,-0.001013,-4.9e-05,2.7e-05,-0.00324,-0.001863,-0.002062,-0.004674,8,0.905121,0.998822,0.99676,0.547133,0.939075,0.79553,0.836645,0.025,0.236,1.0,0.0
60,0.00208,0.001207,0.013243,-0.001912,0.006798,0.010705,0.00045,4.1e-05,2.3e-05,-0.001899,-0.002056,-0.00324,0.00532,7,0.909538,0.998659,0.998101,0.551031,0.939183,0.798514,0.83664,0.025,0.24,1.0,0.0
61,-0.000295,0.003542,-0.008972,-0.001588,0.00177,-0.00653,-0.000393,-3.7e-05,2.1e-05,-0.001495,-0.002034,-0.001899,0.001605,6,0.908962,0.999596,0.998505,0.542747,0.939633,0.800198,0.836618,0.025,0.244,1.0,0.0
62,-0.020473,-0.015181,0.001156,-0.005365,0.021541,0.001414,-0.00017,-6.1e-05,3.4e-05,-0.006277,-0.001958,-0.001495,-0.018978,5,0.892781,0.995218,0.993723,0.539322,0.931756,0.782329,0.836944,0.025,0.248,1.0,0.0
63,-0.005526,-0.002867,-0.011654,-0.005397,0.000924,-0.007314,-0.001091,-0.000246,0.000137,-0.006088,-0.002563,-0.006277,0.000752,4,0.908394,0.999811,0.993912,0.55019,0.939833,0.798231,0.836608,0.025,0.252,1.0,0.0
64,-0.007626,-0.014942,0.034414,-0.005843,0.021849,0.029293,0.002748,0.000293,0.000163,-0.006476,-0.003057,-0.006088,-0.001538,3,0.904727,0.999612,0.993524,0.532447,0.935145,0.7956,0.836819,0.025,0.256,1.0,0.0
65,-0.016105,-0.005312,-0.009982,-0.007896,0.016778,-0.006202,0.001655,0.000538,0.000299,-0.008902,-0.003535,-0.006476,-0.009629,2,0.894252,0.997574,0.991098,0.537827,0.933756,0.784643,0.836873,0.025,0.26,1.0,0.0
66,0.000894,-0.005628,0.000348,-0.006138,0.007195,0.002519,0.001778,0.000761,0.000423,-0.006434,-0.004287,-0.008902,0.009796,1,0.901689,0.997532,0.993566,0.542987,0.935901,0.792186,0.836788,0.025,0.264,1.0,0.0
67,-0.007449,-0.004609,-0.021317,-0.0064,0.006134,-0.015452,-0.000448,0.000544,0.000302,-0.00669,-0.004587,-0.006434,-0.001015,11,0.90944,0.999744,0.99331,0.541614,0.937979,0.800351,0.836697,0.025,0.268,1.0,0.0
68,-0.015172,-0.010319,0.006451,-0.008154,0.021,0.006309,0.000396,0.000517,0.000287,-0.008827,-0.004882,-0.00669,-0.008483,10,0.896301,0.997862,0.991173,0.550264,0.935256,0.783699,0.836815,0.025,0.272,1.0,0.0
69,0.002189,0.000937,-0.008176,-0.006086,0.0083,-0.004025,-0.000134,0.0004,0.000222,-0.006051,-0.005434,-0.008827,0.011016,9,0.903609,0.997224,0.993949,0.531407,0.934083,0.796309,0.836861,0.025,0.276,1.0,0.0
70,-0.002976,-0.001234,-0.014213,-0.005464,0.005636,-0.009838,-0.001338,8.7e-05,4.8e-05,-0.005276,-0.00552,-0.006051,0.003076,8,0.908505,0.999225,0.994724,0.537769,0.937358,0.80027,0.836725,0.025,0.28,1.0,0.0
71,-0.00498,-0.001867,-0.008147,-0.005367,0.001503,-0.005326,-0.001838,-0.00026,0.000144,-0.005201,-0.005486,-0.005276,0.000297,7,0.90737,0.999925,0.994799,0.534469,0.938049,0.800281,0.836694,0.025,0.284,1.0,0.0
72,0.005322,0.001442,-0.012144,-0.003229,0.016324,-0.00794,-0.00267,-0.000693,0.000385,-0.00255,-0.005446,-0.005201,0.010524,6,0.89911,0.997348,0.99745,0.546585,0.93617,0.787796,0.836777,0.025,0.288,1.0,0.0
73,-0.009665,-0.004004,-0.010547,-0.004516,0.005949,-0.007694,-0.003257,-0.001155,0.000642,-0.004343,-0.005041,-0.00255,-0.007116,5,0.90218,0.998207,0.995657,0.537382,0.936432,0.793925,0.836766,0.025,0.292,1.0,0.0
74,-0.00042,0.00093,0.003948,-0.003697,0.004689,0.004222,-0.002393,-0.001378,0.000765,-0.003354,-0.004943,-0.004343,0.003923,4,0.908476,0.999012,0.996646,0.541014,0.938047,0.799634,0.836694,0.025,0.296,1.0,0.0
75,-0.004178,0.001306,0.015761,-0.003793,0.020128,0.013316,-0.000481,-0.001216,0.000676,-0.003562,-0.004721,-0.003354,-0.000824,3,0.899286,0.999792,0.996438,0.539451,0.937036,0.788913,0.836739,0.025,0.3,1.0,0.0
76,0.007277,-0.00104,0.010238,-0.001579,0.007061,0.009261,0.000768,-0.000859,0.000477,-0.000831,-0.004558,-0.003562,0.010838,2,0.899807,0.997269,0.999169,0.527741,0.934955,0.793363,0.836827,0.025,0.304,1.0,0.0
77,0.007622,0.00325,-0.009002,0.000261,0.016566,-0.006982,-0.000122,-0.000727,0.000404,0.001299,-0.004036,-0.000831,0.008453,1,0.898937,0.99787,0.998701,0.535851,0.935555,0.789738,0.836802,0.025,0.308,1.0,0.0
78,-0.004009,-0.002986,0.000692,-0.000593,0.004471,0.00026,-0.000182,-0.000628,0.000349,-3.8e-05,-0.003289,0.001299,-0.005308,11,0.906223,0.998662,0.999962,0.543646,0.93886,0.796922,0.836656,0.025,0.312,1.0,0.0
79,-0.000354,0.004034,0.011211,-0.000545,0.01287,0.008957,0.001041,-0.000328,0.000182,-0.000118,-0.002834,-3.8e-05,-0.000316,10,0.903029,0.99992,0.999882,0.541241,0.938954,0.793218,0.836651,0.025,0.316,1.0,0.0
80,0.005782,0.003757,-0.000699,0.00072,0.006881,-0.000408,0.00096,-9.6e-05,5.3e-05,0.001369,-0.002454,-0.000118,0.0059,9,0.904437,0.998513,0.998631,0.541757,0.937943,0.795255,0.836699,0.025,0.32,1.0,0.0
81,6.5e-05,-0.004117,0.014138,0.000589,0.00527,0.011361,0.002181,0.000314,0.000174,0.00104,-0.001919,0.001369,-0.001305,8,0.909833,0.999671,0.99896,0.534669,0.9384,0.80225,0.836677,0.025,0.324,1.0,0.0
82,0.014152,0.009755,0.010709,0.003302,0.00766,0.008242,0.002949,0.000788,0.000438,0.004344,-0.001504,0.00104,0.013112,7,0.900247,0.996696,0.995656,0.541721,0.935338,0.79094,0.836811,0.025,0.328,1.0,0.0
83,-0.009525,-0.002633,-0.001597,0.000736,0.013172,-0.002375,0.00235,0.001069,0.000594,0.00085,-0.000686,0.004344,-0.01387,6,0.897472,0.996505,0.99915,0.537104,0.934788,0.788411,0.836833,0.025,0.332,1.0,0.0
84,-0.003194,-0.001085,-0.022179,-5e-05,0.010941,-0.018291,-0.000296,0.000824,0.000458,-0.000169,-0.000471,0.00085,-0.004043,5,0.908446,0.998981,0.999831,0.533218,0.937136,0.800444,0.836735,0.025,0.336,1.0,0.0
85,-0.004734,-0.00223,0.002396,-0.000986,0.007878,0.002132,4.6e-05,0.000684,0.00038,-0.001319,-0.000429,-0.000169,-0.004565,4,0.904281,0.99885,0.998681,0.527133,0.936262,0.797871,0.836773,0.025,0.34,1.0,0.0
86,0.002544,0.011453,-0.017327,-0.00028,0.004234,-0.0139,-0.001717,0.000251,0.00014,-0.000346,-0.000553,-0.001319,0.003863,3,0.908077,0.999026,0.999654,0.529885,0.937403,0.801578,0.836723,0.025,0.344,1.0,0.0
87,0.000411,-0.000289,0.007818,-0.000142,0.00442,0.006416,-0.000661,8.7e-05,4.8e-05,-0.000155,-0.000524,-0.000346,0.000757,2,0.90901,0.999809,0.999845,0.532416,0.938543,0.801992,0.836671,0.025,0.348,1.0,0.0
88,0.020703,0.011757,-0.01094,0.004027,0.032498,-0.009055,-0.001893,-0.000269,0.00015,0.005101,-0.000473,-0.000155,0.020858,1,0.886477,0.994744,0.994899,0.527169,0.928871,0.777129,0.837033,0.025,0.352,1.0,0.0
89,0.008194,0.000399,0.016672,0.00486,0.002965,0.01236,-7.4e-05,-0.000234,0.00013,0.00588,0.000308,0.005101,0.003093,11,0.903172,0.999221,0.99412,0.535928,0.937236,0.795617,0.836731,0.025,0.356,1.0,0.0
90,-0.003899,0.002174,-0.001139,0.003108,0.008439,-0.002466,-0.00039,-0.000262,0.000146,0.003416,0.001088,0.00588,-0.009779,10,0.901158,0.997536,0.996584,0.529911,0.934797,0.794148,0.836833,0.025,0.36,1.0,0.0
91,0.010302,0.00842,0.014933,0.004547,0.000854,0.011765,0.001228,6e-06,3e-06,0.005151,0.001414,0.003416,0.006886,9,0.906572,0.998265,0.994849,0.523719,0.935088,0.801726,0.836821,0.025,0.364,1.0,0.0
92,0.003118,-0.001763,0.020311,0.004261,0.006497,0.015627,0.00301,0.000547,0.000304,0.004639,0.001937,0.005151,-0.002033,8,0.909437,0.999488,0.995361,0.52062,0.93543,0.804503,0.836808,0.025,0.368,1.0,0.0
93,0.007747,0.013599,-0.010995,0.004958,0.007176,-0.010517,0.001349,0.000691,0.000384,0.005422,0.002315,0.004639,0.003108,7,0.908806,0.999217,0.994578,0.524526,0.935414,0.803001,0.836808,0.025,0.372,1.0,0.0
94,-0.004976,-0.006341,0.011071,0.002971,0.009694,0.007718,0.002216,0.000966,0.000537,0.002802,0.00275,0.005422,-0.010398,6,0.904291,0.99738,0.997198,0.517605,0.933027,0.799553,0.8369,0.025,0.376,1.0,0.0
95,-0.007885,-0.00269,-0.007085,0.0008,0.006336,-0.006489,0.001165,0.001002,0.000556,0.000109,0.002757,0.002802,-0.010687,5,0.901653,0.997307,0.999891,0.53869,0.936649,0.793099,0.836756,0.025,0.38,1.0,0.0
96,0.000853,-0.003089,0.013831,0.000811,0.004822,0.011657,0.002539,0.001278,0.00071,0.000297,0.002387,0.000109,0.000744,4,0.909454,0.999812,0.999703,0.530755,0.938205,0.802653,0.836687,0.025,0.384,1.0,0.0
97,0.014151,0.00563,0.022741,0.003479,0.003613,0.01886,0.004653,0.001886,0.001048,0.003787,0.002094,0.000297,0.013855,3,0.899461,0.996509,0.996213,0.530192,0.934138,0.792884,0.836859,0.025,0.388,1.0,0.0
98,0.007472,0.002893,0.015191,0.004278,8.5e-05,0.011529,0.00552,0.00254,0.001411,0.004716,0.002331,0.003787,0.003685,2,0.905873,0.999072,0.995284,0.536448,0.937609,0.798432,0.836714,0.025,0.392,1.0,0.0
99,-0.015033,-0.008909,-0.00916,0.000415,0.011004,-0.008801,0.003672,0.002744,0.001524,-0.00026,0.002665,0.004716,-0.019749,1,0.896671,0.995025,0.99974,0.520917,0.931489,0.791015,0.836953,0.025,0.396,1.0,0.0
100,-0.001329,0.005408,-0.018664,6.7e-05,0.004824,-0.015682,0.001204,0.002467,0.00137,-0.000529,0.002256,-0.00026,-0.001069,11,0.907894,0.999731,0.999471,0.527012,0.93753,0.801775,0.836717,0.025,0.4,1.0,0.0
101,-0.00315,-0.008977,0.016493,-0.000577,0.007629,0.014431,0.002917,0.002548,0.001415,-0.001189,0.001866,-0.000529,-0.002621,10,0.909303,0.99934,0.998811,0.523645,0.936267,0.803517,0.836773,0.025,0.404,1.0,0.0
102,-0.004165,-0.006005,0.011076,-0.001294,0.008829,0.009366,0.003744,0.002763,0.001535,-0.001939,0.001438,-0.001189,-0.002976,9,0.906659,0.99925,0.998061,0.524492,0.935987,0.800548,0.836785,0.025,0.408,1.0,0.0
103,0.007675,0.007499,-0.00902,0.000499,0.012048,-0.007058,0.002354,0.002689,0.001494,0.000483,0.000965,-0.001939,0.009614,8,0.902427,0.997578,0.999517,0.528812,0.934901,0.795069,0.836829,0.025,0.412,1.0,0.0
104,-0.008719,0.000502,-0.016578,-0.001344,0.004646,-0.014501,0.000249,0.00225,0.00125,-0.001835,0.000898,0.000483,-0.009202,7,0.900542,0.997682,0.998165,0.525869,0.935071,0.794685,0.836822,0.025,0.416,1.0,0.0
105,0.016685,0.005713,0.01384,0.002262,0.014231,0.012518,0.001728,0.002156,0.001198,0.002831,0.000515,-0.001835,0.018521,6,0.893,0.995334,0.997169,0.521488,0.930983,0.786875,0.83697,0.025,0.42,1.0,0.0
106,0.007585,0.008874,-0.007629,0.003326,0.009649,-0.007568,0.00052,0.001861,0.001034,0.004029,0.000839,0.002831,0.004754,5,0.905099,0.998802,0.995971,0.529902,0.935722,0.797857,0.836796,0.025,0.424,1.0,0.0
107,-0.005548,0.000256,-0.024721,0.001551,0.007242,-0.022176,-0.00232,0.001109,0.000616,0.001615,0.001286,0.004029,-0.009577,4,0.906881,0.997587,0.998385,0.51534,0.93345,0.802883,0.836885,0.025,0.428,1.0,0.0
108,0.014539,0.006847,0.011648,0.004149,0.010738,0.009961,-0.000681,0.000787,0.000437,0.004872,0.001332,0.001615,0.012923,3,0.897513,0.996744,0.995128,0.519453,0.932062,0.79229,0.836934,0.025,0.432,1.0,0.0
109,0.017857,0.010892,0.005042,0.00689,0.017191,0.003166,-0.000213,0.000607,0.000337,0.008144,0.001827,0.004872,0.012985,2,0.895113,0.996728,0.991856,0.508573,0.929242,0.791302,0.837022,0.025,0.436,1.0,0.0
110,-0.000659,0.007372,-0.003961,0.00538,0.006119,-0.005616,-0.000813,0.000351,0.000195,0.005926,0.002712,0.008144,-0.008803,1,0.901624,0.997782,0.994074,0.518669,0.933231,0.797136,0.836893,0.025,0.44,1.0,0.0
111,0.012215,0.006479,0.011084,0.006747,0.007554,0.007827,0.000232,0.00033,0.000183,0.007511,0.003162,0.005926,0.00629,11,0.901434,0.998415,0.992489,0.512074,0.932496,0.798094,0.836919,0.025,0.444,1.0,0.0
112,-0.003208,0.001758,0.007945,0.004756,0.01305,0.004658,0.000844,0.000422,0.000235,0.00481,0.003771,0.007511,-0.010718,10,0.899929,0.997299,0.99519,0.513342,0.931619,0.795671,0.836949,0.025,0.448,1.0,0.0
113,0.008867,0.003969,0.017227,0.005579,0.00032,0.014367,0.002478,0.000792,0.00044,0.005832,0.003916,0.00481,0.004058,9,0.905709,0.998978,0.994168,0.510039,0.93388,0.803619,0.836869,0.025,0.452,1.0,0.0
114,0.003922,0.001693,-0.008558,0.005247,0.011596,-0.009165,0.001042,0.000837,0.000465,0.005351,0.004184,0.005832,-0.00191,8,0.904604,0.999519,0.994649,0.510644,0.933478,0.801037,0.836884,0.025,0.456,1.0,0.0
115,0.00516,0.001815,0.005714,0.00523,0.003601,0.003276,0.00126,0.000913,0.000507,0.005303,0.004348,0.005351,-0.00019,7,0.9064,0.999952,0.994697,0.519836,0.935911,0.80195,0.836788,0.025,0.46,1.0,0.0
116,-0.003505,0.003216,-0.000992,0.003483,0.008903,-0.002759,0.00067,0.00087,0.000483,0.003083,0.004481,0.005303,-0.008808,6,0.900931,0.997781,0.996917,0.513621,0.932926,0.79709,0.836904,0.025,0.464,1.0,0.0
117,-0.001718,0.001995,0.017381,0.002443,0.017509,0.01441,0.002465,0.001157,0.000643,0.001874,0.004286,0.003083,-0.004802,5,0.900406,0.99879,0.998126,0.51476,0.933482,0.795288,0.836883,0.025,0.468,1.0,0.0
118,-0.004756,-0.010329,0.019361,0.001003,0.010963,0.015941,0.00413,0.001692,0.00094,0.000203,0.003948,0.001874,-0.00663,4,0.906834,0.99833,0.999797,0.505315,0.932812,0.804362,0.836908,0.025,0.472,1.0,0.0
119,0.002345,0.006151,0.000702,0.001271,0.002968,0.000775,0.00377,0.002066,0.001148,0.000743,0.003424,0.000203,0.002142,3,0.907698,0.99946,0.999257,0.514263,0.935758,0.804375,0.836794,0.025,0.476,1.0,0.0
120,-0.005597,-0.004977,0.031024,-0.000102,0.026641,0.026418,0.006574,0.002878,0.001599,-0.000854,0.003048,0.000743,-0.00634,2,0.897954,0.998403,0.999146,0.5119,0.93197,0.792217,0.836937,0.025,0.48,1.0,0.0
121,0.011424,0.006008,0.007988,0.002203,0.008595,0.006701,0.006518,0.003533,0.001963,0.002239,0.002502,-0.000854,0.012279,1,0.899908,0.996907,0.997761,0.507388,0.931353,0.797203,0.836958,0.025,0.484,1.0,0.0
122,0.005236,0.003063,0.012994,0.00281,0.002923,0.010597,0.007002,0.004157,0.00231,0.002994,0.002465,0.002239,0.002997,11,0.908556,0.999245,0.997006,0.504928,0.933724,0.806989,0.836874,0.025,0.488,1.0,0.0
123,0.001223,0.004217,0.007066,0.002492,0.00735,0.005928,0.00696,0.004662,0.00259,0.002548,0.002539,0.002994,-0.001771,10,0.905606,0.999554,0.997452,0.502335,0.933332,0.803998,0.836889,0.025,0.492,1.0,0.0
124,0.002598,0.004119,-0.00628,0.002514,0.004808,-0.006345,0.005418,0.004798,0.002665,0.00256,0.00254,0.002548,5.1e-05,9,0.908581,0.999987,0.99744,0.504238,0.934255,0.80689,0.836854,0.025,0.496,1.0,0.0
125,-0.006199,0.004999,-0.017001,0.000771,0.004557,-0.015654,0.002713,0.004423,0.002457,0.000354,0.002543,0.00256,-0.00876,8,0.900019,0.997793,0.999646,0.506667,0.932938,0.797893,0.836903,0.025,0.5,1.0,0.0
126,-0.005401,-0.003656,0.004307,-0.000464,0.008894,0.003826,0.002814,0.004133,0.002296,-0.001096,0.002237,0.000354,-0.005755,7,0.904025,0.99855,0.998904,0.501482,0.932426,0.802432,0.836921,0.025,0.504,1.0,0.0
127,0.017055,0.005005,0.013677,0.00304,0.015846,0.011998,0.004028,0.004114,0.002286,0.003476,0.00177,-0.001096,0.018151,6,0.891846,0.995428,0.996524,0.504641,0.928489,0.788787,0.837043,0.025,0.508,1.0,0.0
128,0.007278,-8.4e-05,0.002084,0.003888,0.011868,0.001676,0.00384,0.004065,0.002258,0.004434,0.002009,0.003476,0.003802,5,0.900115,0.999042,0.995566,0.504877,0.932294,0.79749,0.836926,0.025,0.512,1.0,0.0
129,-0.007807,-0.006271,0.001012,0.001549,0.007931,-8e-05,0.003296,0.003926,0.002181,0.001351,0.002349,0.004434,-0.012241,4,0.902759,0.996916,0.998649,0.509299,0.931864,0.79973,0.836941,0.025,0.516,1.0,0.0
130,0.002796,0.000458,-0.002903,0.001798,0.006717,-0.003057,0.00256,0.003681,0.002045,0.001715,0.002209,0.001351,0.001445,3,0.905598,0.999636,0.998285,0.512451,0.935027,0.802097,0.836824,0.025,0.52,1.0,0.0
131,-0.002123,-0.0024,0.018878,0.001014,0.014654,0.016694,0.004484,0.003825,0.002125,0.000748,0.00214,0.001715,-0.003838,2,0.903741,0.999033,0.999252,0.494643,0.931535,0.802842,0.836952,0.025,0.524,1.0,0.0
132,0.002851,0.005294,-0.005726,0.001381,0.003412,-0.004631,0.003305,0.003731,0.002073,0.001277,0.001945,0.000748,0.002103,11,0.909217,0.99947,0.998723,0.497627,0.933364,0.809075,0.836888,0.025,0.528,1.0,0.0
133,-0.002588,-0.005704,0.027764,0.000587,0.01816,0.024223,0.005938,0.004129,0.002294,0.000304,0.001851,0.001277,-0.003865,11,0.903892,0.999026,0.999696,0.498603,0.931781,0.801763,0.836943,0.025,0.532,1.0,0.0
134,0.010283,0.006056,0.006193,0.002527,0.007765,0.004963,0.005883,0.004444,0.002469,0.002818,0.001635,0.000304,0.009979,10,0.901421,0.997486,0.997182,0.497237,0.930519,0.800795,0.836984,0.025,0.536,1.0,0.0
135,-0.002077,-0.00603,-0.01143,0.001606,0.011108,-0.011376,0.003699,0.00431,0.002395,0.001585,0.0018,0.002818,-0.004894,10,0.905099,0.998767,0.998415,0.493767,0.931297,0.804773,0.836959,0.025,0.54,1.0,0.0
136,-0.004795,-0.006155,0.008151,0.000326,0.00772,0.006695,0.004071,0.004267,0.002371,-2.2e-05,0.00177,0.001585,-0.00638,8,0.906005,0.998393,0.999978,0.496052,0.931922,0.805631,0.836939,0.025,0.544,1.0,0.0
137,-0.002568,0.006902,-0.011539,-0.000253,0.003948,-0.010567,0.002168,0.003889,0.002161,-0.000664,0.001519,-2.2e-05,-0.002545,6,0.902958,0.999359,0.999336,0.489506,0.932278,0.804367,0.836926,0.025,0.548,1.0,0.0
138,0.004664,0.008736,-0.033593,0.00073,0.023006,-0.031016,-0.001942,0.00284,0.001578,0.000679,0.001214,-0.000664,0.005327,6,0.901756,0.998658,0.999321,0.4968,0.930666,0.799477,0.83698,0.025,0.552,1.0,0.0
139,-0.00505,-0.006822,-0.005472,-0.000426,0.002125,-0.004674,-0.002316,0.001912,0.001062,-0.000765,0.001139,0.000679,-0.005728,6,0.909857,0.998557,0.999235,0.494292,0.932349,0.810637,0.836924,0.025,0.556,1.0,0.0
140,0.001899,0.002727,-0.006558,3.9e-05,0.005353,-0.007285,-0.002939,0.001039,0.000577,-9.3e-05,0.000872,-0.000765,0.002664,5,0.907495,0.999329,0.999907,0.490753,0.932528,0.808644,0.836918,0.025,0.56,1.0,0.0
141,-0.001355,0.000491,-0.003706,-0.000239,0.000398,-0.003052,-0.003055,0.000302,0.000168,-0.000411,0.000737,-9.3e-05,-0.001261,2,0.908475,0.999682,0.999589,0.488362,0.933023,0.810738,0.8369,0.025,0.564,1.0,0.0
142,-0.002749,-0.009569,0.026732,-0.000741,0.013556,0.023671,0.000198,0.000283,0.000157,-0.001,0.000576,-0.000411,-0.002338,2,0.90771,0.999411,0.999,0.489351,0.931432,0.808197,0.836955,0.025,0.568,1.0,0.0
143,-0.005597,-0.008091,-0.005827,-0.001713,0.002807,-0.005266,-0.000493,0.000143,8e-05,-0.002159,0.000356,-0.001,-0.004597,2,0.909361,0.998842,0.997841,0.486324,0.931287,0.811751,0.83696,0.025,0.572,1.0,0.0
144,-0.004809,-0.001723,-0.012543,-0.002332,0.002042,-0.011058,-0.00198,-0.000239,0.000133,-0.002827,4e-06,-0.002159,-0.00265,1,0.908032,0.999332,0.997173,0.486969,0.931777,0.81038,0.836944,0.025,0.576,1.0,0.0
145,-0.005659,-0.007164,-0.003029,-0.002997,0.000488,-0.001549,-0.001977,-0.000552,0.000307,-0.00354,-0.000393,-0.002827,-0.002833,9,0.909251,0.999286,0.99646,0.491844,0.932342,0.810793,0.836924,0.025,0.58,1.0,0.0
146,-0.001896,0.000908,-0.011803,-0.002777,0.003954,-0.010486,-0.003121,-0.001014,0.000564,-0.003126,-0.000833,-0.00354,0.001644,9,0.909456,0.999586,0.996874,0.490215,0.932156,0.810882,0.836931,0.025,0.584,1.0,0.0
147,0.000553,0.00524,-0.006922,-0.002111,1.9e-05,-0.004572,-0.003357,-0.001436,0.000798,-0.002199,-0.001154,-0.003126,0.003679,7,0.908404,0.999073,0.997801,0.48967,0.932164,0.810388,0.83693,0.025,0.588,1.0,0.0
148,0.010208,0.011951,0.00614,0.000353,0.000962,0.006797,-0.002062,-0.001549,0.00086,0.000927,-0.001301,-0.002199,0.012407,7,0.906642,0.996874,0.999073,0.491167,0.930365,0.808207,0.836989,0.025,0.592,1.0,0.0
149,-0.002337,0.000738,-0.019753,-0.000185,0.00918,-0.01885,-0.004095,-0.002007,0.001115,0.000104,-0.000989,0.000927,-0.003264,7,0.909171,0.999178,0.999896,0.478826,0.930398,0.812193,0.836988,0.025,0.596,1.0,0.0
150,-0.000419,0.001663,-0.010876,-0.000232,0.005267,-0.010423,-0.004938,-0.002534,0.001408,-2.8e-05,-0.000836,0.000104,-0.000524,6,0.909301,0.999868,0.999972,0.488237,0.932694,0.81088,0.836912,0.025,0.6,1.0,0.0
151,-0.016843,-0.02083,0.014616,-0.003554,0.018428,0.013915,-0.002664,-0.002558,0.001421,-0.004264,-0.000723,-2.8e-05,-0.016815,4,0.89944,0.995764,0.995736,0.475472,0.924661,0.801992,0.837132,0.025,0.604,1.0,0.0
152,-0.002414,-0.001647,-0.005924,-0.003326,0.001422,-0.003895,-0.002844,-0.002609,0.00145,-0.003798,-0.001218,-0.004264,0.00185,2,0.909314,0.999534,0.996202,0.484202,0.931351,0.812158,0.836958,0.025,0.608,1.0,0.0
153,0.000602,0.001002,0.006208,-0.002541,0.004788,0.008094,-0.001484,-0.002407,0.001337,-0.002689,-0.001579,-0.003798,0.0044,2,0.90892,0.998892,0.997311,0.479242,0.929995,0.812364,0.837,0.025,0.612,1.0,0.0
154,0.00774,-0.001137,0.020909,-0.000484,0.000151,0.020605,0.001305,-0.001739,0.000966,-6.1e-05,-0.001735,-0.002689,0.01043,1,0.902296,0.997372,0.999939,0.480181,0.929704,0.806145,0.837009,0.025,0.616,1.0,0.0
155,-0.000176,0.001956,-0.005389,-0.000423,0.001548,-0.005963,0.0003,-0.001372,0.000762,-9e-05,-0.001501,-6.1e-05,-0.000115,11,0.9095,0.999971,0.99991,0.484059,0.932662,0.812426,0.836913,0.025,0.62,1.0,0.0
156,0.003907,0.007583,-0.006371,0.000443,0.003409,-0.005986,-0.000462,-0.001208,0.000671,0.000917,-0.001303,-9e-05,0.003998,10,0.909276,0.998993,0.999083,0.473818,0.929989,0.814036,0.837,0.025,0.624,1.0,0.0
157,-0.001646,0.000521,-0.006047,2.5e-05,0.000904,-0.006511,-0.001368,-0.001237,0.000687,0.000271,-0.000992,0.000917,-0.002563,9,0.908502,0.999354,0.999729,0.480613,0.93163,0.812202,0.836948,0.025,0.628,1.0,0.0
158,-0.012035,-0.017607,0.020918,-0.002387,0.017734,0.019868,0.001268,-0.000786,0.000437,-0.00283,-0.000815,0.000271,-0.012306,8,0.902091,0.996899,0.99717,0.491795,0.928391,0.80156,0.837046,0.025,0.632,1.0,0.0
159,0.006652,0.004279,0.004412,-0.000579,0.004187,0.004631,0.001765,-0.000327,0.000181,-0.00044,-0.001097,-0.00283,0.009482,7,0.904373,0.997611,0.99956,0.480951,0.929613,0.807662,0.837011,0.025,0.636,1.0,0.0
160,-0.00038,-0.005353,0.024786,-0.000539,0.012601,0.022886,0.004395,0.000523,0.000291,-0.000425,-0.001005,-0.00044,6e-05,7,0.907868,0.999985,0.999575,0.478558,0.930816,0.810615,0.836975,0.025,0.64,1.0,0.0
161,-0.005772,-0.006854,0.024757,-0.001586,0.02103,0.024808,0.007051,0.001698,0.000943,-0.001772,-0.000924,-0.000425,-0.005347,6,0.90084,0.998653,0.998228,0.472825,0.927542,0.803657,0.837068,0.025,0.644,1.0,0.0
162,-0.003883,0.004575,0.007977,-0.002045,0.017896,0.008267,0.007427,0.002729,0.001516,-0.002304,-0.001043,-0.001772,-0.002111,5,0.898206,0.999468,0.997696,0.471025,0.928264,0.801702,0.837049,0.025,0.648,1.0,0.0
163,-0.00322,-0.000972,0.001794,-0.00228,0.006209,0.002551,0.006884,0.003477,0.001932,-0.002535,-0.00122,-0.002304,-0.000916,3,0.906058,0.999769,0.997465,0.472813,0.929878,0.810557,0.837004,0.025,0.652,1.0,0.0
164,-0.003589,0.004476,-0.030584,-0.002542,0.010723,-0.029819,0.002348,0.003274,0.001819,-0.0028,-0.001404,-0.002535,-0.001054,2,0.909463,0.999734,0.9972,0.468267,0.928749,0.814341,0.837036,0.025,0.656,1.0,0.0
165,-0.011788,0.002414,-0.029488,-0.004391,0.002873,-0.027746,-0.001408,0.002431,0.001351,-0.005065,-0.001599,-0.0028,-0.008987,1,0.898538,0.997736,0.994935,0.482655,0.928933,0.801527,0.837031,0.025,0.66,1.0,0.0
166,0.016831,0.001546,0.024125,-0.000147,0.011466,0.023464,0.001575,0.002277,0.001265,0.000452,-0.002084,-0.005065,0.021896,10,0.891068,0.994484,0.999548,0.474212,0.92481,0.794723,0.837129,0.025,0.664,1.0,0.0
167,-0.009841,-0.009755,0.012009,-0.002085,0.015987,0.012029,0.002931,0.002395,0.001331,-0.002141,-0.001729,0.000452,-0.010292,10,0.90066,0.997407,0.997859,0.471008,0.926455,0.804407,0.837094,0.025,0.668,1.0,0.0
168,0.001378,-0.003186,-0.009937,-0.001393,0.012714,-0.006534,0.001822,0.002292,0.001273,-0.001255,-0.001787,-0.002141,0.00352,9,0.902095,0.999113,0.998745,0.46524,0.927938,0.807394,0.837058,0.025,0.672,1.0,0.0
169,0.006999,0.007209,-0.007615,0.000286,0.010775,-0.010198,0.000329,0.001938,0.001077,0.000825,-0.001712,-0.001255,0.008253,8,0.903152,0.997921,0.999175,0.458925,0.926239,0.809966,0.837099,0.025,0.676,1.0,0.0
170,0.006492,0.009812,-0.009106,0.001527,0.007859,-0.010048,-0.000914,0.001425,0.000792,0.002253,-0.001357,0.000825,0.005667,7,0.90659,0.998572,0.997747,0.470098,0.928326,0.811549,0.837047,0.025,0.68,1.0,0.0
171,0.008484,0.002115,0.005313,0.002918,0.00935,0.004655,-0.000192,0.001134,0.00063,0.003823,-0.000852,0.002253,0.006231,6,0.900891,0.99843,0.996177,0.465778,0.927125,0.80655,0.837078,0.025,0.684,1.0,0.0
172,-0.000427,-0.003179,0.009122,0.002249,0.003638,0.007022,0.000675,0.001051,0.000584,0.002752,-0.000197,0.003823,-0.00425,5,0.909139,0.998929,0.997248,0.465591,0.928418,0.815526,0.837045,0.025,0.688,1.0,0.0
173,-0.01163,-0.009478,-0.00117,-0.000527,0.009808,-0.002176,0.000431,0.00094,0.000522,-0.000872,0.000216,0.002752,-0.014382,4,0.900794,0.996376,0.999128,0.468421,0.926068,0.80588,0.837102,0.025,0.692,1.0,0.0
174,-0.015903,-0.002607,-0.027639,-0.003602,0.006314,-0.025275,-0.002741,0.000277,0.000154,-0.00466,6.3e-05,-0.000872,-0.015031,3,0.89572,0.996212,0.99534,0.463825,0.924816,0.802182,0.837129,0.025,0.696,1.0,0.0
175,0.007801,0.001383,0.000983,-0.001321,0.011799,0.002095,-0.00223,-0.000174,9.7e-05,-0.00152,-0.000598,-0.00466,0.012461,2,0.898713,0.99686,0.99848,0.459649,0.925095,0.805357,0.837123,0.025,0.7,1.0,0.0
176,-0.011378,-0.012556,0.008884,-0.003333,0.01357,0.009705,-0.000718,-0.000272,0.000151,-0.004004,-0.000727,-0.00152,-0.009858,1,0.902,0.997516,0.995996,0.464767,0.92566,0.807403,0.837111,0.025,0.704,1.0,0.0
177,0.011635,5.3e-05,0.006921,-0.000339,0.01585,0.008381,0.000376,-0.000155,8.6e-05,-6.3e-05,-0.001186,-0.004004,0.015639,11,0.893501,0.996059,0.999937,0.462395,0.924586,0.799111,0.837133,0.025,0.708,1.0,0.0
178,-0.002396,-0.002141,0.011419,-0.00075,0.010247,0.01088,0.001579,0.000157,8.7e-05,-0.000651,-0.001028,-6.3e-05,-0.002333,10,0.905289,0.999412,0.999349,0.457845,0.927754,0.812481,0.837062,0.025,0.712,1.0,0.0
179,0.014151,0.008312,0.020091,0.00223,0.002335,0.018125,0.003706,0.000796,0.000442,0.003079,-0.000976,-0.000651,0.014802,9,0.901163,0.99627,0.996921,0.446129,0.923311,0.811613,0.837156,0.025,0.716,1.0,0.0
180,0.001667,0.003431,-0.012628,0.002117,0.008531,-0.013024,0.001657,0.000951,0.000528,0.002723,-0.000408,0.003079,-0.001412,8,0.907786,0.999644,0.997277,0.453543,0.927085,0.816001,0.837079,0.025,0.72,1.0,0.0
181,0.000778,0.008723,-2.5e-05,0.001849,0.008008,-0.000542,0.001428,0.001037,0.000576,0.002233,3e-05,0.002723,-0.001945,7,0.902691,0.99951,0.997767,0.446265,0.926167,0.81242,0.8371,0.025,0.724,1.0,0.0
182,-0.0034,-0.001762,-0.010317,0.000799,0.003303,-0.010732,-0.00021,0.000812,0.000451,0.000814,0.000339,0.002233,-0.005634,6,0.908808,0.99858,0.999186,0.459679,0.927793,0.816431,0.837061,0.025,0.728,1.0,0.0
183,0.009015,0.0098,-3.8e-05,0.002443,0.00594,-0.00149,-0.0004,0.000594,0.00033,0.00288,0.000405,0.000814,0.008202,5,0.905233,0.997933,0.99712,0.455321,0.925854,0.813423,0.837107,0.025,0.732,1.0,0.0
184,0.007973,0.012816,0.002665,0.003549,0.001102,0.000467,-0.000427,0.00041,0.000228,0.004164,0.000752,0.00288,0.005093,4,0.909293,0.998717,0.995836,0.452888,0.926513,0.818561,0.837092,0.025,0.736,1.0,0.0
185,-0.011382,-0.008489,0.008679,0.000563,0.016981,0.003424,-9e-05,0.00032,0.000178,0.000246,0.001229,0.004164,-0.015545,3,0.897727,0.996083,0.999754,0.452739,0.923192,0.805123,0.837158,0.025,0.74,1.0,0.0
186,0.005362,0.009501,-0.011896,0.001523,0.00796,-0.011376,-0.001559,-1.8e-05,1e-05,0.001536,0.001092,0.000246,0.005116,2,0.907402,0.998711,0.998464,0.451061,0.926206,0.816233,0.837099,0.025,0.744,1.0,0.0
187,-0.012262,-0.003547,-0.019498,-0.001234,0.004097,-0.020508,-0.003968,-0.000729,0.000405,-0.001941,0.001154,0.001536,-0.013797,1,0.89968,0.996523,0.998059,0.450967,0.92428,0.808954,0.837139,0.025,0.748,1.0,0.0
188,0.002853,0.003278,-0.011079,-0.000417,0.009765,-0.011743,-0.004795,-0.001461,0.000812,-0.000733,0.000721,-0.001941,0.004794,11,0.90513,0.998792,0.999267,0.441888,0.925034,0.8155,0.837124,0.025,0.752,1.0,0.0
189,-0.007421,-0.009989,0.025096,-0.001818,0.021221,0.027667,-0.000576,-0.001302,0.000723,-0.002418,0.000517,-0.000733,-0.006688,10,0.90078,0.998315,0.997582,0.438073,0.922538,0.810547,0.837168,0.025,0.756,1.0,0.0
190,-0.00801,-0.00561,0.014372,-0.003056,0.018873,0.014214,0.001145,-0.000861,0.000478,-0.003827,0.000106,-0.002418,-0.005592,9,0.899569,0.998591,0.996173,0.445043,0.923649,0.808247,0.83715,0.025,0.76,1.0,0.0
191,-0.000305,0.011819,-0.015062,-0.002506,0.002602,-0.014319,-0.000865,-0.000862,0.000479,-0.00294,-0.000445,-0.003827,0.003522,8,0.90368,0.999113,0.99706,0.444546,0.925934,0.81441,0.837105,0.025,0.764,1.0,0.0
192,0.018835,0.009281,-0.003334,0.001762,0.026589,-0.003631,-0.00118,-0.000919,0.000511,0.002547,-0.000794,-0.00294,0.021775,7,0.888228,0.994513,0.997453,0.439728,0.918423,0.797041,0.837213,0.025,0.768,1.0,0.0
193,0.011768,0.008361,0.005409,0.003763,0.008595,0.003663,-0.000518,-0.000847,0.00047,0.00487,-0.000326,0.002547,0.009221,6,0.901629,0.997676,0.99513,0.440098,0.922885,0.812531,0.837163,0.025,0.772,1.0,0.0
194,-0.021187,-0.0126,-0.008849,-0.001227,0.018043,-0.010903,-0.001769,-0.001013,0.000563,-0.001695,0.000401,0.00487,-0.026058,5,0.890805,0.993434,0.998305,0.435995,0.917911,0.801385,0.837217,0.025,0.776,1.0,0.0
195,0.003244,-0.000178,0.001365,-0.000333,0.004713,0.004014,-0.001079,-0.001025,0.000569,-0.000451,0.000108,-0.001695,0.004939,4,0.905245,0.998755,0.999549,0.442349,0.925647,0.816153,0.837112,0.025,0.78,1.0,0.0
196,0.003328,0.000399,0.003266,0.0004,0.00278,0.006433,-0.000181,-0.000873,0.000485,0.000501,3e-05,-0.000451,0.003779,3,0.906513,0.999048,0.999499,0.43367,0.924998,0.819397,0.837125,0.025,0.784,1.0,0.0
197,-0.008337,-0.003193,-0.006301,-0.001348,0.007221,-0.00542,-0.000828,-0.000865,0.00048,-0.001726,9.6e-05,0.000501,-0.008839,2,0.90172,0.997773,0.998274,0.434102,0.923061,0.813985,0.83716,0.025,0.788,1.0,0.0
198,-0.017156,-0.005334,0.0053,-0.004509,0.029118,0.004548,-9e-06,-0.000711,0.000395,-0.005614,-0.000159,-0.001726,-0.01543,1,0.887838,0.996112,0.994386,0.434242,0.918351,0.797456,0.837214,0.025,0.792,1.0,0.0
199,0.001553,-0.004948,0.008464,-0.003297,0.001506,0.012311,0.001529,-0.000307,0.000171,-0.003808,-0.000923,-0.005614,0.007166,11,0.904602,0.998194,0.996192,0.438001,0.924104,0.816804,0.837142,0.025,0.796,1.0,0.0
200,-0.016279,-0.013147,0.00358,-0.005893,0.017896,0.003825,0.001771,6.7e-05,3.7e-05,-0.006951,-0.001327,-0.003808,-0.012471,10,0.897166,0.996857,0.993049,0.432206,0.919671,0.808574,0.837203,0.025,0.8,1.0,0.0
201,-0.003097,-0.005325,0.004398,-0.005334,0.003496,0.007667,0.002474,0.0005,0.000278,-0.00598,-0.002114,-0.006951,0.003854,9,0.909065,0.999029,0.99402,0.427611,0.922877,0.823095,0.837163,0.025,0.804,1.0,0.0
202,0.0029,0.000289,-0.014459,-0.003687,0.015364,-0.013706,0.000388,0.00048,0.000267,-0.003742,-0.002655,-0.00598,0.00888,8,0.900525,0.997762,0.996258,0.429024,0.92113,0.81285,0.837187,0.025,0.808,1.0,0.0
203,-0.010528,-0.016122,0.010957,-0.005055,0.009942,0.01384,0.001977,0.000749,0.000416,-0.005452,-0.002808,-0.003742,-0.006786,7,0.906312,0.99829,0.994548,0.424399,0.92119,0.820197,0.837187,0.025,0.812,1.0,0.0
204,-0.009465,-0.00955,0.025567,-0.005937,0.025863,0.02885,0.005447,0.001595,0.000886,-0.006463,-0.003178,-0.005452,-0.004013,6,0.898312,0.998989,0.993537,0.429859,0.920733,0.809148,0.837192,0.025,0.816,1.0,0.0
205,-0.002462,-0.001645,0.010473,-0.005242,0.010595,0.012504,0.006371,0.002455,0.001364,-0.005455,-0.003638,-0.006463,0.004001,5,0.90629,0.998992,0.994545,0.425614,0.921904,0.819759,0.837177,0.025,0.82,1.0,0.0
206,-0.011535,-0.012911,0.007417,-0.006501,0.012686,0.010192,0.006952,0.003264,0.001813,-0.006987,-0.003892,-0.005455,-0.00608,4,0.903318,0.998468,0.993013,0.417136,0.919684,0.818187,0.837203,0.025,0.824,1.0,0.0
207,-0.01046,-0.007861,-0.009454,-0.007293,0.003765,-0.008081,0.005109,0.003596,0.001998,-0.007862,-0.004325,-0.006987,-0.003473,3,0.905522,0.999125,0.992138,0.426883,0.92228,0.819494,0.837172,0.025,0.828,1.0,0.0
208,-0.009366,-0.012473,0.003733,-0.007707,0.006654,0.007282,0.00541,0.003923,0.002179,-0.008241,-0.00482,-0.007862,-0.001505,2,0.907739,0.999621,0.991759,0.427313,0.922439,0.82126,0.83717,0.025,0.832,1.0,0.0
209,-0.018694,-0.018947,-0.003831,-0.009905,0.010489,-0.004136,0.00422,0.003976,0.002209,-0.010874,-0.005299,-0.008241,-0.010454,1,0.902118,0.997367,0.989126,0.418313,0.918035,0.816975,0.837216,0.025,0.836,1.0,0.0
210,-0.006651,-0.008578,-0.001115,-0.009254,0.002673,0.004035,0.004288,0.004032,0.00224,-0.00981,-0.00608,-0.010874,0.004223,11,0.908774,0.998936,0.99019,0.421467,0.92103,0.823936,0.837189,0.025,0.84,1.0,0.0
211,-0.009316,-0.001429,-0.010905,-0.009266,0.007423,-0.011074,0.0025,0.003757,0.002087,-0.009685,-0.006602,-0.00981,0.000495,10,0.902713,0.999875,0.990315,0.421304,0.921509,0.817353,0.837183,0.025,0.844,1.0,0.0
212,-0.005833,-0.004792,-0.013203,-0.00858,0.004068,-0.012123,0.000743,0.003214,0.001786,-0.008715,-0.007034,-0.009685,0.003853,9,0.908218,0.999029,0.991285,0.415218,0.920459,0.824508,0.837195,0.025,0.848,1.0,0.0
213,-0.005185,0.004483,-0.038819,-0.007901,0.013459,-0.035689,-0.004,0.001916,0.001064,-0.007825,-0.007269,-0.008715,0.00353,8,0.908789,0.999111,0.992175,0.412858,0.919556,0.824496,0.837204,0.025,0.852,1.0,0.0
214,-0.007077,0.001956,-0.010526,-0.007736,0.007555,-0.009087,-0.004747,0.000716,0.000398,-0.007637,-0.007347,-0.007825,0.000748,7,0.902211,0.999811,0.992363,0.411727,0.920793,0.818919,0.837191,0.025,0.856,1.0,0.0
215,-0.003351,-0.010288,0.007146,-0.006859,0.000675,0.011324,-0.002668,0.000107,6e-05,-0.006557,-0.007388,-0.007637,0.004286,6,0.906224,0.99892,0.993443,0.416737,0.921522,0.82279,0.837182,0.025,0.86,1.0,0.0
216,0.002329,-0.004515,0.00678,-0.005021,0.003733,0.010192,-0.001044,-0.0001,5.6e-05,-0.004318,-0.007271,-0.006557,0.008886,5,0.902941,0.997761,0.995682,0.424576,0.921598,0.817572,0.837181,0.025,0.864,1.0,0.0
217,0.011122,0.004762,-0.002985,-0.001793,0.01681,-0.000317,-0.00098,-0.000258,0.000144,-0.000427,-0.006858,-0.004318,0.01544,4,0.895825,0.996109,0.999573,0.417767,0.91865,0.81024,0.837212,0.025,0.868,1.0,0.0
218,0.002213,0.00301,-0.003909,-0.000991,0.003771,-0.005193,-0.001452,-0.000473,0.000263,0.000238,-0.005957,-0.000427,0.00264,3,0.907959,0.999335,0.999762,0.416308,0.923005,0.824218,0.837161,0.025,0.872,1.0,0.0
219,0.00753,0.009213,-0.00899,0.000713,0.010324,-0.009989,-0.002558,-0.000849,0.000471,0.002076,-0.00509,0.000238,0.007292,2,0.904368,0.998163,0.997924,0.41736,0.920882,0.819609,0.83719,0.025,0.876,1.0,0.0
220,0.019957,0.018206,-0.008036,0.004562,0.022547,-0.009938,-0.00354,-0.001333,0.000741,0.006581,-0.004087,0.002076,0.017882,1,0.894308,0.995494,0.993419,0.410856,0.915103,0.809357,0.837225,0.025,0.88,1.0,0.0
