cycle,self_state,stability,rigidity,adaptive_score,observer_a_trust,observer_a_alert,observer_b_anomaly,observer_b_alert,previous_hash,hash
1,-0.003424,0.943681,0.80354,0.836402,0.777996,False,0.004767,False,0000000000000000000000000000000000000000000000000000000000000000,1ed9c9f2e6abba748909e45fe7d48b645a944362bc27c8769b60e0b7172a67fe
2,-0.002063,0.944643,0.811741,0.836346,0.776951,False,0.002025,False,1ed9c9f2e6abba748909e45fe7d48b645a944362bc27c8769b60e0b7172a67fe,dfae2eb097f59d76eb13f1c8caf68bbf9115a8e49c33bd901a591c7a2a74ee70
3,-0.00309,0.944522,0.808331,0.836353,0.777387,False,0.002539,False,dfae2eb097f59d76eb13f1c8caf68bbf9115a8e49c33bd901a591c7a2a74ee70,f74765c34c073275bc990b5bdc9fd73099374c463ed3267c6838f5a069fc3128
4,-0.002508,0.945034,0.811941,0.836323,0.776953,False,0.002374,False,f74765c34c073275bc990b5bdc9fd73099374c463ed3267c6838f5a069fc3128,706700184c1fb7818f73855f8221e6e3e98c3f96ca8e615db1bc0d9bbdadc3da
5,-0.003493,0.944872,0.813531,0.836333,0.776384,False,0.001486,False,706700184c1fb7818f73855f8221e6e3e98c3f96ca8e615db1bc0d9bbdadc3da,01378c4589db790a36923db5fde2f0ef0c6021b0d02cb8d18f89866af5f49d88
6,-0.004867,0.94386,0.811504,0.836392,0.776175,False,0.001887,False,01378c4589db790a36923db5fde2f0ef0c6021b0d02cb8d18f89866af5f49d88,a9c261937f111a8d11f5154a2cd25057263b419a490afdd170aced599d8eb01d
7,-0.003736,0.944095,0.810823,0.836378,0.776616,False,0.002223,False,a9c261937f111a8d11f5154a2cd25057263b419a490afdd170aced599d8eb01d,b915d58319074ddaa9d0da08ba8b11dd1a0ebec243cf43b86c77ce140c1818a1
8,0.000231,0.942286,0.805233,0.83648,0.777827,False,0.006715,False,b915d58319074ddaa9d0da08ba8b11dd1a0ebec243cf43b86c77ce140c1818a1,88d6ddb5b4936103d04b710c09c4627e8110bdff19fe8355bd41e1a43ab0e8d4
9,0.000335,0.946082,0.81041,0.836259,0.778044,False,0.001516,False,88d6ddb5b4936103d04b710c09c4627e8110bdff19fe8355bd41e1a43ab0e8d4,309eb853a748e1e358e4be10a9fb63917751adb26efc36ef022d230ec52f97bd
10,-0.001689,0.943301,0.8098,0.836424,0.776964,False,0.005019,False,309eb853a748e1e358e4be10a9fb63917751adb26efc36ef022d230ec52f97bd,fca54f89da47397d88972e2d371298705525012d62b1e19058da65637384d3fa
11,-0.002535,0.945116,0.80967,0.836318,0.777429,False,0.002151,False,fca54f89da47397d88972e2d371298705525012d62b1e19058da65637384d3fa,3c7d8254053aee1b7845efd265565da2013e4d39524008a33762300a66cd19c4
12,-0.004011,0.943782,0.807758,0.836397,0.777069,False,0.003426,False,3c7d8254053aee1b7845efd265565da2013e4d39524008a33762300a66cd19c4,ba81edd2faef7140455a49da39cb646f3b968635a330f19efa5a609a9712eb1b
13,-0.000909,0.943203,0.801555,0.83643,0.778736,False,0.006815,False,ba81edd2faef7140455a49da39cb646f3b968635a330f19efa5a609a9712eb1b,a57f70e04310ac036b57cb58c817ebfed4b3896dd03992d4a58918b43aef630d
14,4.1e-05,0.945521,0.806382,0.836293,0.778721,False,0.002585,False,a57f70e04310ac036b57cb58c817ebfed4b3896dd03992d4a58918b43aef630d,48f0fb3311172b8b638b66444770cfbdf10f8243b165d6b46b070301a8309315
15,-0.000357,0.946255,0.811733,0.836248,0.777833,False,0.001765,False,48f0fb3311172b8b638b66444770cfbdf10f8243b165d6b46b070301a8309315,2f6c4db70b07bb6a068a5fd95651418e159864448178652a9e8828dc2c7be79a
16,-0.00128,0.94397,0.814234,0.836386,0.776383,False,0.00181,False,2f6c4db70b07bb6a068a5fd95651418e159864448178652a9e8828dc2c7be79a,80c90580c1708533c151f65d234b70632e57a638372a5865904d90fe86c79f03
17,0.01293,0.918028,0.785849,0.837216,0.770858,False,0.050855,False,80c90580c1708533c151f65d234b70632e57a638372a5865904d90fe86c79f03,1e6b0ee84caac44fedb3fb66254bd24e8f1c0caedb1fbeaa9543ed09c3faffba
18,0.008071,0.938877,0.800974,0.836655,0.775962,False,0.010505,False,1e6b0ee84caac44fedb3fb66254bd24e8f1c0caedb1fbeaa9543ed09c3faffba,1140f5ec442cb40bd424fac54a9debcc6001c0c576175d2b9f590e92276ef05f
19,0.01956,0.917421,0.791846,0.837219,0.768121,False,0.047965,False,1140f5ec442cb40bd424fac54a9debcc6001c0c576175d2b9f590e92276ef05f,0457e68eed4bd3ed8faf95118f95fb6a1d8a466c458142ca7012617fe897254a
20,0.014006,0.938341,0.806936,0.83668,0.773401,False,0.009708,False,0457e68eed4bd3ed8faf95118f95fb6a1d8a466c458142ca7012617fe897254a,c286f9eb2604096b221ab2680a8b7b7f94829ade4788b60569a10068ecd79158
21,0.011527,0.941047,0.809311,0.836547,0.774336,False,0.006281,False,c286f9eb2604096b221ab2680a8b7b7f94829ade4788b60569a10068ecd79158,af3741e33ad13432376819f3e8cf215b62dd999a4e93aa658443fc39a479ca97
22,0.008792,0.940718,0.810774,0.836564,0.774479,False,0.006014,False,af3741e33ad13432376819f3e8cf215b62dd999a4e93aa658443fc39a479ca97,dd96d746ca362486e9d17d72e97a1c9f7a6bd22348b7fcc522cf2a2714ca8f3c
23,0.006405,0.942734,0.809149,0.836456,0.77596,False,0.005441,False,dd96d746ca362486e9d17d72e97a1c9f7a6bd22348b7fcc522cf2a2714ca8f3c,7856e4524696838babe6bb65b871509695fc85c337ca95fc4d978511821fc34c
24,0.000496,0.939477,0.789974,0.836626,0.779879,False,0.013652,False,7856e4524696838babe6bb65b871509695fc85c337ca95fc4d978511821fc34c,a868a27d70b763e849f5ac8d329cecdc0e705e9cfa1c25bc5361310eecd8ddaf
25,0.000133,0.945549,0.812731,0.836292,0.777442,False,0.002541,False,a868a27d70b763e849f5ac8d329cecdc0e705e9cfa1c25bc5361310eecd8ddaf,36e53fbf19cfc06001ff9c10f374b59ef11b2ac7e7171f9bf83e9a6c3a92ef01
26,-0.002519,0.942158,0.805762,0.836487,0.777221,False,0.006982,False,36e53fbf19cfc06001ff9c10f374b59ef11b2ac7e7171f9bf83e9a6c3a92ef01,52e7eb6691601294eb514a14c601dcc02def90140ecd42297ad798e49075ca03
27,0.011267,0.916549,0.787488,0.837223,0.770347,False,0.052535,False,52e7eb6691601294eb514a14c601dcc02def90140ecd42297ad798e49075ca03,857b79b7d6ffaa6d84be4bdf77f192207d8b1c4bfe2517e3b420f0c92f3a6def
28,0.008979,0.94064,0.811045,0.836568,0.774361,False,0.00731,False,857b79b7d6ffaa6d84be4bdf77f192207d8b1c4bfe2517e3b420f0c92f3a6def,c8dd7b7f1d8e95b958cb27f1241c9c207a5ee1588dd5fe9e44883036f122b90f
29,0.005128,0.940202,0.801582,0.83659,0.776876,False,0.009424,False,c8dd7b7f1d8e95b958cb27f1241c9c207a5ee1588dd5fe9e44883036f122b90f,3713839680b9ad7a057ac4293b0087210aafb8559bb24ca2bb1bee4161c31b20
30,0.005667,0.942036,0.803232,0.836494,0.777056,False,0.006572,False,3713839680b9ad7a057ac4293b0087210aafb8559bb24ca2bb1bee4161c31b20,f2d62ad0ba90383a52e3b23540f84c5e2444cd7eca02755fc3e5a8de5c88f342
31,0.005718,0.944805,0.809288,0.836337,0.776765,False,0.002672,False,f2d62ad0ba90383a52e3b23540f84c5e2444cd7eca02755fc3e5a8de5c88f342,8da14da891650cff3b5cc1fc72d435fe461ab197464e5ee0ff6b73f85b9b93ce
32,0.006579,0.942807,0.81092,0.836452,0.775596,False,0.003254,False,8da14da891650cff3b5cc1fc72d435fe461ab197464e5ee0ff6b73f85b9b93ce,7ad5bd05df28f533b2c408308d08307d05984cd851d6e76f560d61160978c1a5
33,0.005735,0.942788,0.807081,0.836453,0.776526,False,0.004673,False,7ad5bd05df28f533b2c408308d08307d05984cd851d6e76f560d61160978c1a5,2f779ac143876149e4f5a9f12561e3f6756ce91a67a96a0b020276056a46977c
34,0.004415,0.943375,0.810181,0.83642,0.776367,False,0.004752,False,2f779ac143876149e4f5a9f12561e3f6756ce91a67a96a0b020276056a46977c,665b98c1e6bc772a76b781f49c87ee00d8c7a710aad7bb03e664084c1f784e15
35,0.001477,0.941629,0.809273,0.836516,0.776549,False,0.006558,False,665b98c1e6bc772a76b781f49c87ee00d8c7a710aad7bb03e664084c1f784e15,033992d43b4157ce016490b632faed407cfea860c03b18a8f8fdffd27e29ebde
36,-0.000769,0.942554,0.80374,0.836466,0.778109,False,0.007644,False,033992d43b4157ce016490b632faed407cfea860c03b18a8f8fdffd27e29ebde,88fc1f9171e2643b35e5abb4fc47408b99bcae2b64a5543909be0b6e8e63f03d
37,-0.009256,0.933571,0.799516,0.83688,0.774215,False,0.016053,False,88fc1f9171e2643b35e5abb4fc47408b99bcae2b64a5543909be0b6e8e63f03d,d88ae98d7fb9ecfffec2fb15dc9cd57f58347f3d00c5738f41ee86c414a3cf97
38,-0.009289,0.943297,0.812388,0.836424,0.774925,False,0.002146,False,d88ae98d7fb9ecfffec2fb15dc9cd57f58347f3d00c5738f41ee86c414a3cf97,73ec5062655f2b8ae27b502fecf55ebf61eb508af69c57577d67e4cad9785169
39,-0.007661,0.941921,0.810646,0.8365,0.775136,False,0.003837,False,73ec5062655f2b8ae27b502fecf55ebf61eb508af69c57577d67e4cad9785169,a006c6f9b8b205760f0bd3a1491a2d9f74be16ca25ad251c36abab81ad6547f5
40,-0.005541,0.942363,0.805644,0.836476,0.776709,False,0.005707,False,a006c6f9b8b205760f0bd3a1491a2d9f74be16ca25ad251c36abab81ad6547f5,96caaad4a6d1ee3a33ec91bf3e92bdc457dc6287dde88bb754079c412690fc1b
41,-0.003899,0.942196,0.804984,0.836485,0.777113,False,0.005185,False,96caaad4a6d1ee3a33ec91bf3e92bdc457dc6287dde88bb754079c412690fc1b,20ac054d3299ce644a1f0d9ee2395488359e14caa896be6641bb90e4e0f22d4c
42,-0.003826,0.944244,0.808033,0.83637,0.777206,False,0.003438,False,20ac054d3299ce644a1f0d9ee2395488359e14caa896be6641bb90e4e0f22d4c,175c4980e7317d8c18c57821e578448ead2eee5716c1298d35ac0e6d69d062aa
43,-0.00432,0.944479,0.810544,0.836356,0.776684,False,0.002594,False,175c4980e7317d8c18c57821e578448ead2eee5716c1298d35ac0e6d69d062aa,5f809e726d27da7609fcb30c472453e2cded350c8946b79742e35cd75f27d9e7
44,-0.007205,0.939795,0.798453,0.83661,0.776949,False,0.008357,False,5f809e726d27da7609fcb30c472453e2cded350c8946b79742e35cd75f27d9e7,c15e7a43837663f5a29c9303468c19cb82cbae7cf717ee72d8cab400aefab8c0
45,-0.004321,0.940566,0.800479,0.836571,0.777381,False,0.007911,False,c15e7a43837663f5a29c9303468c19cb82cbae7cf717ee72d8cab400aefab8c0,051feaa0e35022ddad8a69f6dd63bd4b69aee44f6e495d7093339adc3481e724
46,-0.001898,0.940723,0.809664,0.836563,0.776081,False,0.005641,False,051feaa0e35022ddad8a69f6dd63bd4b69aee44f6e495d7093339adc3481e724,9a0b36e8843f4da4ab6f9a47187e60fdb97fadd0cf9c76c8c09d412849d8ac47
47,-0.002565,0.9418,0.79655,0.836507,0.778934,False,0.005713,False,9a0b36e8843f4da4ab6f9a47187e60fdb97fadd0cf9c76c8c09d412849d8ac47,4bd80021e183fd549f1a494951165f855da733ddc667579d2e374b7b72e6bef6
48,-0.000121,0.94191,0.801201,0.836501,0.778529,False,0.007113,False,4bd80021e183fd549f1a494951165f855da733ddc667579d2e374b7b72e6bef6,bf869a2244f5c1ac6b6c14aeff11237ed2839f6d9f83dd1084013d6c5e318570
49,-0.005597,0.938233,0.809448,0.836685,0.774544,False,0.009981,False,bf869a2244f5c1ac6b6c14aeff11237ed2839f6d9f83dd1084013d6c5e318570,dfbad61c6714d1bab89de13175d8a2d18a14602d04b23edafe48487d28e7f798
50,-0.007959,0.940301,0.803327,0.836585,0.775994,False,0.007032,False,dfbad61c6714d1bab89de13175d8a2d18a14602d04b23edafe48487d28e7f798,4a1d8f9e39d6b9b18c8a32d4cc564b058988f34e0e9691894cfd55cc5bff31c8
51,-0.006393,0.941959,0.809882,0.836498,0.775555,False,0.002858,False,4a1d8f9e39d6b9b18c8a32d4cc564b058988f34e0e9691894cfd55cc5bff31c8,54ffb93a7a844ba3454fb4c5e55a7a6c1b721cc22d38e071a37a9ef79b3d87b7
52,-0.007131,0.942005,0.813957,0.836496,0.774608,False,0.002937,False,54ffb93a7a844ba3454fb4c5e55a7a6c1b721cc22d38e071a37a9ef79b3d87b7,b07fe3380411fe5d4a910f3a5c9eb821a8497de7b914b63945599e0dccfc4063
53,-0.006852,0.943444,0.814374,0.836416,0.775064,False,0.000788,False,b07fe3380411fe5d4a910f3a5c9eb821a8497de7b914b63945599e0dccfc4063,7269f7450e6cbc1d5bb47b8e746e4500787bd7eea1ea4a8d798b2307ccb1a798
54,-0.007483,0.942082,0.809669,0.836492,0.775421,False,0.00263,False,7269f7450e6cbc1d5bb47b8e746e4500787bd7eea1ea4a8d798b2307ccb1a798,8f46c4de2a6f7b2932e735e531ba0cdf67cffabcecbc40d959b5ebf29578576a
55,-0.010185,0.940331,0.801982,0.836583,0.775828,False,0.006038,False,8f46c4de2a6f7b2932e735e531ba0cdf67cffabcecbc40d959b5ebf29578576a,69e558de8cc26c54cfae1a9242f623aafc1f4e57901fb20c561b956cf84b0b93
56,-0.009268,0.942108,0.812685,0.83649,0.77447,False,0.00212,False,69e558de8cc26c54cfae1a9242f623aafc1f4e57901fb20c561b956cf84b0b93,68740dda9229bb72e7b78d365964daeb33d6e2e387aa36cf4ccc28519e54984c
57,-0.009069,0.942737,0.814033,0.836456,0.774452,False,0.0013,False,68740dda9229bb72e7b78d365964daeb33d6e2e387aa36cf4ccc28519e54984c,04e253bc4e199e79152084c33e371458eadbd1f51651e74bbda7c74e099a4d20
58,-0.009324,0.940575,0.811059,0.836571,0.774267,False,0.0028,False,04e253bc4e199e79152084c33e371458eadbd1f51651e74bbda7c74e099a4d20,c463741d33ca6071e176bcd74163bbe837f22e80a5e77bf5abe9c561c0573bf6
59,-0.012941,0.935259,0.798593,0.836815,0.774238,False,0.009634,False,c463741d33ca6071e176bcd74163bbe837f22e80a5e77bf5abe9c561c0573bf6,9b3cdfa6c901b38fdc61a9270dd10ad78132e1303b73af59e21d8df3a6a73a9d
60,-0.011616,0.94035,0.813884,0.836582,0.773168,False,0.002836,False,9b3cdfa6c901b38fdc61a9270dd10ad78132e1303b73af59e21d8df3a6a73a9d,6953789790935e2aad83ac4e20d41cbf21ebdb4aaa7c796ddd3358968b5103a6
61,-0.003833,0.933638,0.785108,0.836878,0.778205,False,0.016743,False,6953789790935e2aad83ac4e20d41cbf21ebdb4aaa7c796ddd3358968b5103a6,702760828c31cd48cf5c34f16a30da3d2d97582d597672bc705be2c908db32d5
62,-0.005831,0.941691,0.813593,0.836513,0.774835,False,0.00404,False,702760828c31cd48cf5c34f16a30da3d2d97582d597672bc705be2c908db32d5,b5bc0a59e12f8aa40db6e54cc1784ed6d36f72d8432cbe03a303355bde17a1b7
63,-0.003491,0.940819,0.809251,0.836558,0.775878,False,0.004322,False,b5bc0a59e12f8aa40db6e54cc1784ed6d36f72d8432cbe03a303355bde17a1b7,872c3a02ffe4bb8db0dfc36e5d078a4d7cdb15e901e2d2124923db4372e8a0d7
64,-0.00494,0.94104,0.814603,0.836547,0.774592,False,0.002463,False,872c3a02ffe4bb8db0dfc36e5d078a4d7cdb15e901e2d2124923db4372e8a0d7,10a304391fead5f0f28f85532b9fe3848d431456e8bee9d4edf9a40ce4194146
65,-0.004803,0.942383,0.812169,0.836475,0.775558,False,0.001952,False,10a304391fead5f0f28f85532b9fe3848d431456e8bee9d4edf9a40ce4194146,6ff80b03ca03487011ea9b0fce5b43e1d5a06f5188a6e33e5cab8d1a4c11f2b1
66,-0.007384,0.939314,0.807801,0.836634,0.774881,False,0.005662,False,6ff80b03ca03487011ea9b0fce5b43e1d5a06f5188a6e33e5cab8d1a4c11f2b1,22b134dc043f9b4fc1500a5f9fb94ee06194392eb633c14a67ff102aed024ad4
67,-0.006168,0.941528,0.815694,0.836521,0.774293,False,0.002094,False,22b134dc043f9b4fc1500a5f9fb94ee06194392eb633c14a67ff102aed024ad4,4379956d51d75c02f4c4a78794b6bf080a152ab2cac453128d8a35c44b813bc6
68,-0.006823,0.942245,0.811395,0.836483,0.775263,False,0.002226,False,4379956d51d75c02f4c4a78794b6bf080a152ab2cac453128d8a35c44b813bc6,7e40e94eba4b7186df071e9a94a568dcea9c749a270a1f0e7734074a38383bbd
69,-0.006563,0.942314,0.811212,0.836479,0.775375,False,0.003353,False,7e40e94eba4b7186df071e9a94a568dcea9c749a270a1f0e7734074a38383bbd,a8ab6dba455bf127dcf91efc2f146f73990c9f61819042e98162eabc8d329196
70,-0.008062,0.938831,0.799932,0.836657,0.776156,False,0.007487,False,a8ab6dba455bf127dcf91efc2f146f73990c9f61819042e98162eabc8d329196,b02e9daf3b4e176ac4e9535630af40e577a259989500157dac349ff1c2518743
71,-0.006101,0.940272,0.805964,0.836586,0.775829,False,0.004653,False,b02e9daf3b4e176ac4e9535630af40e577a259989500157dac349ff1c2518743,764d34d4fa18bb9db0f28cb4f985ac2954200828a8b72fa3a5fc2472871c2287
72,-0.003951,0.941619,0.813454,0.836516,0.775215,False,0.003234,False,764d34d4fa18bb9db0f28cb4f985ac2954200828a8b72fa3a5fc2472871c2287,94c560a67751c9766b576249d0e456f5585e713f69d72949241f287aecf65b93
73,-0.002059,0.940318,0.814607,0.836584,0.774924,False,0.003482,False,94c560a67751c9766b576249d0e456f5585e713f69d72949241f287aecf65b93,872dd43da3debf290cf8d816971458dcae64d0908bbe9b87f69213e0518f6e7a
74,-0.002446,0.942721,0.817006,0.836457,0.775176,False,0.001171,False,872dd43da3debf290cf8d816971458dcae64d0908bbe9b87f69213e0518f6e7a,6064ae14c5a443729c4c54657effdd4a51f7dafec19a20ab48bce4f88e3ae190
75,-0.001128,0.942678,0.812339,0.836459,0.776359,False,0.002199,False,6064ae14c5a443729c4c54657effdd4a51f7dafec19a20ab48bce4f88e3ae190,34a0adf3020e13714f70f4de9a448b332ae14c907e7fef546659b98c17d31025
76,0.000608,0.94149,0.817442,0.836523,0.775042,False,0.003659,False,34a0adf3020e13714f70f4de9a448b332ae14c907e7fef546659b98c17d31025,314627b215998f0bfe6970664b828d43290db2cb1abfb58265dda8d73aa381b9
77,0.003764,0.939256,0.805336,0.836637,0.776079,False,0.006994,False,314627b215998f0bfe6970664b828d43290db2cb1abfb58265dda8d73aa381b9,c03f7428c28a0c5fe148b9f1df9df4b573b48689863d31a33847aff9873e98e2
78,0.008459,0.93477,0.789415,0.836834,0.776803,False,0.01388,False,c03f7428c28a0c5fe148b9f1df9df4b573b48689863d31a33847aff9873e98e2,fc8b51a187b9394ba83a6863ca640b9862428d113c9c8a8a8658f5f49881b77d
79,0.003423,0.937866,0.805725,0.836702,0.775599,False,0.00831,False,fc8b51a187b9394ba83a6863ca640b9862428d113c9c8a8a8658f5f49881b77d,b87e058e45f8cc38dc5c16360ba2aab46ff3161ac8b5d44f69b7528635680bcc
80,0.003243,0.943419,0.812364,0.836417,0.77618,False,0.002783,False,b87e058e45f8cc38dc5c16360ba2aab46ff3161ac8b5d44f69b7528635680bcc,5ed0b1d763907808a1491cc293d310564d9b63487e74e1d4b6bc317fdfc9f2a1
81,0.003879,0.941321,0.812964,0.836532,0.775227,False,0.003655,False,5ed0b1d763907808a1491cc293d310564d9b63487e74e1d4b6bc317fdfc9f2a1,05e72a7aeb6f051dfcb0fd73fe879da3158e6b450973ba5d0eed17e52e4a464f
82,0.005397,0.940749,0.812958,0.836562,0.774732,False,0.003227,False,05e72a7aeb6f051dfcb0fd73fe879da3158e6b450973ba5d0eed17e52e4a464f,d491b18b310c235c6e74719bd7fc95ebea2fa9238c36d37669b762f308b3678e
83,0.005233,0.943682,0.811239,0.836402,0.776095,False,0.000582,False,d491b18b310c235c6e74719bd7fc95ebea2fa9238c36d37669b762f308b3678e,00e50e3858b4fe3d4a3bc2c32854c9be3982475aed9dad7377e21de10d03f085
84,0.007027,0.939575,0.808769,0.836621,0.774847,False,0.00555,False,00e50e3858b4fe3d4a3bc2c32854c9be3982475aed9dad7377e21de10d03f085,5115c91068d802b9cd624d5955af4fdec9ed56416a81c5530863b4d81ca74bb8
85,0.008581,0.941593,0.806653,0.836518,0.77564,False,0.002539,False,5115c91068d802b9cd624d5955af4fdec9ed56416a81c5530863b4d81ca74bb8,a144e088bbfd30c40ea76a940fc00b29f846b2aa922f263d04a0c39249893e19
86,0.007945,0.941039,0.813697,0.836547,0.774172,False,0.001746,False,a144e088bbfd30c40ea76a940fc00b29f846b2aa922f263d04a0c39249893e19,03466b3271351695306e1c273f9aa595faa53b0d00ac58a3408b8441bccc8d44
87,0.005629,0.940298,0.815389,0.836585,0.774047,False,0.003604,False,03466b3271351695306e1c273f9aa595faa53b0d00ac58a3408b8441bccc8d44,9eb11224ca802f85f7f8e342590d13ee68d7295983b33e46a646a5c27f0cf291
88,0.004676,0.940206,0.809096,0.83659,0.775465,False,0.004928,False,9eb11224ca802f85f7f8e342590d13ee68d7295983b33e46a646a5c27f0cf291,82e23c3978829637a23fd8ff464041b6d8cd43fcfdf4557ce069c4b6486cc987
89,0.005971,0.939753,0.809708,0.836612,0.774931,False,0.005037,False,82e23c3978829637a23fd8ff464041b6d8cd43fcfdf4557ce069c4b6486cc987,dd6f8cb5b6abd3bd75cce2cae2d173325de9ebce8bd2066d18a01dad55ab2331
90,0.004791,0.94015,0.812773,0.836592,0.774688,False,0.00469,False,dd6f8cb5b6abd3bd75cce2cae2d173325de9ebce8bd2066d18a01dad55ab2331,2f110b8e9c71e9ebd14b32d1754d2aae6a66b8f0d3dc8f988363d1bd95202c5d
91,0.003795,0.941989,0.816436,0.836497,0.774774,False,0.00277,False,2f110b8e9c71e9ebd14b32d1754d2aae6a66b8f0d3dc8f988363d1bd95202c5d,50ae7508e0f7e9d10ebfec28319e3d54918ddc46c120e78219efd9138450e2da
92,0.005134,0.939757,0.804699,0.836612,0.776101,False,0.006142,False,50ae7508e0f7e9d10ebfec28319e3d54918ddc46c120e78219efd9138450e2da,45bc4b270cfa88a7ae396ebda7d89876bd9f3c7bede0ff2f3c956ad003a9cb33
93,0.005196,0.940729,0.816962,0.836563,0.773964,False,0.00222,False,45bc4b270cfa88a7ae396ebda7d89876bd9f3c7bede0ff2f3c956ad003a9cb33,9fd5707deca01376500c1bffcca7ecb55860615c6442affa928b269c32379932
94,0.003367,0.940288,0.81783,0.836586,0.774008,False,0.002736,False,9fd5707deca01376500c1bffcca7ecb55860615c6442affa928b269c32379932,5a7f403147fa93c0932d91a1c8f90b05531950dd4f44a75c0c41bbbd9e0973f6
95,0.005451,0.938849,0.807159,0.836656,0.775239,False,0.005089,False,5a7f403147fa93c0932d91a1c8f90b05531950dd4f44a75c0c41bbbd9e0973f6,bd2957480d5f0c497a221b6bc41c05e323986b3e89a14ac2ddba2fc6edaf335f
96,-0.000485,0.937092,0.796778,0.836737,0.777714,False,0.011391,False,bd2957480d5f0c497a221b6bc41c05e323986b3e89a14ac2ddba2fc6edaf335f,d5ce823e440c15ddfdd41b55a70fe180b37ef315ba82ad1f9c3a45c74a0d8741
97,0.00037,0.941726,0.813381,0.836511,0.775982,False,0.002111,False,d5ce823e440c15ddfdd41b55a70fe180b37ef315ba82ad1f9c3a45c74a0d8741,43f5db6d8aa52e3a55ce8048fe86499e40056089f61a4e5a1642cf13806c99fd
98,-0.001037,0.942145,0.816202,0.836488,0.775425,False,0.002974,False,43f5db6d8aa52e3a55ce8048fe86499e40056089f61a4e5a1642cf13806c99fd,12f95d2a1b3d7c4d8ceac55838dcd76eab0d16a4d61169d4c8866b2c03d08405
99,-0.000606,0.941143,0.819315,0.836542,0.774551,False,0.001739,False,12f95d2a1b3d7c4d8ceac55838dcd76eab0d16a4d61169d4c8866b2c03d08405,6a254b8c17801ac32775add52bbae3bfacac7c3df8251e698e7df4b0c957897d
100,0.001645,0.93852,0.814826,0.836672,0.774356,False,0.004726,False,6a254b8c17801ac32775add52bbae3bfacac7c3df8251e698e7df4b0c957897d,77d511e4eacf6bcf9bf07be16d0f2fdaf548b0885dfe0a9796d2c86cb21c1e2c
101,0.001481,0.940818,0.821189,0.836558,0.773892,False,0.000879,False,77d511e4eacf6bcf9bf07be16d0f2fdaf548b0885dfe0a9796d2c86cb21c1e2c,403f75ccd8752b8e6c7efec5310e1f442f2cd87f02fcb3b5d8fd8bfd9a6033da
102,0.00242,0.941246,0.816833,0.836536,0.77472,False,0.002362,False,403f75ccd8752b8e6c7efec5310e1f442f2cd87f02fcb3b5d8fd8bfd9a6033da,d7e27b324ee36112b9c502842d5c4a7404f33653fd90d1e1bcf16be7025d3691
103,0.000921,0.940151,0.810649,0.836592,0.775887,False,0.003724,False,d7e27b324ee36112b9c502842d5c4a7404f33653fd90d1e1bcf16be7025d3691,f8b7c2043e7a6e97eb2bcd7245cf376f4f10f5a34355c526dbd98cccd230b07d
104,0.002186,0.939492,0.811062,0.836625,0.775329,False,0.004736,False,f8b7c2043e7a6e97eb2bcd7245cf376f4f10f5a34355c526dbd98cccd230b07d,78fc0cea176c7fe582b39551614c3f70d914a38e998c4707020914941fefc7b8
105,0.003391,0.941247,0.818554,0.836536,0.774181,False,0.001773,False,78fc0cea176c7fe582b39551614c3f70d914a38e998c4707020914941fefc7b8,fdbafcbb2479a60d8c05cc89557cec5e6e4d95541dbd5d73cf8c3558ebd884a4
106,0.000552,0.939423,0.80944,0.836629,0.775957,False,0.006338,False,fdbafcbb2479a60d8c05cc89557cec5e6e4d95541dbd5d73cf8c3558ebd884a4,dfc2b954d5609c1e2f6a30e000962f8f27e022bd556f71a93e71a80168507c33
107,-0.007658,0.930941,0.782303,0.836971,0.77708,False,0.01932,False,dfc2b954d5609c1e2f6a30e000962f8f27e022bd556f71a93e71a80168507c33,26310c4f0481e37e5c82e54bf6c80843d7fbcc059e217b1bf4cf8fe53fd9b6ab
108,-0.00245,0.936353,0.81107,0.836769,0.774212,False,0.008176,False,26310c4f0481e37e5c82e54bf6c80843d7fbcc059e217b1bf4cf8fe53fd9b6ab,60f301edb194428953199aafc20bb56c40ba8611def46548b7df0d5fcd5937e4
109,-0.00237,0.940132,0.818457,0.836593,0.774029,False,0.002329,False,60f301edb194428953199aafc20bb56c40ba8611def46548b7df0d5fcd5937e4,305a7ed4b9e209fec9d428c9874c40a19697d1aa9368630920dcc2c9c4dd010a
110,-0.001146,0.940322,0.82001,0.836584,0.774027,False,0.002024,False,305a7ed4b9e209fec9d428c9874c40a19697d1aa9368630920dcc2c9c4dd010a,6c2728fc082f55ca690b1f1352fdce83622ad81d001b9915af74b502ec926af3
111,-0.002953,0.939159,0.814624,0.836641,0.77435,False,0.003496,False,6c2728fc082f55ca690b1f1352fdce83622ad81d001b9915af74b502ec926af3,14e115d5c673155b42cce914ca7788c36cb44f97bdad63c5cba29cc062657ef1
112,0.001162,0.937071,0.807908,0.836738,0.775345,False,0.00855,False,14e115d5c673155b42cce914ca7788c36cb44f97bdad63c5cba29cc062657ef1,38650fcc9c744eaabe7141627600d9f5dd39d5e4f785ad6586d5358f26263b72
113,0.000228,0.93845,0.812585,0.836675,0.775064,False,0.005069,False,38650fcc9c744eaabe7141627600d9f5dd39d5e4f785ad6586d5358f26263b72,1f2ae84965f7fd494b892fe3f18ec61afbf516fae9f4d9a2069ba3f9cc8fa3b7
114,-0.001847,0.938217,0.813377,0.836686,0.774503,False,0.005097,False,1f2ae84965f7fd494b892fe3f18ec61afbf516fae9f4d9a2069ba3f9cc8fa3b7,285b09c5a3db2b16898bf7884dfb4b5423d7cb7d0a649ad2193e7dec413ccbc6
115,-0.002038,0.939867,0.817652,0.836607,0.774167,False,0.00303,False,285b09c5a3db2b16898bf7884dfb4b5423d7cb7d0a649ad2193e7dec413ccbc6,eadcfb7d82234a67943e08d9907c851b73e00b891214536cb7b08750df794d01
116,8.7e-05,0.939412,0.808378,0.836629,0.776258,False,0.005416,False,eadcfb7d82234a67943e08d9907c851b73e00b891214536cb7b08750df794d01,8e6e2b9ec2d204b4a006a2550e50d37558cd12565b029b4bb03aec12a0635285
117,0.000312,0.941423,0.815836,0.836527,0.7754,False,0.001461,False,8e6e2b9ec2d204b4a006a2550e50d37558cd12565b029b4bb03aec12a0635285,b9b97fe921f40c7cb7ec93c7d9d1abc9d209d98257052182b57ea5860dee3c15
118,0.000769,0.939925,0.819453,0.836604,0.77408,False,0.003052,False,b9b97fe921f40c7cb7ec93c7d9d1abc9d209d98257052182b57ea5860dee3c15,6b8e7fb9a0135ec36a04a5867000b4518cf776e5d6a6551ba18f2590a24217f9
119,-0.003154,0.934645,0.807232,0.836839,0.774258,False,0.008356,False,6b8e7fb9a0135ec36a04a5867000b4518cf776e5d6a6551ba18f2590a24217f9,07d664ddfbc462e130032afd688c22a1331edde5b820373cbbbb1c6e090b0e6c
120,-0.002717,0.939,0.820183,0.836649,0.773232,False,0.0018,False,07d664ddfbc462e130032afd688c22a1331edde5b820373cbbbb1c6e090b0e6c,547b05141d28f748af1eac99caf60cc2fe9af9096fbe2542a3c061f758da9161
121,-0.001739,0.939325,0.823192,0.836633,0.772936,False,0.001839,False,547b05141d28f748af1eac99caf60cc2fe9af9096fbe2542a3c061f758da9161,09038029b1f0f86243fa8c707d766b64abacb1b5b5331037cfc8e94a450a5cff
122,-0.001529,0.940148,0.822295,0.836593,0.773435,False,0.001585,False,09038029b1f0f86243fa8c707d766b64abacb1b5b5331037cfc8e94a450a5cff,1e42932f561f5304c9ee58fbf256ef7aebd5b48262dc78ddb51c00e38c4657eb
123,-0.001845,0.93878,0.809539,0.83666,0.775461,False,0.003432,False,1e42932f561f5304c9ee58fbf256ef7aebd5b48262dc78ddb51c00e38c4657eb,ab606c0dc50c22b9d6783c9595e3f9ff225356cf8efc3cc237fe55b3526ff0c0
124,0.000719,0.938002,0.814062,0.836696,0.774518,False,0.005608,False,ab606c0dc50c22b9d6783c9595e3f9ff225356cf8efc3cc237fe55b3526ff0c0,06dc3b6efb960063c9721defd1b064fb81949c83e5330ab6843692ecabc5e5e9
125,0.003929,0.935746,0.810806,0.836795,0.773763,False,0.007792,False,06dc3b6efb960063c9721defd1b064fb81949c83e5330ab6843692ecabc5e5e9,673696c780b1e541fdcd7535a1859e2461677c378efb334e0f4844b45c51e9c6
126,0.005151,0.938142,0.816779,0.836689,0.773136,False,0.002193,False,673696c780b1e541fdcd7535a1859e2461677c378efb334e0f4844b45c51e9c6,94c66f1f21053f0f8f2db640c3d7570424d03734a6500c65e45ac86bac3dec50
127,0.004231,0.939164,0.819239,0.836641,0.773174,False,0.001835,False,94c66f1f21053f0f8f2db640c3d7570424d03734a6500c65e45ac86bac3dec50,0c23874d251e4f7133779d0679fed5d7838db8a9553b73c579abd4c1a9ca648a
128,-0.000319,0.93419,0.810331,0.836857,0.774051,False,0.009462,False,0c23874d251e4f7133779d0679fed5d7838db8a9553b73c579abd4c1a9ca648a,437994553d160a2494dc35c23c874a07a69fb6d478bbc52743fc1a9944e40e88
129,0.002405,0.934253,0.80545,0.836854,0.774631,False,0.008996,False,437994553d160a2494dc35c23c874a07a69fb6d478bbc52743fc1a9944e40e88,006c4ba06a407eed041c722539b98b900b89326ae782a3c934fad1d8b782ab63
130,0.004082,0.937503,0.816387,0.836719,0.773212,False,0.003715,False,006c4ba06a407eed041c722539b98b900b89326ae782a3c934fad1d8b782ab63,15a4ef3f5b5331c9e3e6856ff49494abe32b0b055b1b0bb174a0caf191553d96
131,0.001739,0.936962,0.821645,0.836743,0.772446,False,0.004352,False,15a4ef3f5b5331c9e3e6856ff49494abe32b0b055b1b0bb174a0caf191553d96,7acca4532fd1e1352a44258f5273be0b230c6f16b753e4f2299917b7fb990d82
132,0.000156,0.937071,0.822054,0.836738,0.772717,False,0.003082,False,7acca4532fd1e1352a44258f5273be0b230c6f16b753e4f2299917b7fb990d82,2f88b3a6e4812ddbbb2d5339907d13d539ffbce44028e5a99ef037f2af008d97
133,0.003167,0.935432,0.811876,0.836808,0.773595,False,0.006929,False,2f88b3a6e4812ddbbb2d5339907d13d539ffbce44028e5a99ef037f2af008d97,7b19f062ab0bb7ea70f4167f2881c06a961f518284b1dcf99a4354d39b907ebf
134,0.003439,0.938014,0.814556,0.836695,0.77388,False,0.003714,False,7b19f062ab0bb7ea70f4167f2881c06a961f518284b1dcf99a4354d39b907ebf,238b343ff3582a0de33cc8baf00319d0b370b86131ac717b579cf208739f1b4a
135,0.001138,0.938264,0.820928,0.836684,0.77315,False,0.003321,False,238b343ff3582a0de33cc8baf00319d0b370b86131ac717b579cf208739f1b4a,7229451bc28a2ed9bee7f9ccdcb650ca0814cf05e721b6edec12ed35ffd5526f
136,0.00376,0.935483,0.814038,0.836805,0.773061,False,0.006179,False,7229451bc28a2ed9bee7f9ccdcb650ca0814cf05e721b6edec12ed35ffd5526f,4d086f21f9984d1945fb86f066f7356a68ac14a4122a31cfad3a0277d2e70891
137,0.001657,0.937153,0.82251,0.836734,0.772354,False,0.003194,False,4d086f21f9984d1945fb86f066f7356a68ac14a4122a31cfad3a0277d2e70891,c148b4a81468622d1a37479213a0b947d77ddb665028c36868c2eb3e5ce0065f
138,0.004264,0.934037,0.815966,0.836863,0.772083,False,0.006432,False,c148b4a81468622d1a37479213a0b947d77ddb665028c36868c2eb3e5ce0065f,24c38a4448a75f6860dc319b0d34601185b0f94bb810a479658ef318b2ae3e35
139,0.002753,0.936378,0.82362,0.836768,0.77165,False,0.002597,False,24c38a4448a75f6860dc319b0d34601185b0f94bb810a479658ef318b2ae3e35,d3055f6df8a5852c2147219d66596b977b171b45edf549a85a7c33d083abf721
140,0.005011,0.936153,0.81912,0.836778,0.772022,False,0.003961,False,d3055f6df8a5852c2147219d66596b977b171b45edf549a85a7c33d083abf721,5998a55ff684945e8e2625e05b4cb10014292013d500893ca51d252fbbf3d855
141,0.001824,0.935051,0.814097,0.836823,0.773289,False,0.006457,False,5998a55ff684945e8e2625e05b4cb10014292013d500893ca51d252fbbf3d855,d73dd4aa7a48a817e3accbf5eaf0668ce6c07ed245d8e82f85914c43f382580a
142,0.002742,0.937167,0.823067,0.836734,0.77203,False,0.00302,False,d73dd4aa7a48a817e3accbf5eaf0668ce6c07ed245d8e82f85914c43f382580a,b65b942d99254f740183c7c00864d11a1094bc8318fe6874b1a105a3767cb5f7
143,0.003087,0.938522,0.822606,0.836672,0.772512,False,0.000965,False,b65b942d99254f740183c7c00864d11a1094bc8318fe6874b1a105a3767cb5f7,6bce67dfbc129a84f123c8e69d6441eea3d9525200f7d02a6638e66c122135ef
144,0.00358,0.937705,0.821144,0.836709,0.772429,False,0.002019,False,6bce67dfbc129a84f123c8e69d6441eea3d9525200f7d02a6638e66c122135ef,2795846be665d0b75fed7fa31e2e3ce98cf241b38ddde6c604644272fe2ccd20
145,0.002778,0.935812,0.824964,0.836792,0.771184,False,0.002846,False,2795846be665d0b75fed7fa31e2e3ce98cf241b38ddde6c604644272fe2ccd20,88b7460ac46f7b5e4d58067f028da0b42fafc669aab5d2508ae3e82c1032b802
146,0.000769,0.936286,0.823572,0.836772,0.772025,False,0.004152,False,88b7460ac46f7b5e4d58067f028da0b42fafc669aab5d2508ae3e82c1032b802,9e8dcb66a3271a952b67a0c09b88fc4a6b082d40ec9ecd118a4cfd120b02b413
147,-0.000371,0.935887,0.826266,0.836789,0.77143,False,0.002539,False,9e8dcb66a3271a952b67a0c09b88fc4a6b082d40ec9ecd118a4cfd120b02b413,11d0c45bca8e9e2d71852c0497effa0f382d9810665c001cec3d26be89b475ad
148,0.000481,0.937437,0.825672,0.836722,0.772053,False,0.002536,False,11d0c45bca8e9e2d71852c0497effa0f382d9810665c001cec3d26be89b475ad,c2ec58dc39655b687451fddebbbbc93f710b21afca7158b50327c58cbf458522
149,-0.000976,0.936861,0.820194,0.836747,0.772854,False,0.00346,False,c2ec58dc39655b687451fddebbbbc93f710b21afca7158b50327c58cbf458522,9194a4dc60ff7f8aca5c7041c414a4cb08d7a7e30d9b70d9314f17218ac05ed2
150,-0.001441,0.93649,0.824964,0.836763,0.771681,False,0.001984,False,9194a4dc60ff7f8aca5c7041c414a4cb08d7a7e30d9b70d9314f17218ac05ed2,ffb9a69e15b3d5dc10fdbe4650daa96ac0f129987132c7e83148b89c1c38297f
151,0.000167,0.936497,0.822833,0.836763,0.772365,False,0.002907,False,ffb9a69e15b3d5dc10fdbe4650daa96ac0f129987132c7e83148b89c1c38297f,8acdccda82eb5a15093ae83bddbab8b4d2aa7e7192d08ba50eebf0531b2982f8
152,0.002364,0.934254,0.825494,0.836854,0.770631,False,0.003943,False,8acdccda82eb5a15093ae83bddbab8b4d2aa7e7192d08ba50eebf0531b2982f8,b016cd95646e2942ee37639cacabc669f5625d7cd964637ca083c77bfa020504
153,0.000258,0.934997,0.824053,0.836825,0.771593,False,0.005266,False,b016cd95646e2942ee37639cacabc669f5625d7cd964637ca083c77bfa020504,b0d4ff26594de3c95763b1f62966e7227d4355b5b8816479aa7d6f8efa56d70f
154,0.001132,0.935258,0.823262,0.836815,0.771665,False,0.002982,False,b0d4ff26594de3c95763b1f62966e7227d4355b5b8816479aa7d6f8efa56d70f,86c486d8b987404e598588686c2996cc623fbf3601606a2ef7342a236224ba74
155,0.002333,0.934746,0.82391,0.836835,0.771121,False,0.003181,False,86c486d8b987404e598588686c2996cc623fbf3601606a2ef7342a236224ba74,f17e680fce324e14a43ca24914a49dda4694d81ca823f2a45e5b09064f66dcb9
156,0.003469,0.933779,0.824,0.836872,0.770547,False,0.003807,False,f17e680fce324e14a43ca24914a49dda4694d81ca823f2a45e5b09064f66dcb9,9d7b5d7f7f8c98b892fec448ac9883d4bce70944e2b5ea422c2a16a67f1a8ac1
157,0.001997,0.935206,0.8278,0.836817,0.770567,False,0.003267,False,9d7b5d7f7f8c98b892fec448ac9883d4bce70944e2b5ea422c2a16a67f1a8ac1,89d743405078deffc6bb79f805d5f73e9b89a76a8c6b9086cc46a94bc5e6ed04
158,0.001862,0.936455,0.828445,0.836765,0.770889,False,0.00107,False,89d743405078deffc6bb79f805d5f73e9b89a76a8c6b9086cc46a94bc5e6ed04,92acbe88480378cbdb3a0176bd60b7253c2fc9a450c659b82ec23e768ae8224b
159,0.000362,0.935999,0.824049,0.836784,0.771913,False,0.002715,False,92acbe88480378cbdb3a0176bd60b7253c2fc9a450c659b82ec23e768ae8224b,ddce5b28d25cd0237c0afbd570e855c72f245e8b4460498f2df9ca26442fbb05
160,0.001588,0.935091,0.822768,0.836821,0.771616,False,0.002119,False,ddce5b28d25cd0237c0afbd570e855c72f245e8b4460498f2df9ca26442fbb05,912c4b7c789c7ee78db80581e3709d1f5169ea3a53cc7edd04fc9987fb0f321e
161,0.001483,0.935201,0.828712,0.836817,0.770486,False,0.001298,False,912c4b7c789c7ee78db80581e3709d1f5169ea3a53cc7edd04fc9987fb0f321e,06808f4708390fd058f82240d120e307345dd0b3b840a8f54fe04010c21c85e6
162,0.00156,0.934926,0.826057,0.836828,0.770908,False,0.002459,False,06808f4708390fd058f82240d120e307345dd0b3b840a8f54fe04010c21c85e6,a1b5e7e4bdc9a3521458882bb26ea192f81a7d6eeaecd57dd94bd412871499c9
163,0.001575,0.934025,0.827656,0.836863,0.770278,False,0.002716,False,a1b5e7e4bdc9a3521458882bb26ea192f81a7d6eeaecd57dd94bd412871499c9,0d8c5a54663c3a22ea1a0eb8e57834329c657e5a264622d8d76f2c6e018f51c1
164,0.001584,0.935869,0.827211,0.836789,0.770992,False,0.001505,False,0d8c5a54663c3a22ea1a0eb8e57834329c657e5a264622d8d76f2c6e018f51c1,688d76566552131b69bd15ca5423d17c967dc2893903f86970f9c0b13483427e
165,-1.4e-05,0.934206,0.826377,0.836856,0.770908,False,0.003745,False,688d76566552131b69bd15ca5423d17c967dc2893903f86970f9c0b13483427e,28d85eb482aae6e48bfa9a789a8725e7c7e05b33173fce3791d5b3cd35bcd6b7
166,0.000326,0.933871,0.831085,0.836869,0.76979,False,0.002754,False,28d85eb482aae6e48bfa9a789a8725e7c7e05b33173fce3791d5b3cd35bcd6b7,50445c771a191e55e726823f5d4f7310c0ca1b959b5e419249a24b3eac3abdcc
167,0.001251,0.934453,0.823327,0.836847,0.771355,False,0.004224,False,50445c771a191e55e726823f5d4f7310c0ca1b959b5e419249a24b3eac3abdcc,153784c7d0aa6e5e4734a5213d4db8a89949226bdbef446a54b00ebbfe471f6c
168,0.001444,0.934259,0.830943,0.836854,0.769727,False,0.002045,False,153784c7d0aa6e5e4734a5213d4db8a89949226bdbef446a54b00ebbfe471f6c,49860321268a7a03628b9e5d1f8ae9f1f25e345830b11369352267892a2b2376
169,0.001152,0.934643,0.822778,0.836839,0.771549,False,0.002216,False,49860321268a7a03628b9e5d1f8ae9f1f25e345830b11369352267892a2b2376,3b6894ea71b469aff0223216d677df324ecb55a789321843661ea1136dc3b7c3
170,-0.00067,0.933471,0.82953,0.836884,0.769896,False,0.004541,False,3b6894ea71b469aff0223216d677df324ecb55a789321843661ea1136dc3b7c3,da5dde2118e3e1fbbd67a62f101b0b980ca5c4f20dacea9e9fe494a9df16a87f
171,-0.002482,0.932809,0.824412,0.836908,0.770331,False,0.004438,False,da5dde2118e3e1fbbd67a62f101b0b980ca5c4f20dacea9e9fe494a9df16a87f,b25a7e8fdcfe4cd65490fd0c602ee78bf82a9086c2c1bde68de3ac79a29ec1b4
172,0.000111,0.931923,0.825684,0.836939,0.770249,False,0.006447,False,b25a7e8fdcfe4cd65490fd0c602ee78bf82a9086c2c1bde68de3ac79a29ec1b4,0f6737bc8e8f6b1e35e301931381b8ada35b86ee85590d5f9a899004f134842d
173,-0.001472,0.933384,0.824955,0.836887,0.770621,False,0.003065,False,0f6737bc8e8f6b1e35e301931381b8ada35b86ee85590d5f9a899004f134842d,6825125e71ef05d0ee32b9abac9e12d229c08395da0850afea06ef28b4275e46
174,-0.001291,0.933819,0.826195,0.836871,0.770557,False,0.002641,False,6825125e71ef05d0ee32b9abac9e12d229c08395da0850afea06ef28b4275e46,c2adecbe06758f58e2f3a807173226fd81c59d0d569fdfab412cbb3fe394e158
175,-0.003561,0.931739,0.818324,0.836945,0.770968,False,0.007128,False,c2adecbe06758f58e2f3a807173226fd81c59d0d569fdfab412cbb3fe394e158,0ff99114f52e8f0c0722ecb7cca221a958e8bedb7c03ba783293fe3ec42885c2
176,-0.006644,0.928412,0.814127,0.837045,0.770051,False,0.009527,False,0ff99114f52e8f0c0722ecb7cca221a958e8bedb7c03ba783293fe3ec42885c2,e492cb11d7992b651a87c3a4df582600b406e9eb6b023b409340cf9c7b2b9664
177,-0.001621,0.930372,0.818491,0.836989,0.770855,False,0.008539,False,e492cb11d7992b651a87c3a4df582600b406e9eb6b023b409340cf9c7b2b9664,0322a8624597d342f8f76d373669c001490494139a0fd5ac871c4fddf7b4fb0c
178,-0.001732,0.933709,0.829749,0.836875,0.769721,False,0.001234,False,0322a8624597d342f8f76d373669c001490494139a0fd5ac871c4fddf7b4fb0c,73c7f1a2fe0461eb2baa98c7799e548eb4982d11b5d8b0f0e7dae2fa72280596
179,-0.003511,0.931337,0.819736,0.836958,0.770558,False,0.005391,False,73c7f1a2fe0461eb2baa98c7799e548eb4982d11b5d8b0f0e7dae2fa72280596,1b2600c6758882123c762a261ff46251fb469de09b939cd6718caea2571e861f
180,-0.002213,0.931443,0.829778,0.836955,0.768846,False,0.003672,False,1b2600c6758882123c762a261ff46251fb469de09b939cd6718caea2571e861f,7be7ae3c3e04911f24c486619c3925f0db1be89d7493de2882182f074e325b9a
181,-0.002727,0.9324,0.824137,0.836922,0.770198,False,0.00304,False,7be7ae3c3e04911f24c486619c3925f0db1be89d7493de2882182f074e325b9a,f15c118f28395f4f675495bc096a1cf57734b0234bfcdd2fe623b2d5af10cd5c
182,-0.003845,0.932206,0.827618,0.836929,0.769212,False,0.003025,False,f15c118f28395f4f675495bc096a1cf57734b0234bfcdd2fe623b2d5af10cd5c,94856417cc7520d6a632005ddbf3e614a34c00ccb3c796d731c905e9b66ce31c
183,0.000242,0.930219,0.815041,0.836993,0.771768,False,0.008662,False,94856417cc7520d6a632005ddbf3e614a34c00ccb3c796d731c905e9b66ce31c,51fee8c5143194f9e9ceae5bcf332a7b4f2e07c6c2978d06656c0415b23523a8
184,0.002278,0.930862,0.826905,0.836973,0.769208,False,0.003932,False,51fee8c5143194f9e9ceae5bcf332a7b4f2e07c6c2978d06656c0415b23523a8,64692f018b76f0bb417fecc797cbc205a4396dffa5503d405b1e5126916ea4b4
185,0.001448,0.93277,0.831787,0.836909,0.76905,False,0.001624,False,64692f018b76f0bb417fecc797cbc205a4396dffa5503d405b1e5126916ea4b4,061f4bf7ace8c7b49c1cc02734902fef83bec4b5f8a07c02c3549ee2ed8539cd
186,-0.000253,0.931198,0.822208,0.836963,0.770668,False,0.004459,False,061f4bf7ace8c7b49c1cc02734902fef83bec4b5f8a07c02c3549ee2ed8539cd,5261e6a7b0444c36faf3c77aa1e41600cf53cf967c6a10d4ff807b24d21ae441
187,-0.002787,0.930763,0.832214,0.836977,0.768011,False,0.003509,False,5261e6a7b0444c36faf3c77aa1e41600cf53cf967c6a10d4ff807b24d21ae441,17b02de32914197b5c95a7c08bbfe419c2054e9c5fd9622f4eda012383a6cb36
188,-0.003595,0.932157,0.834364,0.836931,0.767896,False,0.001384,False,17b02de32914197b5c95a7c08bbfe419c2054e9c5fd9622f4eda012383a6cb36,842fa3ea9a63c7501b3f12247ddff821b585a458806a4ff9fa95c7d7edc8bc86
189,-0.006285,0.927292,0.824879,0.837074,0.767588,False,0.00632,False,842fa3ea9a63c7501b3f12247ddff821b585a458806a4ff9fa95c7d7edc8bc86,0375711707c94dd7cbc5180cfae8684715f4cd069ab8f794e127540b498f37f1
190,-0.002369,0.928418,0.823455,0.837045,0.769043,False,0.007358,False,0375711707c94dd7cbc5180cfae8684715f4cd069ab8f794e127540b498f37f1,8c4258b023208fdab53043369794ed9e4d31a97f4c87bfc3b1c18c0ba445230b
191,-0.004508,0.929191,0.831324,0.837024,0.767306,False,0.003534,False,8c4258b023208fdab53043369794ed9e4d31a97f4c87bfc3b1c18c0ba445230b,05ad2707e5e083512cde60cfdebb20609342b2c6f8bf43edddecd274fbc703c7
192,-0.00474,0.932223,0.833469,0.836928,0.767868,False,0.000519,False,05ad2707e5e083512cde60cfdebb20609342b2c6f8bf43edddecd274fbc703c7,970415cd0fadd734e39c1760fe339f3b46e661dc13af2b80de3872b534db5ed7
193,-0.003052,0.92996,0.83327,0.837001,0.767472,False,0.004234,False,970415cd0fadd734e39c1760fe339f3b46e661dc13af2b80de3872b534db5ed7,e385c8a2e0235b2a52dddbf2a198eb7a2b5716d04b26c7e249e91c72d8e37530
194,-0.00201,0.931901,0.829791,0.836939,0.76904,False,0.002381,False,e385c8a2e0235b2a52dddbf2a198eb7a2b5716d04b26c7e249e91c72d8e37530,35f4a8989cfc3febc90f94dce836b644a959d20de643384ea12c5eab217ccfd8
195,-0.004277,0.929347,0.832388,0.837019,0.767193,False,0.004053,False,35f4a8989cfc3febc90f94dce836b644a959d20de643384ea12c5eab217ccfd8,4afd383d6bac3a0f3364a7c827b1a1c1731b5596e66002b6a4a4f544e2bf1cb8
196,-0.004892,0.929923,0.823593,0.837002,0.769027,False,0.003971,False,4afd383d6bac3a0f3364a7c827b1a1c1731b5596e66002b6a4a4f544e2bf1cb8,37f90cdc5eeec337b78432926ef6ceb61aa198eb663886e3ab8f6aef626bd934
197,0.000641,0.926419,0.817083,0.837095,0.769976,False,0.010779,False,37f90cdc5eeec337b78432926ef6ceb61aa198eb663886e3ab8f6aef626bd934,ffdbe637a28cbca98e04f6489646c2fc696d485e5cfa761f518ebad9e32be8f8
198,0.002479,0.92903,0.825273,0.837028,0.768867,False,0.005584,False,ffdbe637a28cbca98e04f6489646c2fc696d485e5cfa761f518ebad9e32be8f8,c3d6f5f016ecbb203da6dd71cb0ad5f68111e926c79264e51998b407e018ef29
199,0.003408,0.929899,0.836249,0.837003,0.766784,False,0.002621,False,c3d6f5f016ecbb203da6dd71cb0ad5f68111e926c79264e51998b407e018ef29,c8a15c88840a455060e621c309466ed545e01bc86364c430f94c48de47a6b9ff
200,0.002407,0.929475,0.834961,0.837015,0.767096,False,0.002829,False,c8a15c88840a455060e621c309466ed545e01bc86364c430f94c48de47a6b9ff,8f3c6500022442d6439cd25e9650a4d26f68410a2d84026968451a960933bb6a
201,0.003163,0.92936,0.828268,0.837019,0.768245,False,0.004123,False,8f3c6500022442d6439cd25e9650a4d26f68410a2d84026968451a960933bb6a,8a96204a77c68ef9508fc1727973b0577f736dd45ce6d746b78de1af0894e4e2
202,0.003099,0.931051,0.831754,0.836967,0.768139,False,0.001466,False,8a96204a77c68ef9508fc1727973b0577f736dd45ce6d746b78de1af0894e4e2,57d63d93608b534e77a3b379d9b0082ee95cbda082ee4cd795e58aa9758dfcd6
203,0.001657,0.929657,0.830323,0.83701,0.768236,False,0.003659,False,57d63d93608b534e77a3b379d9b0082ee95cbda082ee4cd795e58aa9758dfcd6,0e99cb4be4fb16bbb3a9efbb2af61ff63e0e7ffd3ca2752841a71194e5fb525c
204,0.005478,0.924126,0.819696,0.837142,0.767695,False,0.010691,False,0e99cb4be4fb16bbb3a9efbb2af61ff63e0e7ffd3ca2752841a71194e5fb525c,9f710743feae63734b9981480a0a191da542baf8cc17128891c4a297a81e6490
205,0.003491,0.928252,0.836781,0.837049,0.766096,False,0.003088,False,9f710743feae63734b9981480a0a191da542baf8cc17128891c4a297a81e6490,c5060c983fb2c7f980282078e3722ff6b2c284d63b8042d2eed7526e3ad7d99b
206,0.000725,0.928667,0.831898,0.837038,0.767768,False,0.004244,False,c5060c983fb2c7f980282078e3722ff6b2c284d63b8042d2eed7526e3ad7d99b,8fcff64afed49437a713163a657507340d2efe13a9d896a0e02523a26be9f15d
207,-0.001362,0.928388,0.829928,0.837046,0.767939,False,0.004387,False,8fcff64afed49437a713163a657507340d2efe13a9d896a0e02523a26be9f15d,23a694415d2b62b2d917ed70f715e4bd1713e0cfc95033aa4c61ab9d26b3323b
208,-0.001471,0.930032,0.83695,0.836999,0.767077,False,0.002262,False,23a694415d2b62b2d917ed70f715e4bd1713e0cfc95033aa4c61ab9d26b3323b,a6e4ebfe3a9fb64cfeac8e4d4e802271e95dfd19ec20b06e701336e1508210f6
209,-0.000175,0.928289,0.837769,0.837048,0.766574,False,0.002443,False,a6e4ebfe3a9fb64cfeac8e4d4e802271e95dfd19ec20b06e701336e1508210f6,76a0164d6e8a2474361236b94ce0c4a2923edc886cd9188ff8e18891c4543573
210,0.00184,0.928644,0.835694,0.837039,0.766778,False,0.003318,False,76a0164d6e8a2474361236b94ce0c4a2923edc886cd9188ff8e18891c4543573,6e6eda54e0fbb6f7564ae884d78784a7198339f1a3b7d45309e002a6b1ca1177
211,-0.000345,0.927457,0.827408,0.83707,0.768327,False,0.006412,False,6e6eda54e0fbb6f7564ae884d78784a7198339f1a3b7d45309e002a6b1ca1177,94fe32931aca2a26403099c8599be0c7a715b2243bf9ad16f5904695783dd16b
212,-0.001484,0.928774,0.834658,0.837035,0.767101,False,0.00276,False,94fe32931aca2a26403099c8599be0c7a715b2243bf9ad16f5904695783dd16b,59af94f65a05ea74cf421186618b7f2d13e10b42fb5fc91ab4d38fbef4e2f8f6
213,-0.000433,0.927404,0.835329,0.837071,0.766707,False,0.003539,False,59af94f65a05ea74cf421186618b7f2d13e10b42fb5fc91ab4d38fbef4e2f8f6,bbba5d9b376ff9b9a593d9bd322f2c8be797258816383cd19a4042d40b86dbda
214,0.001293,0.927015,0.833615,0.837081,0.766744,False,0.003957,False,bbba5d9b376ff9b9a593d9bd322f2c8be797258816383cd19a4042d40b86dbda,6e791820ab0b57678a9ef371a5c6f6fd98c61cee3f71fbe07b47b46d4ded175d
215,0.007109,0.920638,0.81684,0.837193,0.766732,False,0.013546,False,6e791820ab0b57678a9ef371a5c6f6fd98c61cee3f71fbe07b47b46d4ded175d,8ad55cec77806a52531301e9327cfd0085b2781905d079d371f6a1c3fb3a89ac
216,0.005662,0.925485,0.840921,0.837115,0.763882,False,0.003894,False,8ad55cec77806a52531301e9327cfd0085b2781905d079d371f6a1c3fb3a89ac,60ad2cc46331624d8cd0f02968006e5bbabbeb12ec4f5664523ad4c6c03488d4
217,0.005654,0.927501,0.83284,0.837069,0.766194,False,0.001308,False,60ad2cc46331624d8cd0f02968006e5bbabbeb12ec4f5664523ad4c6c03488d4,9e380386b8b885ce2339e77171ef4092ef05b61aed67168a7a1b87503df96109
218,0.005166,0.928009,0.832759,0.837056,0.766482,False,0.001771,False,9e380386b8b885ce2339e77171ef4092ef05b61aed67168a7a1b87503df96109,2293234be0e59016fb18ad67d94559688ceb580d611a23bc5e5d870759be83f5
219,0.005443,0.927268,0.834117,0.837074,0.7659,False,0.002391,False,2293234be0e59016fb18ad67d94559688ceb580d611a23bc5e5d870759be83f5,0e4f3888a878324ec2be51b1e7da6f914e9d892ab60f0a126550cd41f481445d
220,0.005125,0.927812,0.838672,0.837061,0.76524,False,0.001415,False,0e4f3888a878324ec2be51b1e7da6f914e9d892ab60f0a126550cd41f481445d,9536bee3ea08db377b9fedc410decb9b4cc87dfbde9593e30b50edfd827e8f74
