cycle,truth_sample,truth_state,truth_load,bridge_output,bridge_state,bridge_load,shadow_pressure,shadow_state,shadow_load,self_state,memory,prediction,correction,strongest_channel,strongest_confidence,continuity,anchor_fit,spread_score,stability,rigidity,adaptive_score,noise,contradiction,pressure,drift
1,0.009078,0.001089,0.000605,0.007112,0.001422,0.009811,0.021294,0.003833,0.002129,0.001792,0.0,0.0,0.007112,11,0.918542,0.998208,0.998208,0.552622,0.943264,0.812282,0.836426,0.02,0.0,1.0,0.0
2,0.003475,0.001712,0.000951,0.004963,0.002131,0.001367,0.008349,0.005737,0.003187,0.002591,0.000251,0.001792,0.003171,10,0.917394,0.999201,0.997409,0.556287,0.945089,0.811277,0.83632,0.02,0.0,1.0,0.0
3,0.003137,0.002134,0.001185,0.004368,0.002578,0.000697,0.006458,0.006758,0.003755,0.003038,0.000578,0.002591,0.001778,9,0.916649,0.999552,0.996962,0.555969,0.945277,0.810622,0.836308,0.02,0.0,1.0,0.0
4,-0.002023,0.002288,0.001271,-0.006477,0.000767,0.00343,-0.00848,0.006523,0.003624,0.000642,0.000923,0.003038,-0.009515,8,0.912813,0.997603,0.999358,0.55499,0.943676,0.806688,0.836403,0.02,0.0,1.0,0.0
5,-0.002885,0.002272,0.001262,0.001331,0.00088,0.00112,0.005177,0.006317,0.00351,0.000815,0.000883,0.000642,0.000689,7,0.9185,0.999826,0.999185,0.556257,0.945998,0.8124,0.836264,0.02,0.0,1.0,0.0
6,-0.007679,0.002061,0.001145,-0.002077,0.000289,0.007874,0.009141,0.0063,0.0035,8.7e-05,0.000874,0.000815,-0.002892,6,0.91726,0.999272,0.999913,0.554923,0.944895,0.810665,0.836331,0.02,0.0,1.0,0.0
7,-0.016442,0.001585,0.000881,-0.007995,-0.001368,0.005124,0.000903,0.006092,0.003384,-0.001949,0.000764,8.7e-05,-0.008082,5,0.915905,0.997964,0.998051,0.563459,0.94463,0.80799,0.836347,0.02,0.0,1.0,0.0
8,-0.004102,0.001133,0.00063,-0.001009,-0.001296,0.003086,0.003381,0.005862,0.003257,-0.001712,0.000384,-0.001949,0.00094,4,0.919515,0.999763,0.998288,0.564253,0.946594,0.811673,0.836227,0.02,0.0,1.0,0.0
9,0.011571,0.000919,0.000511,0.008585,0.00068,0.008811,0.001749,0.005576,0.003098,0.000882,9e-05,-0.001712,0.010297,3,0.911141,0.997406,0.999118,0.559185,0.943553,0.803643,0.83641,0.02,0.0,1.0,0.0
10,-0.003598,0.000695,0.000386,-0.007588,-0.000974,0.015525,0.006217,0.0054,0.003,-0.001252,0.000201,0.000882,-0.00847,2,0.909745,0.997866,0.998748,0.556593,0.942987,0.802004,0.836442,0.02,0.0,1.0,0.0
11,0.015925,0.000682,0.000379,0.006646,0.00055,0.008089,-0.002733,0.005046,0.002803,0.000737,-2e-06,-0.001252,0.007898,1,0.914171,0.998011,0.999263,0.562096,0.944568,0.806222,0.836351,0.02,0.0,1.0,0.0
12,0.017955,0.000844,0.000469,0.008874,0.002215,0.010907,-0.001496,0.00462,0.002567,0.002787,0.000101,0.000737,0.008137,11,0.911657,0.99795,0.997213,0.560655,0.943668,0.803699,0.836403,0.02,0.0,1.0,0.0
13,0.005308,0.001017,0.000565,-0.001897,0.001393,0.003533,-0.00606,0.004038,0.002243,0.001607,0.000477,0.002787,-0.004684,10,0.914028,0.99882,0.998393,0.562875,0.945641,0.806497,0.836286,0.02,0.0,1.0,0.0
14,0.011252,0.001247,0.000693,0.006959,0.002506,0.011076,-0.004587,0.003405,0.001892,0.002956,0.000636,0.001607,0.005352,9,0.912862,0.998652,0.997044,0.557598,0.943911,0.805546,0.836389,0.02,0.0,1.0,0.0
15,0.009066,0.001497,0.000832,0.007607,0.003526,0.008617,-0.000487,0.002861,0.001589,0.004128,0.00096,0.002956,0.004652,8,0.913234,0.998828,0.995872,0.563384,0.944751,0.805126,0.83634,0.02,0.0,1.0,0.0
16,-0.003556,0.001666,0.000926,-0.000179,0.002785,0.012029,0.010416,0.002664,0.00148,0.003042,0.001404,0.004128,-0.004307,7,0.913936,0.998915,0.996958,0.556609,0.943938,0.806756,0.836388,0.02,0.0,1.0,0.0
17,0.008725,0.001812,0.001007,0.010589,0.004346,0.011524,0.00097,0.002483,0.001379,0.004944,0.001633,0.003042,0.007547,6,0.909908,0.998099,0.995056,0.563466,0.943679,0.801494,0.836403,0.02,0.0,1.0,0.0
18,0.000255,0.001917,0.001065,0.001463,0.003769,0.00339,-0.005372,0.002165,0.001203,0.004067,0.002097,0.004944,-0.003481,5,0.919226,0.999123,0.995933,0.564825,0.945684,0.811469,0.836284,0.02,0.0,1.0,0.0
19,0.008035,0.002045,0.001136,0.005366,0.004089,0.000509,0.003548,0.001972,0.001096,0.004394,0.002373,0.004067,0.001299,4,0.918443,0.999673,0.995606,0.552912,0.94494,0.813281,0.836329,0.02,0.0,1.0,0.0
20,-0.00181,0.00216,0.0012,0.000491,0.003369,0.002806,0.00199,0.001835,0.001019,0.003411,0.002656,0.004394,-0.003903,3,0.91799,0.999016,0.996589,0.556338,0.944765,0.811936,0.836339,0.02,0.0,1.0,0.0
21,-0.005022,0.002245,0.001247,-0.000557,0.002584,0.000324,-0.001024,0.00167,0.000928,0.002411,0.002761,0.003411,-0.003967,2,0.91906,0.999,0.997589,0.562263,0.945898,0.812163,0.83627,0.02,0.0,1.0,0.0
22,0.000626,0.002382,0.001323,-0.005512,0.000965,0.009462,-0.00226,0.001462,0.000812,0.000414,0.002712,0.002411,-0.007923,1,0.910105,0.998003,0.999586,0.559041,0.944219,0.802831,0.836371,0.02,0.0,1.0,0.0
23,0.026664,0.002826,0.00157,0.013154,0.003402,0.010021,0.000117,0.001283,0.000713,0.003625,0.002391,0.000414,0.012739,11,0.911134,0.99679,0.996375,0.55517,0.941936,0.804557,0.836499,0.02,0.0,1.0,0.0
24,0.006335,0.003295,0.00183,-0.000185,0.002685,0.001188,-0.005216,0.001007,0.000559,0.002665,0.002563,0.003625,-0.003809,10,0.915801,0.99904,0.997335,0.55792,0.94527,0.809701,0.836309,0.02,0.0,1.0,0.0
25,0.007759,0.003679,0.002044,0.003756,0.002899,0.003521,-0.002209,0.000714,0.000396,0.00294,0.002577,0.002665,0.001091,9,0.918312,0.999725,0.99706,0.563343,0.946264,0.810952,0.836248,0.02,0.0,1.0,0.0
26,0.015076,0.004157,0.002309,0.008322,0.003984,0.002756,0.00878,0.000677,0.000376,0.004296,0.002628,0.00294,0.005382,8,0.91874,0.998644,0.995704,0.55365,0.943902,0.813321,0.83639,0.02,0.0,1.0,0.0
27,-0.006661,0.004408,0.002449,-0.000289,0.003129,0.000425,0.001046,0.000652,0.000362,0.00314,0.002862,0.004296,-0.004585,7,0.919113,0.998844,0.99686,0.561331,0.945448,0.8125,0.836298,0.02,0.0,1.0,0.0
28,-0.002803,0.004473,0.002485,0.001361,0.002775,0.002991,0.004401,0.000729,0.000405,0.002692,0.002901,0.00314,-0.00178,6,0.919158,0.999552,0.997308,0.553102,0.944952,0.813823,0.836328,0.02,0.0,1.0,0.0
29,-0.002388,0.004473,0.002485,0.001739,0.002568,0.009241,-0.008969,0.00056,0.000311,0.002452,0.002871,0.002692,-0.000953,5,0.916683,0.99976,0.997548,0.559714,0.945426,0.809414,0.836299,0.02,0.0,1.0,0.0
30,-0.010671,0.004309,0.002394,-0.004378,0.001179,0.008515,0.005395,0.000539,0.000299,0.000731,0.002813,0.002452,-0.00683,4,0.914786,0.998279,0.999269,0.563492,0.944987,0.806875,0.836326,0.02,0.0,1.0,0.0
31,-0.01046,0.004017,0.002232,-0.005995,-0.000256,0.005945,-0.001426,0.000479,0.000266,-0.000964,0.002521,0.000731,-0.006726,3,0.91397,0.998305,0.999036,0.560593,0.944858,0.806888,0.836334,0.02,0.0,1.0,0.0
32,0.007983,0.003848,0.002138,0.00792,0.001379,0.004069,0.010305,0.000655,0.000364,0.001275,0.002033,-0.000964,0.008884,2,0.911644,0.997761,0.998725,0.554534,0.943747,0.805906,0.836399,0.02,0.0,1.0,0.0
33,0.008442,0.003696,0.002053,0.009152,0.002934,0.005278,0.007692,0.00094,0.000522,0.00326,0.001927,0.001275,0.007877,1,0.912122,0.998015,0.99674,0.556454,0.943673,0.805866,0.836403,0.02,0.0,1.0,0.0
34,0.007257,0.003615,0.002008,0.002606,0.002868,0.000692,0.005555,0.001245,0.000692,0.003095,0.002114,0.00326,-0.000654,11,0.918453,0.999835,0.996905,0.55693,0.945797,0.812591,0.836277,0.02,0.0,1.0,0.0
35,0.006735,0.003534,0.001964,0.008395,0.003974,0.004404,0.009228,0.00165,0.000917,0.004431,0.002251,0.003095,0.0053,10,0.912417,0.998664,0.995569,0.565606,0.945163,0.804473,0.836315,0.02,0.0,1.0,0.0
36,0.022979,0.003649,0.002027,0.009301,0.005039,0.002427,0.00847,0.0021,0.001167,0.005658,0.002556,0.004431,0.004871,9,0.91853,0.998773,0.994342,0.552017,0.943528,0.813365,0.836411,0.02,0.0,1.0,0.0
37,0.010428,0.003866,0.002148,0.013133,0.006658,0.012926,0.003249,0.002459,0.001366,0.007541,0.00299,0.005658,0.007475,8,0.90807,0.998116,0.992459,0.558501,0.942356,0.800504,0.836477,0.02,0.0,1.0,0.0
38,0.003796,0.004081,0.002267,0.009699,0.007266,0.00512,0.007906,0.002849,0.001583,0.008085,0.003628,0.007541,0.002158,7,0.912955,0.999456,0.991915,0.557616,0.944015,0.806399,0.836383,0.02,0.0,1.0,0.0
39,0.005755,0.004113,0.002285,0.005979,0.007009,0.006606,0.011379,0.003328,0.001849,0.007554,0.004252,0.008085,-0.002106,6,0.918339,0.999469,0.992446,0.554652,0.943629,0.812158,0.836405,0.02,0.0,1.0,0.0
40,0.01355,0.004195,0.002331,0.008974,0.007402,0.012676,-0.0091,0.003384,0.00188,0.007912,0.004714,0.007554,0.001419,5,0.914244,0.999642,0.992088,0.56005,0.943805,0.806369,0.836395,0.02,0.0,1.0,0.0
41,-0.016344,0.004087,0.00227,-0.007716,0.004378,0.009966,-0.000264,0.003344,0.001858,0.003974,0.005162,0.007912,-0.015628,4,0.910478,0.996062,0.996026,0.561204,0.941816,0.802681,0.836506,0.02,0.0,1.0,0.0
42,-0.005654,0.003836,0.002131,0.004022,0.004307,0.003841,0.010521,0.003487,0.001937,0.003986,0.004995,0.003974,4.8e-05,3,0.919028,0.999988,0.996014,0.555631,0.945212,0.812948,0.836312,0.02,0.0,1.0,0.0
43,0.009103,0.003733,0.002074,0.005261,0.004498,0.001986,0.007174,0.003674,0.002041,0.004307,0.004854,0.003986,0.001275,2,0.919024,0.999679,0.995693,0.55149,0.944534,0.813923,0.836353,0.02,0.0,1.0,0.0
44,-0.014394,0.003556,0.001976,-0.011762,0.001246,0.013069,-0.004221,0.003632,0.002018,0.000259,0.004778,0.004307,-0.01607,1,0.906369,0.995951,0.999741,0.553729,0.941327,0.799619,0.836532,0.02,0.0,1.0,0.0
45,-0.00112,0.00341,0.001894,0.000231,0.001043,0.000168,0.001486,0.003558,0.001976,0.000252,0.004145,0.000259,-2.7e-05,11,0.919328,0.999993,0.999748,0.55921,0.946773,0.812957,0.836215,0.02,0.0,1.0,0.0
46,0.007944,0.003421,0.0019,0.003324,0.001499,0.003756,0.006777,0.003583,0.001991,0.001026,0.0036,0.000252,0.003072,10,0.919798,0.999226,0.998974,0.557023,0.945338,0.813446,0.836305,0.02,0.0,1.0,0.0
47,-0.003579,0.003482,0.001934,-0.002688,0.000662,0.001159,-0.001479,0.003491,0.001939,9e-05,0.00324,0.001026,-0.003713,9,0.91813,0.999064,0.99991,0.560033,0.945986,0.811499,0.836265,0.02,0.0,1.0,0.0
48,0.01888,0.003617,0.00201,0.010095,0.002548,0.010223,-0.002011,0.003308,0.001838,0.002611,0.002799,9e-05,0.010005,8,0.912226,0.997479,0.997389,0.56311,0.943593,0.804027,0.836407,0.02,0.0,1.0,0.0
49,0.000821,0.003679,0.002044,-0.000529,0.001933,0.010031,-0.014905,0.00277,0.001539,0.00182,0.002772,0.002611,-0.003139,7,0.91882,0.999209,0.99818,0.560661,0.94505,0.811139,0.836322,0.02,0.0,1.0,0.0
50,-0.006736,0.003629,0.002016,0.00103,0.001752,0.00432,-0.000602,0.002299,0.001277,0.001621,0.002639,0.00182,-0.00079,6,0.917054,0.999801,0.998379,0.561652,0.946274,0.809838,0.836247,0.02,0.0,1.0,0.0
51,-0.00042,0.003531,0.001962,-0.000712,0.001259,0.000981,-0.007519,0.001738,0.000965,0.001033,0.002496,0.001621,-0.002333,5,0.917146,0.999412,0.998967,0.561187,0.94632,0.810414,0.836244,0.02,0.0,1.0,0.0
52,0.003149,0.003296,0.001831,0.004324,0.001872,0.004136,0.000431,0.0013,0.000722,0.001862,0.002292,0.001033,0.003292,4,0.916527,0.999171,0.998138,0.555341,0.944969,0.810577,0.836327,0.02,0.0,1.0,0.0
53,0.002101,0.003027,0.001682,-0.001394,0.001219,0.003226,-0.00126,0.000938,0.000521,0.001042,0.002231,0.001862,-0.003256,3,0.916354,0.999179,0.998958,0.562267,0.946086,0.809201,0.836259,0.02,0.0,1.0,0.0
54,0.013796,0.002865,0.001592,0.007873,0.00255,3.2e-05,0.008884,0.000851,0.000473,0.002763,0.002065,0.001042,0.006831,2,0.916126,0.998278,0.997237,0.558281,0.944737,0.810082,0.836341,0.02,0.0,1.0,0.0
55,-0.00687,0.002628,0.00146,-0.002819,0.001476,0.012104,0.010472,0.001009,0.000561,0.001356,0.002163,0.002763,-0.005583,1,0.91395,0.998593,0.998644,0.559382,0.944361,0.806353,0.836363,0.02,0.0,1.0,0.0
56,-0.027952,0.002108,0.001171,-0.01341,-0.001501,0.011001,0.000838,0.001109,0.000616,-0.002365,0.00205,0.001356,-0.014766,11,0.910581,0.996279,0.997635,0.555514,0.941728,0.80382,0.836511,0.02,0.0,1.0,0.0
57,0.01576,0.001891,0.001051,0.011369,0.001073,0.024742,-0.013387,0.000847,0.00047,0.001096,0.001432,-0.002365,0.013734,10,0.904846,0.996539,0.998904,0.555588,0.941017,0.796568,0.836548,0.02,0.0,1.0,0.0
58,0.00651,0.001792,0.000995,0.006269,0.002112,0.011926,-0.004627,0.000528,0.000293,0.0024,0.001385,0.001096,0.005173,9,0.91223,0.998696,0.9976,0.56163,0.944568,0.804228,0.836351,0.02,0.0,1.0,0.0
59,0.00804,0.001696,0.000942,0.003913,0.002472,0.000615,0.001255,0.000305,0.00017,0.002781,0.001527,0.0024,0.001513,8,0.919606,0.999619,0.997219,0.554964,0.945544,0.814126,0.836292,0.02,0.0,1.0,0.0
60,0.00891,0.001787,0.000993,0.015715,0.005121,0.002066,0.020181,0.000586,0.000326,0.00604,0.001703,0.002781,0.012933,7,0.909149,0.996741,0.99396,0.558443,0.942557,0.802835,0.836466,0.02,0.0,1.0,0.0
61,-0.004942,0.001838,0.001021,-0.003126,0.003471,0.000549,-0.004614,0.000668,0.000371,0.003731,0.00231,0.00604,-0.009166,6,0.916665,0.99769,0.996269,0.565737,0.944898,0.809128,0.836331,0.02,0.0,1.0,0.0
62,0.018784,0.001964,0.001091,0.010754,0.004928,0.000169,0.012906,0.000997,0.000554,0.0055,0.002509,0.003731,0.007024,5,0.91461,0.99823,0.9945,0.564108,0.944831,0.80741,0.836335,0.02,0.0,1.0,0.0
63,0.010033,0.002178,0.00121,0.009473,0.005837,0.015786,-0.007236,0.001037,0.000576,0.006501,0.002928,0.0055,0.003972,4,0.910885,0.998999,0.993499,0.566009,0.944123,0.80161,0.836377,0.02,0.0,1.0,0.0
64,-0.008339,0.002161,0.001201,-0.005567,0.003556,0.005388,-0.007234,0.000889,0.000494,0.00346,0.003428,0.006501,-0.012068,3,0.911243,0.996959,0.99654,0.558492,0.942976,0.804548,0.836442,0.02,0.0,1.0,0.0
65,-0.007407,0.002085,0.001158,-0.006412,0.001562,0.003702,-0.007733,0.000588,0.000327,0.000972,0.003432,0.00346,-0.009873,2,0.91264,0.997512,0.999028,0.553583,0.94357,0.807078,0.836409,0.02,0.0,1.0,0.0
66,-0.030678,0.001838,0.001021,-0.020261,-0.002802,0.018339,-0.006361,0.000203,0.000113,-0.004379,0.003088,0.000972,-0.021233,1,0.901152,0.994649,0.995621,0.553932,0.939041,0.793927,0.836647,0.02,0.0,1.0,0.0
67,0.009073,0.001692,0.00094,0.001405,-0.001961,0.000767,-0.001271,-0.000115,6.4e-05,-0.002921,0.002043,-0.004379,0.005784,11,0.919282,0.998542,0.997079,0.553431,0.944361,0.814087,0.836363,0.02,0.0,1.0,0.0
68,0.005515,0.001582,0.000879,0.005935,-0.000382,0.010475,0.000377,-0.00033,0.000183,-0.000689,0.001348,-0.002921,0.008856,10,0.910598,0.997768,0.999311,0.555863,0.943551,0.803857,0.83641,0.02,0.0,1.0,0.0
69,-0.015073,0.001356,0.000753,-0.009517,-0.002209,0.010822,-0.00031,-0.000486,0.00027,-0.002914,0.001063,-0.000689,-0.008828,9,0.910806,0.997775,0.997086,0.55988,0.943543,0.80325,0.83641,0.02,0.0,1.0,0.0
70,0.006041,0.001099,0.00061,0.004008,-0.000965,0.006119,-0.003984,-0.000685,0.000381,-0.00117,0.000506,-0.002914,0.006922,8,0.91635,0.998256,0.99883,0.557358,0.94446,0.809771,0.836357,0.02,0.0,1.0,0.0
71,0.006428,0.000972,0.00054,0.000222,-0.000728,0.006601,0.007653,-0.00064,0.000355,-0.000819,0.000271,-0.00117,0.001391,7,0.91792,0.999649,0.999181,0.550873,0.944966,0.812519,0.836327,0.02,0.0,1.0,0.0
72,0.016401,0.001193,0.000663,0.009885,0.001395,0.00337,0.008815,-0.000391,0.000217,0.001878,0.000119,-0.000819,0.010704,6,0.912891,0.997303,0.998122,0.56655,0.944817,0.804888,0.836336,0.02,0.0,1.0,0.0
73,-0.006654,0.00122,0.000678,-0.003309,0.000454,0.001471,-0.003302,-0.000262,0.000146,0.000571,0.000365,0.001878,-0.005187,5,0.916983,0.998693,0.999429,0.55465,0.945083,0.811457,0.83632,0.02,0.0,1.0,0.0
74,0.004742,0.00123,0.000683,0.007237,0.001811,0.020254,-0.011984,-0.000434,0.000241,0.002251,0.000394,0.000571,0.006666,4,0.908578,0.99832,0.997749,0.557577,0.94305,0.80042,0.836438,0.02,0.0,1.0,0.0
75,-0.005928,0.001134,0.00063,-0.003802,0.000688,0.007693,0.00069,-0.000526,0.000292,0.000726,0.000654,0.002251,-0.006053,3,0.913798,0.998475,0.999274,0.55565,0.944408,0.807381,0.83636,0.02,0.0,1.0,0.0
76,-0.005651,0.000941,0.000523,-0.009173,-0.001284,0.012029,-0.003312,-0.000656,0.000364,-0.001769,0.000664,0.000726,-0.009899,2,0.908083,0.997506,0.998231,0.556943,0.943088,0.80093,0.836436,0.02,0.0,1.0,0.0
77,-0.000939,0.0008,0.000445,-0.000511,-0.001129,0.003972,-0.003279,-0.000808,0.000449,-0.001452,0.000323,-0.001769,0.001257,1,0.918017,0.999683,0.998548,0.558056,0.945961,0.811527,0.836266,0.02,0.0,1.0,0.0
78,0.010564,0.000615,0.000342,0.004596,1.6e-05,0.010593,-0.007338,-0.001077,0.000598,7.2e-05,7.5e-05,-0.001452,0.006048,11,0.914045,0.998476,0.999928,0.553598,0.944036,0.807653,0.836382,0.02,0.0,1.0,0.0
79,0.001556,0.000389,0.000216,0.001634,0.000339,0.000437,0.00351,-0.001179,0.000655,0.000466,7.5e-05,7.2e-05,0.001562,10,0.918638,0.999606,0.999534,0.555719,0.946137,0.812949,0.836255,0.02,0.0,1.0,0.0
80,0.00718,0.000306,0.00017,0.004073,0.001086,0.002322,0.00328,-0.001153,0.000641,0.001375,0.000129,0.000466,0.003608,9,0.916667,0.999091,0.998625,0.558849,0.945695,0.810175,0.836283,0.02,0.0,1.0,0.0
81,-0.009517,0.000217,0.000121,-0.003296,0.00021,0.000992,0.001392,-0.001064,0.000591,0.000198,0.000304,0.001375,-0.004671,8,0.919649,0.998823,0.999802,0.555045,0.945372,0.814029,0.836303,0.02,0.0,1.0,0.0
82,-0.015036,0.000256,0.000142,-0.00383,-0.000598,0.011015,0.011866,-0.000704,0.000391,-0.000817,0.000289,0.000198,-0.004028,7,0.916168,0.998985,0.999183,0.556939,0.944725,0.809106,0.836341,0.02,0.0,1.0,0.0
83,0.00936,0.000293,0.000163,0.006529,0.000827,0.009572,-0.005354,-0.000551,0.000306,0.001034,0.000134,-0.000817,0.007346,6,0.914159,0.998149,0.998966,0.550406,0.943282,0.808507,0.836425,0.02,0.0,1.0,0.0
84,-0.004952,0.000247,0.000137,-0.00669,-0.000676,0.000889,-0.011524,-0.000711,0.000395,-0.000912,0.00026,0.001034,-0.007724,5,0.913646,0.998054,0.999088,0.559198,0.945054,0.807268,0.836322,0.02,0.0,1.0,0.0
85,0.007507,0.000375,0.000209,0.003853,0.00023,0.003132,0.008217,-0.00062,0.000344,0.000289,9.6e-05,-0.000912,0.004765,4,0.918789,0.998799,0.999711,0.5636,0.946178,0.811337,0.836253,0.02,0.0,1.0,0.0
86,-0.007601,0.000386,0.000215,-0.003037,-0.000424,0.002212,0.002416,-0.0005,0.000278,-0.00055,0.000123,0.000289,-0.003326,3,0.919246,0.999162,0.99945,0.556205,0.945647,0.813306,0.836286,0.02,0.0,1.0,0.0
87,-0.010624,0.000268,0.000149,-0.011234,-0.002586,0.000901,-0.016722,-0.000773,0.00043,-0.003242,2.9e-05,-0.00055,-0.010685,2,0.911484,0.997308,0.996758,0.559698,0.943953,0.805007,0.836387,0.02,0.0,1.0,0.0
88,-0.018633,-9.9e-05,5.5e-05,-0.008595,-0.003788,0.007923,-0.016714,-0.001325,0.000736,-0.004591,-0.000429,-0.003242,-0.005353,1,0.919376,0.998651,0.995409,0.557478,0.943958,0.812513,0.836386,0.02,0.0,1.0,0.0
89,0.008864,-0.000305,0.00017,-0.000758,-0.003182,0.005716,0.002394,-0.001632,0.000907,-0.003625,-0.001012,-0.004591,0.003833,11,0.916904,0.999034,0.996375,0.562172,0.945246,0.80938,0.83631,0.02,0.0,1.0,0.0
90,0.011375,-0.000437,0.000243,0.005244,-0.001497,0.00325,0.003194,-0.00174,0.000967,-0.00139,-0.001378,-0.003625,0.008869,10,0.915075,0.997765,0.99861,0.562522,0.944835,0.807754,0.836335,0.02,0.0,1.0,0.0
91,-0.025135,-0.000697,0.000387,-0.017661,-0.004729,0.022163,0.001322,-0.001748,0.000971,-0.00549,-0.001379,-0.00139,-0.016271,9,0.902054,0.9959,0.99451,0.557067,0.939939,0.793696,0.836603,0.02,0.0,1.0,0.0
92,-0.018171,-0.00102,0.000567,-0.005055,-0.004795,0.004353,-0.002475,-0.001773,0.000985,-0.00538,-0.001955,-0.00549,0.000435,8,0.916718,0.99989,0.99462,0.558742,0.945325,0.810008,0.836305,0.02,0.0,1.0,0.0
93,0.011106,-0.001214,0.000674,0.008056,-0.002224,0.002003,0.012808,-0.001463,0.000813,-0.001995,-0.002434,-0.00538,0.013437,7,0.911754,0.996614,0.998005,0.562985,0.94383,0.804519,0.836394,0.02,0.0,1.0,0.0
94,-0.010889,-0.001545,0.000858,-0.004233,-0.002626,0.007724,0.0041,-0.00111,0.000616,-0.002559,-0.002373,-0.001995,-0.002238,6,0.915679,0.999436,0.997441,0.552375,0.944451,0.809859,0.836358,0.02,0.0,1.0,0.0
95,0.004406,-0.001816,0.001009,0.0019,-0.001721,0.006763,-0.007081,-0.000999,0.000555,-0.001435,-0.002399,-0.002559,0.004459,5,0.917097,0.998876,0.998565,0.554936,0.944574,0.81091,0.83635,0.02,0.0,1.0,0.0
96,-0.008224,-0.002169,0.001205,-0.004959,-0.002369,0.000193,-0.005563,-0.001034,0.000574,-0.002323,-0.002264,-0.001435,-0.003524,4,0.917502,0.999112,0.997677,0.560421,0.945834,0.811003,0.836274,0.02,0.0,1.0,0.0
97,0.006413,-0.00236,0.001311,-0.004604,-0.002816,0.010131,0.001504,-0.000998,0.000555,-0.002898,-0.002272,-0.002323,-0.002281,3,0.912404,0.999425,0.997102,0.555266,0.944476,0.805799,0.836356,0.02,0.0,1.0,0.0
98,0.007031,-0.002363,0.001313,-0.00226,-0.002705,0.003869,-0.001705,-0.000977,0.000543,-0.002737,-0.00236,-0.002898,0.000637,2,0.91631,0.999839,0.997263,0.55634,0.945573,0.810191,0.83629,0.02,0.0,1.0,0.0
99,-0.007625,-0.002493,0.001385,0.003777,-0.001408,0.001799,0.011588,-0.000679,0.000377,-0.001096,-0.002413,-0.002737,0.006514,1,0.912601,0.998358,0.998904,0.555689,0.944708,0.806854,0.836342,0.02,0.0,1.0,0.0
100,-0.012769,-0.002666,0.001481,-0.001367,-0.0014,0.00516,-3.9e-05,-0.000447,0.000248,-0.001164,-0.002228,-0.001096,-0.000271,11,0.915398,0.999932,0.998836,0.557937,0.946072,0.808872,0.83626,0.02,0.0,1.0,0.0
101,-0.001045,-0.002883,0.001602,-0.002242,-0.001568,0.002539,-0.000864,-0.000286,0.000159,-0.001436,-0.002079,-0.001164,-0.001078,10,0.917611,0.999728,0.998564,0.562008,0.946556,0.810614,0.836229,0.02,0.0,1.0,0.0
102,-0.011143,-0.0031,0.001722,0.000901,-0.001074,0.001438,0.010093,7.3e-05,4.1e-05,-0.000847,-0.001989,-0.001436,0.002337,9,0.913697,0.999411,0.999153,0.555378,0.9457,0.808099,0.836283,0.02,0.0,1.0,0.0
103,-0.005654,-0.003254,0.001808,-0.000498,-0.000959,0.009214,0.013674,0.000636,0.000354,-0.000759,-0.001829,-0.000847,0.000348,8,0.91878,0.999912,0.999241,0.555334,0.945434,0.812308,0.836299,0.02,0.0,1.0,0.0
104,0.000703,-0.003244,0.001802,-0.000866,-0.000941,0.005735,0.006041,0.001163,0.000646,-0.000786,-0.001679,-0.000759,-0.000107,7,0.918369,0.999973,0.999214,0.557621,0.946051,0.811815,0.836261,0.02,0.0,1.0,0.0
105,-0.005942,-0.003346,0.001859,-0.009137,-0.00258,0.001665,-0.011566,0.001254,0.000697,-0.00289,-0.001554,-0.000786,-0.008351,6,0.913346,0.997896,0.99711,0.557609,0.944107,0.807241,0.836378,0.02,0.0,1.0,0.0
106,0.002131,-0.003506,0.001948,-0.000915,-0.002247,0.006479,-0.005914,0.001146,0.000637,-0.002393,-0.001741,-0.00289,0.001975,5,0.916981,0.999502,0.997607,0.559034,0.945386,0.810086,0.836302,0.02,0.0,1.0,0.0
107,-0.00989,-0.003532,0.001962,0.001804,-0.001437,0.011834,-0.003464,0.000971,0.000539,-0.001335,-0.001832,-0.002393,0.004197,4,0.911256,0.998942,0.998665,0.562978,0.945104,0.803032,0.836319,0.02,0.0,1.0,0.0
108,0.000223,-0.003417,0.001898,-0.008589,-0.002867,0.014495,0.002228,0.000886,0.000492,-0.003163,-0.001763,-0.001335,-0.007254,3,0.908922,0.998172,0.996837,0.560855,0.943544,0.80081,0.83641,0.02,0.0,1.0,0.0
109,-0.003745,-0.003427,0.001904,-0.003897,-0.003073,0.009031,0.005784,0.000928,0.000515,-0.003348,-0.001959,-0.003163,-0.000734,2,0.915552,0.999815,0.996652,0.551787,0.944377,0.809763,0.836362,0.02,0.0,1.0,0.0
110,-0.025737,-0.003547,0.001971,-0.014891,-0.005437,0.013541,-0.001361,0.000905,0.000503,-0.006257,-0.002153,-0.003348,-0.011543,1,0.908474,0.997091,0.993743,0.554136,0.941201,0.801747,0.836538,0.02,0.0,1.0,0.0
111,0.02013,-0.003535,0.001964,0.008536,-0.002642,0.00186,0.011481,0.001146,0.000637,-0.002529,-0.002728,-0.006257,0.014793,11,0.912233,0.996272,0.997471,0.557754,0.942728,0.806089,0.836456,0.02,0.0,1.0,0.0
112,-0.006124,-0.003509,0.001949,0.003936,-0.001326,0.004191,0.008499,0.001506,0.000837,-0.0009,-0.0027,-0.002529,0.006465,10,0.912033,0.998371,0.9991,0.55025,0.943825,0.807038,0.836394,0.02,0.0,1.0,0.0
113,-0.004086,-0.003564,0.00198,0.00086,-0.000889,0.002228,0.010025,0.001957,0.001087,-0.000456,-0.002448,-0.0009,0.00176,9,0.916851,0.999556,0.999544,0.56037,0.94635,0.810126,0.836242,0.02,0.0,1.0,0.0
114,-0.009895,-0.00374,0.002078,-0.003194,-0.00135,0.008297,-0.009736,0.002017,0.001121,-0.001146,-0.002169,-0.000456,-0.002737,8,0.91723,0.99931,0.998854,0.556767,0.944998,0.810524,0.836325,0.02,0.0,1.0,0.0
115,-1.7e-05,-0.003838,0.002132,-0.001685,-0.001417,0.000792,-0.000356,0.002007,0.001115,-0.001282,-0.002026,-0.001146,-0.000539,7,0.919154,0.999864,0.998718,0.560617,0.9466,0.812545,0.836226,0.02,0.0,1.0,0.0
116,0.00505,-0.00379,0.002106,0.002704,-0.000593,0.001842,0.007993,0.00214,0.001189,-0.000278,-0.001922,-0.001282,0.003986,6,0.917625,0.998996,0.999722,0.560048,0.945867,0.811,0.836272,0.02,0.0,1.0,0.0
117,0.005975,-0.003695,0.002053,0.002202,-3.4e-05,0.001097,-6.3e-05,0.002175,0.001208,0.000347,-0.001692,-0.000278,0.00248,5,0.918832,0.999375,0.999653,0.56027,0.946288,0.812242,0.836246,0.02,0.0,1.0,0.0
118,0.002443,-0.00351,0.00195,0.001977,0.000368,0.010108,0.014698,0.002482,0.001379,0.000758,-0.001406,0.000347,0.00163,4,0.918305,0.999589,0.999242,0.552741,0.944673,0.812132,0.836345,0.02,0.0,1.0,0.0
119,0.005178,-0.003266,0.001814,0.001694,0.000634,0.00308,0.007181,0.00282,0.001567,0.000994,-0.001103,0.000758,0.000936,3,0.919225,0.999764,0.999006,0.560126,0.946294,0.812396,0.836246,0.02,0.0,1.0,0.0
120,0.00037,-0.003054,0.001696,0.001216,0.00075,0.001855,0.001321,0.003039,0.001688,0.00105,-0.00081,0.000994,0.000222,2,0.917843,0.999944,0.99895,0.555937,0.94605,0.811927,0.836261,0.02,0.0,1.0,0.0
121,-0.019953,-0.002972,0.001651,-0.01441,-0.002282,0.008263,-0.00668,0.002978,0.001654,-0.002845,-0.000549,0.00105,-0.01546,1,0.909788,0.996105,0.997155,0.559899,0.94214,0.802415,0.836488,0.02,0.0,1.0,0.0
122,-0.005567,-0.002957,0.001643,-0.00491,-0.002807,0.008128,0.003488,0.002951,0.001639,-0.003365,-0.000871,-0.002845,-0.002064,11,0.91508,0.99948,0.996635,0.561732,0.945286,0.807375,0.836308,0.02,0.0,1.0,0.0
123,-0.018139,-0.003007,0.00167,-0.013703,-0.004987,0.010368,-0.004592,0.002751,0.001528,-0.00597,-0.00122,-0.003365,-0.010337,10,0.90952,0.997395,0.99403,0.558508,0.942291,0.802194,0.83648,0.02,0.0,1.0,0.0
124,0.017226,-0.002923,0.001624,0.006303,-0.002729,0.001828,0.003015,0.002616,0.001453,-0.002878,-0.001885,-0.00597,0.012273,9,0.916204,0.996908,0.997122,0.550708,0.942344,0.811304,0.836477,0.02,0.0,1.0,0.0
125,-0.002392,-0.002838,0.001577,-0.010433,-0.00427,0.020853,0.005867,0.002596,0.001442,-0.004781,-0.002024,-0.002878,-0.007556,8,0.905364,0.998096,0.995219,0.558355,0.942218,0.796917,0.836484,0.02,0.0,1.0,0.0
126,-0.000212,-0.002573,0.001429,0.001134,-0.003189,0.008119,-0.005206,0.002396,0.001331,-0.003291,-0.00241,-0.004781,0.005915,7,0.914818,0.998509,0.996709,0.55653,0.943845,0.808122,0.836393,0.02,0.0,1.0,0.0
127,-0.007642,-0.002548,0.001415,-0.009336,-0.004418,0.003308,-0.008262,0.001999,0.001111,-0.004814,-0.002533,-0.003291,-0.006045,6,0.913852,0.998477,0.995186,0.557264,0.944033,0.807568,0.836382,0.02,0.0,1.0,0.0
128,0.018826,-0.002338,0.001299,0.009195,-0.001696,0.019193,-0.00756,0.001492,0.000829,-0.001284,-0.002853,-0.004814,0.014009,5,0.906038,0.99647,0.998716,0.552151,0.940962,0.799,0.836551,0.02,0.0,1.0,0.0
129,-0.00308,-0.002146,0.001192,0.000171,-0.001322,0.005843,0.011677,0.00137,0.000761,-0.000918,-0.002633,-0.001284,0.001455,4,0.919457,0.999633,0.999082,0.559817,0.946003,0.812433,0.836264,0.02,0.0,1.0,0.0
130,-0.001183,-0.001912,0.001062,0.000984,-0.000861,0.004818,-0.003466,0.001181,0.000656,-0.000438,-0.002393,-0.000918,0.001902,3,0.917246,0.999521,0.999562,0.556394,0.9457,0.810989,0.836283,0.02,0.0,1.0,0.0
131,0.004946,-0.001669,0.000927,0.004477,0.000207,0.001605,0.009583,0.001239,0.000688,0.0008,-0.002119,-0.000438,0.004916,2,0.914024,0.998761,0.9992,0.559177,0.945574,0.807582,0.83629,0.02,0.0,1.0,0.0
132,0.016632,-0.001368,0.00076,0.017295,0.003624,0.006732,0.020331,0.001713,0.000952,0.004957,-0.00171,0.0008,0.016495,1,0.905019,0.995844,0.995043,0.555238,0.941148,0.798726,0.836541,0.02,0.0,1.0,0.0
133,0.012776,-0.001052,0.000584,0.009362,0.004772,0.011383,-0.001313,0.001982,0.001101,0.006067,-0.000777,0.004957,0.004405,11,0.91148,0.99889,0.993933,0.553563,0.943022,0.80497,0.83644,0.02,0.0,1.0,0.0
134,0.011425,-0.000707,0.000393,0.010453,0.005908,0.012713,-0.001963,0.00209,0.001161,0.007172,0.000181,0.006067,0.004387,10,0.910602,0.998895,0.992828,0.557632,0.94317,0.803157,0.836431,0.02,0.0,1.0,0.0
135,0.000232,-0.00044,0.000244,0.003012,0.005329,0.003622,0.00582,0.002243,0.001246,0.006124,0.00116,0.007172,-0.00416,9,0.918559,0.998952,0.993876,0.555325,0.943986,0.812536,0.836385,0.02,0.0,1.0,0.0
136,0.013183,-0.000109,6.1e-05,0.010587,0.006381,0.009687,0.001536,0.00233,0.001295,0.007248,0.001855,0.006124,0.004463,8,0.911809,0.998875,0.992752,0.552811,0.942842,0.805583,0.83645,0.02,0.0,1.0,0.0
137,0.023359,0.000507,0.000282,0.019131,0.008931,0.029888,-0.011958,0.002062,0.001145,0.010242,0.00261,0.007248,0.011883,7,0.901098,0.997006,0.989758,0.561108,0.939715,0.791099,0.836614,0.02,0.0,1.0,0.0
138,0.010443,0.001169,0.00065,0.006591,0.008463,0.003263,0.008589,0.002028,0.001127,0.009322,0.003678,0.010242,-0.003651,6,0.918484,0.99908,0.990678,0.553594,0.943237,0.812862,0.836428,0.02,0.0,1.0,0.0
139,0.008219,0.00195,0.001083,0.006101,0.00799,0.010036,0.014042,0.002279,0.001266,0.008511,0.004469,0.009322,-0.003221,5,0.916819,0.999188,0.991489,0.553586,0.942857,0.810461,0.836449,0.02,0.0,1.0,0.0
140,-0.009768,0.002434,0.001352,-0.000321,0.006328,0.002097,3e-05,0.002402,0.001335,0.006286,0.005034,0.008511,-0.008831,4,0.917113,0.997775,0.993714,0.557394,0.943208,0.810911,0.836429,0.02,0.0,1.0,0.0
141,0.009858,0.002952,0.00164,0.012464,0.007555,0.014113,-0.000677,0.002425,0.001347,0.007842,0.00521,0.006286,0.006178,3,0.909059,0.998443,0.992158,0.557548,0.942398,0.801519,0.836474,0.02,0.0,1.0,0.0
142,-0.002132,0.003393,0.001885,-0.001688,0.005707,0.001695,-0.007998,0.002191,0.001217,0.005441,0.005578,0.007842,-0.009531,2,0.916646,0.997599,0.994559,0.554108,0.942845,0.811152,0.83645,0.02,0.0,1.0,0.0
143,-0.000329,0.003837,0.002132,-0.000707,0.004424,0.005074,0.001292,0.001998,0.00111,0.003892,0.005559,0.005441,-0.006148,1,0.915441,0.998451,0.996108,0.555912,0.943837,0.809255,0.836393,0.02,0.0,1.0,0.0
144,-0.007582,0.004029,0.002238,-0.003172,0.002905,0.008607,0.005117,0.001929,0.001072,0.002112,0.005326,0.003892,-0.007064,11,0.914413,0.99822,0.997888,0.552254,0.943243,0.808542,0.836427,0.02,0.0,1.0,0.0
145,0.021554,0.004383,0.002435,0.008986,0.004121,0.011044,-0.007389,0.001678,0.000932,0.003844,0.004876,0.002112,0.006875,10,0.914378,0.998268,0.996156,0.558597,0.943461,0.807058,0.836415,0.02,0.0,1.0,0.0
146,0.003672,0.00473,0.002628,0.004542,0.004205,0.005736,0.003935,0.001546,0.000859,0.00402,0.004731,0.003844,0.000698,9,0.913963,0.999824,0.99598,0.561081,0.945586,0.806772,0.836289,0.02,0.0,1.0,0.0
147,-0.022798,0.004828,0.002682,-0.015786,0.000207,0.016198,6.7e-05,0.001423,0.000791,-0.000971,0.004632,0.00402,-0.019806,8,0.905599,0.995009,0.999029,0.553093,0.940018,0.798784,0.836599,0.02,0.0,1.0,0.0
148,-0.025256,0.0046,0.002556,-0.00742,-0.001319,0.014097,0.013601,0.001609,0.000894,-0.002596,0.003847,-0.000971,-0.006449,7,0.914142,0.998375,0.997404,0.555103,0.943121,0.80716,0.836434,0.02,0.0,1.0,0.0
149,0.005586,0.004346,0.002414,0.002467,-0.000561,0.002187,-0.002368,0.001648,0.000916,-0.00132,0.002945,-0.002596,0.005064,6,0.918926,0.998724,0.99868,0.559575,0.945317,0.812395,0.836306,0.02,0.0,1.0,0.0
150,-0.002552,0.004017,0.002232,-0.000354,-0.00052,0.000677,-0.000604,0.001633,0.000907,-0.001077,0.002348,-0.00132,0.000966,5,0.919254,0.999756,0.998923,0.558718,0.946337,0.813044,0.836243,0.02,0.0,1.0,0.0
151,-0.002756,0.003705,0.002058,0.007262,0.001036,0.008488,0.009594,0.001813,0.001007,0.001024,0.001868,-0.001077,0.008338,4,0.908366,0.997899,0.998976,0.561899,0.944368,0.800674,0.836363,0.02,0.0,1.0,0.0
152,0.002437,0.00335,0.001861,0.005277,0.001884,0.001601,0.004808,0.00202,0.001122,0.002096,0.00175,0.001024,0.004252,3,0.916441,0.998928,0.997904,0.556334,0.945021,0.810543,0.836324,0.02,0.0,1.0,0.0
153,-0.002394,0.002845,0.00158,0.000514,0.00161,0.002807,0.003186,0.002186,0.001215,0.001697,0.001799,0.002096,-0.001582,2,0.918768,0.999601,0.998303,0.553728,0.945297,0.813208,0.836307,0.02,0.0,1.0,0.0
154,0.016454,0.002445,0.001358,0.009617,0.003212,0.002574,0.006385,0.002407,0.001337,0.003693,0.001784,0.001697,0.00792,1,0.914918,0.998004,0.996307,0.563767,0.94468,0.807453,0.836344,0.02,0.0,1.0,0.0
155,0.016046,0.002152,0.001195,0.008664,0.004302,0.003329,0.004736,0.002612,0.001451,0.004945,0.002052,0.003693,0.004972,11,0.915609,0.998747,0.995055,0.55656,0.944151,0.809411,0.836375,0.02,0.0,1.0,0.0
156,0.008935,0.002034,0.00113,0.005343,0.00451,0.003651,-0.000588,0.002668,0.001482,0.005046,0.002457,0.004945,0.000398,10,0.917909,0.9999,0.994954,0.556531,0.945131,0.811675,0.836317,0.02,0.0,1.0,0.0
157,0.012034,0.001947,0.001082,0.006146,0.004838,0.010577,-0.008504,0.00246,0.001367,0.005323,0.002819,0.005046,0.001101,9,0.915441,0.999723,0.994677,0.56135,0.94488,0.807539,0.836332,0.02,0.0,1.0,0.0
158,-0.009049,0.001818,0.00101,0.000545,0.003979,0.004325,0.005362,0.00238,0.001322,0.004119,0.00317,0.005323,-0.004778,8,0.918246,0.998796,0.995881,0.556985,0.94435,0.811861,0.836364,0.02,0.0,1.0,0.0
159,-0.002909,0.001686,0.000937,0.00634,0.004451,0.006814,0.003223,0.002338,0.001299,0.004679,0.003303,0.004119,0.002221,7,0.913131,0.999441,0.995321,0.550566,0.943822,0.807691,0.836394,0.02,0.0,1.0,0.0
160,0.019487,0.001772,0.000985,0.014073,0.006375,0.011922,0.002913,0.002321,0.00129,0.007046,0.003495,0.004679,0.009394,6,0.909104,0.997633,0.992954,0.555579,0.941846,0.802153,0.836504,0.02,0.0,1.0,0.0
161,0.00688,0.001738,0.000966,0.005973,0.006295,0.009117,-0.005667,0.002144,0.001191,0.006775,0.003992,0.007046,-0.001072,5,0.91566,0.99973,0.993225,0.555314,0.944008,0.809077,0.836384,0.02,0.0,1.0,0.0
162,0.014284,0.001788,0.000993,0.004253,0.005887,0.010839,-0.011395,0.001702,0.000945,0.00614,0.004382,0.006775,-0.002523,4,0.917248,0.999364,0.99386,0.563274,0.94463,0.808989,0.836347,0.02,0.0,1.0,0.0
163,-0.003918,0.001973,0.001096,0.002555,0.00522,0.005498,-0.002907,0.001266,0.000703,0.005236,0.004628,0.00614,-0.003585,3,0.917453,0.999097,0.994764,0.553565,0.943907,0.811655,0.836389,0.02,0.0,1.0,0.0
164,0.006294,0.002373,0.001318,0.002527,0.004681,0.003283,-0.003775,0.000838,0.000465,0.004554,0.004713,0.005236,-0.00271,2,0.919348,0.999317,0.995446,0.557601,0.944934,0.813062,0.836329,0.02,0.0,1.0,0.0
165,0.011584,0.002769,0.001539,0.014373,0.00662,0.009463,0.008925,0.000714,0.000397,0.007028,0.004691,0.004554,0.00982,1,0.908203,0.997525,0.992972,0.560804,0.94263,0.800647,0.836462,0.02,0.0,1.0,0.0
166,0.00989,0.003212,0.001784,0.013361,0.007968,0.003015,0.012238,0.000895,0.000497,0.008624,0.005018,0.007028,0.006333,11,0.912558,0.998404,0.991376,0.561708,0.943747,0.805541,0.836399,0.02,0.0,1.0,0.0
167,-0.00568,0.003579,0.001988,-0.001211,0.006132,0.002184,-0.001913,0.000961,0.000534,0.006146,0.005523,0.008624,-0.009835,10,0.915957,0.997522,0.993854,0.552461,0.942428,0.810796,0.836473,0.02,0.0,1.0,0.0
168,-0.002762,0.003864,0.002146,0.001275,0.005161,0.004573,0.001486,0.001017,0.000565,0.004918,0.00561,0.006146,-0.00487,9,0.916077,0.998773,0.995082,0.558419,0.944293,0.809526,0.836367,0.02,0.0,1.0,0.0
169,-0.008365,0.004069,0.002261,-0.006164,0.002896,0.015885,0.00808,0.001226,0.000681,0.002125,0.005513,0.004918,-0.011083,8,0.909495,0.997207,0.997875,0.556997,0.942274,0.801963,0.836481,0.02,0.0,1.0,0.0
170,-0.024672,0.003941,0.00219,-0.010085,0.0003,0.010134,0.002148,0.001395,0.000775,-0.000952,0.005039,0.002125,-0.012211,7,0.912121,0.996923,0.999048,0.560236,0.94317,0.804594,0.836431,0.02,0.0,1.0,0.0
171,0.012388,0.003802,0.002112,0.003264,0.000893,0.003371,0.004458,0.001587,0.000882,0.000111,0.0042,-0.000952,0.004216,6,0.919374,0.998938,0.999889,0.559712,0.945693,0.812676,0.836283,0.02,0.0,1.0,0.0
172,0.001833,0.003625,0.002014,-0.001641,0.000386,0.00584,0.002237,0.001728,0.00096,-0.000331,0.003628,0.000111,-0.001752,5,0.915762,0.999559,0.999669,0.556487,0.945594,0.809392,0.836289,0.02,0.0,1.0,0.0
173,0.010184,0.003456,0.00192,0.010364,0.002381,0.009087,0.003773,0.001881,0.001045,0.002364,0.003074,-0.000331,0.010694,4,0.910628,0.997305,0.997636,0.55906,0.943167,0.803398,0.836432,0.02,0.0,1.0,0.0
174,0.01005,0.003451,0.001917,0.004,0.002705,0.003788,-0.003199,0.001878,0.001043,0.002776,0.002974,0.002364,0.001635,3,0.918905,0.999588,0.997224,0.563308,0.94611,0.811452,0.836257,0.02,0.0,1.0,0.0
175,-0.019932,0.003318,0.001843,-0.013774,-0.000591,0.007922,-0.009373,0.001613,0.000896,-0.001394,0.002946,0.002776,-0.01655,2,0.90848,0.99583,0.998606,0.557055,0.94193,0.801771,0.8365,0.02,0.0,1.0,0.0
176,0.013395,0.003156,0.001753,0.009578,0.001443,0.012091,0.002513,0.001439,0.0008,0.001371,0.002339,-0.001394,0.010972,1,0.908343,0.997235,0.998629,0.556378,0.942748,0.801309,0.836455,0.02,0.0,1.0,0.0
177,0.006548,0.003011,0.001673,0.000517,0.001258,0.00502,-0.011344,0.001022,0.000568,0.001155,0.002203,0.001371,-0.000854,11,0.918779,0.999785,0.998845,0.557406,0.945856,0.812347,0.836273,0.02,0.0,1.0,0.0
178,0.018479,0.002914,0.001619,0.011107,0.003228,0.000862,0.012382,0.000973,0.000541,0.003663,0.002057,0.001155,0.009952,10,0.913788,0.997492,0.996337,0.559065,0.943857,0.807498,0.836392,0.02,0.0,1.0,0.0
179,0.016123,0.00298,0.001655,0.010464,0.004675,0.003475,0.01517,0.001255,0.000697,0.005377,0.002281,0.003663,0.0068,9,0.916456,0.998286,0.994623,0.557528,0.943775,0.810156,0.836397,0.02,0.0,1.0,0.0
180,-0.006748,0.00294,0.001633,-0.003016,0.003137,0.002441,-0.003459,0.001354,0.000752,0.003262,0.002715,0.005377,-0.008393,8,0.915392,0.997885,0.996738,0.559902,0.944235,0.808749,0.83637,0.02,0.0,1.0,0.0
181,0.007065,0.00287,0.001595,0.005961,0.003701,0.003622,0.010178,0.001635,0.000909,0.003942,0.002791,0.003262,0.002699,7,0.918778,0.99932,0.996058,0.555028,0.944677,0.812914,0.836344,0.02,0.0,1.0,0.0
182,0.026356,0.002933,0.001629,0.016694,0.0063,0.018378,-0.003843,0.001711,0.00095,0.007155,0.002953,0.003942,0.012752,6,0.906737,0.996787,0.992845,0.547567,0.939507,0.800664,0.836624,0.02,0.0,1.0,0.0
183,0.001156,0.003039,0.001688,-0.001397,0.004761,0.00382,-0.007922,0.001545,0.000858,0.005,0.003541,0.007155,-0.008552,5,0.918443,0.997845,0.995,0.55906,0.943598,0.8118,0.836407,0.02,0.0,1.0,0.0
184,0.003009,0.003176,0.001764,-0.000485,0.003712,0.003479,-0.009996,0.001163,0.000646,0.003618,0.003745,0.005,-0.005485,4,0.917535,0.998618,0.996382,0.559446,0.944667,0.810882,0.836345,0.02,0.0,1.0,0.0
185,-0.002206,0.003342,0.001857,-0.000664,0.002836,0.00245,-0.007237,0.000704,0.000391,0.002539,0.003727,0.003618,-0.004282,3,0.918262,0.998921,0.997461,0.553731,0.944584,0.812838,0.83635,0.02,0.0,1.0,0.0
186,-0.002559,0.003655,0.002031,-0.000688,0.002132,0.005182,0.0049,0.00048,0.000267,0.001726,0.003561,0.002539,-0.003227,2,0.91758,0.999187,0.998274,0.551576,0.944486,0.812286,0.836356,0.02,0.0,1.0,0.0
187,0.006445,0.003885,0.002159,0.004669,0.002639,0.005553,-0.006699,0.00016,8.9e-05,0.002467,0.003304,0.001726,0.002943,1,0.918561,0.999258,0.997533,0.560234,0.945404,0.811605,0.836301,0.02,0.0,1.0,0.0
188,0.00949,0.004145,0.002303,0.008642,0.00384,0.005921,0.004065,2.1e-05,1.2e-05,0.004024,0.003187,0.002467,0.006174,11,0.913303,0.998444,0.995976,0.563542,0.944709,0.805692,0.836342,0.02,0.0,1.0,0.0
189,0.012614,0.004393,0.00244,0.011003,0.005272,0.006951,0.004753,1.9e-05,1.1e-05,0.005783,0.003304,0.004024,0.006979,10,0.912608,0.998241,0.994217,0.556937,0.943264,0.806146,0.836426,0.02,0.0,1.0,0.0
190,-0.019323,0.00439,0.002439,-0.007542,0.002709,0.014873,0.00889,0.000206,0.000114,0.002424,0.003651,0.005783,-0.013325,9,0.910605,0.996642,0.997576,0.558131,0.941961,0.803034,0.836498,0.02,0.0,1.0,0.0
191,0.000808,0.004543,0.002524,0.001526,0.002473,0.002234,0.00041,0.000347,0.000193,0.002198,0.003479,0.002424,-0.000898,8,0.917841,0.999774,0.997802,0.560386,0.946209,0.811229,0.836251,0.02,0.0,1.0,0.0
192,-0.010186,0.004501,0.0025,-0.004805,0.001017,0.007674,0.002636,0.0005,0.000278,0.000433,0.0033,0.002198,-0.007003,7,0.91427,0.998235,0.999567,0.553106,0.943835,0.808433,0.836394,0.02,0.0,1.0,0.0
193,-0.000199,0.004413,0.002452,0.000708,0.000955,0.000201,0.004185,0.000686,0.000381,0.000503,0.002899,0.000433,0.000275,6,0.918532,0.999931,0.999497,0.563448,0.947247,0.811539,0.836185,0.02,0.0,1.0,0.0
194,0.009131,0.004266,0.00237,0.009089,0.002582,0.008977,0.00415,0.000897,0.000498,0.002666,0.002563,0.000503,0.008587,5,0.910471,0.997836,0.997334,0.558842,0.943572,0.803372,0.836409,0.02,0.0,1.0,0.0
195,-0.010017,0.00394,0.002189,0.001508,0.002367,0.008314,-0.001379,0.000994,0.000552,0.002374,0.002578,0.002666,-0.001159,4,0.914032,0.999708,0.997626,0.555307,0.944952,0.807663,0.836328,0.02,0.0,1.0,0.0
196,0.008688,0.003769,0.002094,0.007928,0.003479,0.003427,0.003511,0.001119,0.000622,0.003774,0.002549,0.002374,0.005553,3,0.915748,0.998601,0.996226,0.559419,0.944602,0.809124,0.836349,0.02,0.0,1.0,0.0
197,0.00592,0.003611,0.002006,0.002022,0.003188,0.006461,0.004665,0.001287,0.000715,0.003332,0.002721,0.003774,-0.001751,2,0.915954,0.999559,0.996668,0.559915,0.945337,0.808888,0.836305,0.02,0.0,1.0,0.0
198,0.008091,0.003334,0.001852,0.00928,0.004406,0.014509,-0.007557,0.001213,0.000674,0.004831,0.002806,0.003332,0.005947,1,0.91164,0.998501,0.995169,0.557219,0.943041,0.804198,0.836439,0.02,0.0,1.0,0.0
199,0.005701,0.003124,0.001736,0.00598,0.004721,0.003435,0.010745,0.001387,0.00077,0.005121,0.00309,0.004831,0.001149,11,0.91833,0.99971,0.994879,0.552945,0.944546,0.812902,0.836352,0.02,0.0,1.0,0.0
200,-0.030818,0.002686,0.001492,-0.015756,0.000626,0.021864,0.004407,0.001579,0.000877,-0.00014,0.003374,0.005121,-0.020876,10,0.90275,0.994739,0.99986,0.557277,0.940013,0.794449,0.836599,0.02,0.0,1.0,0.0
201,-0.012969,0.00222,0.001233,-0.009405,-0.00138,0.006895,-0.002944,0.001629,0.000905,-0.002474,0.002882,-0.00014,-0.009265,9,0.912562,0.997665,0.997526,0.562905,0.944178,0.804823,0.836374,0.02,0.0,1.0,0.0
202,-0.010198,0.001752,0.000974,-0.002036,-0.001512,0.007079,-0.00431,0.001519,0.000844,-0.002364,0.002132,-0.002474,0.000438,8,0.915821,0.99989,0.997636,0.558913,0.945717,0.808813,0.836281,0.02,0.0,1.0,0.0
203,-0.016053,0.001172,0.000651,-0.012609,-0.003731,0.01204,-0.001536,0.001357,0.000754,-0.004945,0.001503,-0.002364,-0.010245,7,0.909298,0.997419,0.995055,0.561033,0.942798,0.801335,0.836452,0.02,0.0,1.0,0.0
204,0.010441,0.000669,0.000372,0.0044,-0.002105,0.000599,0.005745,0.001344,0.000746,-0.002591,0.0006,-0.004945,0.009345,6,0.916324,0.997645,0.997409,0.561923,0.94465,0.809436,0.836346,0.02,0.0,1.0,0.0
205,0.000974,0.000138,7.7e-05,0.001796,-0.001325,0.008476,0.014756,0.001629,0.000905,-0.001485,0.000153,-0.002591,0.004386,5,0.919617,0.998895,0.998515,0.557549,0.944774,0.812664,0.836339,0.02,0.0,1.0,0.0
206,0.008496,-0.00012,6.6e-05,0.004984,-6.3e-05,0.003195,0.002937,0.00187,0.001039,0.000145,-7.6e-05,-0.001485,0.00647,4,0.915855,0.99837,0.999855,0.554586,0.944696,0.810032,0.836343,0.02,0.0,1.0,0.0
207,-0.000108,-0.000353,0.000196,0.003861,0.000722,0.004369,0.004766,0.00212,0.001178,0.001081,-4.5e-05,0.000145,0.003717,3,0.913867,0.999064,0.998919,0.555987,0.945165,0.807641,0.836315,0.02,0.0,1.0,0.0
208,-0.018857,-0.000624,0.000347,-0.014038,-0.00223,0.010394,-0.007251,0.002101,0.001167,-0.002728,0.000112,0.001081,-0.015119,2,0.907593,0.99619,0.997272,0.554207,0.941483,0.801051,0.836524,0.02,0.0,1.0,0.0
209,0.015468,-0.000745,0.000414,0.004739,-0.000836,0.00629,-0.004423,0.001949,0.001083,-0.000847,-0.000285,-0.002728,0.007467,1,0.916346,0.998119,0.999153,0.554896,0.944058,0.810137,0.836381,0.02,0.0,1.0,0.0
210,0.004233,-0.000888,0.000494,-0.001957,-0.001061,0.002013,-0.007034,0.001633,0.000907,-0.001127,-0.000364,-0.000847,-0.001111,11,0.918388,0.99972,0.998873,0.564035,0.946921,0.810934,0.836206,0.02,0.0,1.0,0.0
211,-0.019385,-0.001085,0.000603,-0.012974,-0.003443,0.017805,0.004321,0.001474,0.000819,-0.004112,-0.000471,-0.001127,-0.011847,10,0.907021,0.997015,0.995888,0.553587,0.941198,0.799829,0.836539,0.02,0.0,1.0,0.0
212,0.002385,-0.001305,0.000725,0.003719,-0.002011,0.008849,-0.002411,0.001269,0.000705,-0.002139,-0.00098,-0.004112,0.007831,9,0.912935,0.998027,0.997861,0.560067,0.944101,0.805515,0.836378,0.02,0.0,1.0,0.0
213,0.000326,-0.00154,0.000856,-0.004927,-0.002594,0.006631,-0.016454,0.000716,0.000398,-0.002841,-0.001143,-0.002139,-0.002788,8,0.918332,0.999297,0.997159,0.555264,0.944728,0.812106,0.836341,0.02,0.0,1.0,0.0
214,-0.017633,-0.00194,0.001078,-0.013784,-0.004832,0.016683,0.003219,0.000365,0.000203,-0.005599,-0.00138,-0.002841,-0.010943,7,0.907794,0.997242,0.994401,0.560986,0.942091,0.799405,0.836491,0.02,0.0,1.0,0.0
215,0.010761,-0.002254,0.001252,0.012241,-0.001417,0.009293,0.009431,0.000317,0.000176,-0.001103,-0.001971,-0.005599,0.01784,6,0.906813,0.995504,0.998897,0.55899,0.941896,0.799627,0.836502,0.02,0.0,1.0,0.0
216,-0.023554,-0.002476,0.001376,-0.013195,-0.003773,0.014459,0.002391,0.000327,0.000182,-0.00415,-0.001849,-0.001103,-0.012092,5,0.908967,0.996953,0.99585,0.55833,0.942,0.801345,0.836496,0.02,0.0,1.0,0.0
217,-0.015263,-0.002689,0.001494,-0.016382,-0.006295,0.016386,-0.002695,0.000262,0.000145,-0.007233,-0.002172,-0.00415,-0.012232,4,0.90531,0.996917,0.992767,0.55758,0.941053,0.797628,0.836546,0.02,0.0,1.0,0.0
218,0.012445,-0.002706,0.001503,0.003699,-0.004296,0.003956,0.001649,0.000242,0.000134,-0.004478,-0.00288,-0.007233,0.010932,3,0.914836,0.997245,0.995522,0.5643,0.94385,0.807246,0.836393,0.02,0.0,1.0,0.0
219,-0.009493,-0.002672,0.001485,-0.008882,-0.005213,0.007829,-0.001208,0.000196,0.000109,-0.005588,-0.003104,-0.004478,-0.004404,2,0.913321,0.99889,0.994412,0.562023,0.94447,0.805739,0.836356,0.02,0.0,1.0,0.0
220,0.011453,-0.002635,0.001464,0.007243,-0.002722,0.003463,0.01506,0.000497,0.000276,-0.002354,-0.003452,-0.005588,0.012831,1,0.915175,0.996767,0.997646,0.56262,0.943703,0.807942,0.836401,0.02,0.0,1.0,0.0
