cycle,event,action,bodies,active_bodies,light,shadow,mercury,threshold,agreements,spread,structural_stability,vitality,viability,field_charge,lattice_coherence,recursion_depth,confidence_decay,avg_trust,avg_fatigue,lineage_density,archetype_resonance,elder_feedback,closures,recursions,suspicious_closures,dream_cycles,rem_cycles,healing_cycles,renewal_cycles,new_variants,unknown_events,alpha_alerts,omega_alerts,alpha_alert,omega_alert
1,stress,close,40,20,0.59517,0.488171,0.584793,0.10625,2,0.106999,0.844295,0.743645,0.815411,0.593698,0.85642,0,0.016,0.692169,0,0.0,0.030555,0,1,0,0,1,1,1,0,0,0,0,0,False,False
2,stress,close,40,20,0.608775,0.456001,0.653695,0.105805,1,0.197695,0.84846,0.747183,0.82019,0.588989,0.853213,0,0.03072,0.696089,0,0.0,0.030097,0,2,0,0,2,2,2,0,0,0,0,0,False,False
3,stress,close,40,20,0.610838,0.481466,0.655139,0.105362,1,0.173673,0.852499,0.750618,0.824862,0.584186,0.850401,0,0.044262,0.700009,0,0.0,0.048942,0,3,0,0,3,3,3,0,0,0,0,0,False,False
4,stress,close,40,20,0.605195,0.469661,0.613167,0.104924,1,0.143506,0.856415,0.753953,0.829429,0.57921,0.847968,0,0.056721,0.703929,0,0.0,0.070164,0,4,0,0,4,4,4,0,0,0,0,0,False,False
5,stress,close,40,20,0.604799,0.467118,0.55337,0.104494,2,0.13768,0.860213,0.757191,0.833894,0.574408,0.845892,0,0.068184,0.707849,0,0.0,0.090262,0,5,0,0,5,5,5,0,0,0,0,0,False,False
6,stress,close,40,20,0.586409,0.463751,0.518258,0.104074,2,0.122659,0.863896,0.760334,0.838257,0.569644,0.844157,0,0.078729,0.711769,0,0.0,0.11058,0,6,0,0,6,6,6,0,0,0,0,0,False,False
7,stress,close,40,20,0.60198,0.434433,0.531349,0.103666,2,0.167547,0.867467,0.763385,0.84252,0.565755,0.84273,0,0.088431,0.715689,0,0.0,0.123009,0,7,0,0,7,7,7,0,0,0,0,0,False,False
8,stress,close,40,20,0.586039,0.444694,0.499384,0.103273,2,0.141345,0.87093,0.766348,0.846685,0.561701,0.8416,0,0.097356,0.719609,0,0.0,0.137857,0,8,0,0,8,8,8,0,0,0,0,0,False,False
9,stress,close,40,20,0.598927,0.483881,0.613954,0.102897,1,0.130072,0.874287,0.769224,0.850754,0.5577,0.840752,0,0.105568,0.723529,0,0.0,0.15289,0,9,0,0,9,9,9,0,0,0,0,0,False,False
10,stress,close,40,20,0.616802,0.427231,0.558962,0.102541,1,0.189572,0.877543,0.772017,0.854726,0.55474,0.840154,0,0.113122,0.727449,0,0.0,0.158537,0,10,0,0,10,10,10,0,0,0,0,0,False,False
11,stress,close,40,20,0.609931,0.469576,0.619159,0.102205,1,0.149583,0.8807,0.774729,0.858606,0.551375,0.839803,0,0.120073,0.731369,0,0.0,0.169075,0,11,0,0,11,11,11,0,0,0,0,0,False,False
12,stress,close,40,20,0.601834,0.464335,0.585717,0.101892,1,0.137499,0.883877,0.777363,0.862519,0.548018,0.83994,0,0.126467,0.735289,0,0.09632,0.186075,0.688,12,0,0,12,12,12,0,0,0,0,0,False,False
13,stress,close,40,20,0.627613,0.477354,0.524728,0.101604,1,0.150259,0.887061,0.77992,0.866451,0.545015,0.840521,0,0.132349,0.739209,0,0.183008,0.205024,0.688,13,0,0,13,13,13,0,0,0,0,0,False,False
14,stress,close,40,20,0.623044,0.481882,0.675096,0.101342,1,0.193214,0.890242,0.782403,0.87039,0.542771,0.841496,0,0.137761,0.743129,0,0.261027,0.22115,0.688,14,0,0,14,14,14,0,0,0,0,0,False,False
15,stress,close,40,20,0.594717,0.450423,0.574141,0.101108,1,0.144294,0.893411,0.784814,0.874326,0.539963,0.842845,0,0.142741,0.747049,0,0.331244,0.246641,0.688,15,0,0,15,15,15,0,0,0,0,0,False,False
16,stress,close,40,20,0.589621,0.442639,0.623662,0.100902,1,0.181022,0.896559,0.787156,0.878249,0.537817,0.844525,0,0.147321,0.750969,0,0.39444,0.268672,0.688,16,0,0,16,16,16,0,0,0,0,0,False,False
17,stress,close,40,20,0.597741,0.487709,0.564516,0.100727,2,0.110032,0.89968,0.78943,0.882152,0.534792,0.846525,0,0.151536,0.754889,0,0.451316,0.301716,0.688,17,0,0,17,17,17,0,0,0,0,0,False,False
18,stress,close,40,20,0.642009,0.477503,0.529457,0.100582,1,0.164506,0.902767,0.791639,0.886026,0.532689,0.848801,0,0.155413,0.758809,0,0.502504,0.327504,0.688,18,0,0,18,18,18,0,0,0,0,0,False,False
19,stress,close,40,20,0.599407,0.464932,0.596656,0.100468,1,0.134475,0.905817,0.793785,0.889866,0.530279,0.851334,0,0.15898,0.762729,0,0.548574,0.357789,0.688,19,0,0,19,19,19,0,0,0,0,0,False,False
20,stress,close,40,20,0.597899,0.491869,0.515245,0.100386,2,0.10603,0.908823,0.795868,0.893668,0.527599,0.854108,0,0.162261,0.766649,0,0.590037,0.391676,0.688,20,0,0,20,20,20,0,0,0,0,0,False,False
21,stress,close,40,20,0.597098,0.464134,0.454027,0.100335,1,0.143071,0.911782,0.797892,0.897424,0.525579,0.857089,0,0.16528,0.770569,0,0.627353,0.419752,0.688,21,0,0,21,21,21,0,0,0,0,0,False,False
22,stress,close,40,20,0.598549,0.482505,0.615799,0.100317,1,0.133294,0.914692,0.799858,0.901132,0.523531,0.860259,0,0.168058,0.774489,0,0.660938,0.448635,0.688,22,0,0,22,22,22,0,0,0,0,0,False,False
23,stress,close,40,20,0.617595,0.459496,0.621474,0.100331,1,0.161978,0.91755,0.801768,0.904788,0.521995,0.86359,0,0.170613,0.778409,0,0.691164,0.472861,0.688,23,0,0,23,23,23,0,0,0,0,0,False,False
24,stress,close,40,20,0.635689,0.472785,0.571424,0.100376,2,0.162904,0.920353,0.803623,0.908387,0.520557,0.867066,0,0.172964,0.782329,0,0.718367,0.496414,0.688,24,0,0,24,24,24,0,0,0,0,0,False,False
25,stress,close,40,20,0.604283,0.424663,0.507415,0.100452,2,0.17962,0.923101,0.805426,0.911929,0.519432,0.870666,0,0.175127,0.786249,0,0.742851,0.517059,0.688,25,0,0,25,25,25,0,0,0,0,0,False,False
26,stress,close,40,20,0.608178,0.451814,0.619904,0.100558,1,0.16809,0.925791,0.807177,0.91541,0.51821,0.874381,0,0.177117,0.790169,0,0.764886,0.538724,0.688,26,0,0,26,26,26,0,0,0,0,0,False,False
27,stress,close,40,20,0.563966,0.44827,0.639618,0.100693,1,0.191348,0.928424,0.808878,0.918829,0.517383,0.878183,0,0.178948,0.79393,0,0.784717,0.55649,0.688,27,0,0,27,27,27,0,0,0,0,0,False,False
28,stress,close,40,20,0.59039,0.462943,0.50225,0.100856,2,0.127447,0.930997,0.810531,0.922185,0.51571,0.88207,0,0.180632,0.797507,0,0.802565,0.582355,0.688,28,0,0,28,28,28,0,0,0,0,0,False,False
29,stress,close,40,20,0.597527,0.455943,0.642808,0.101045,1,0.186864,0.933511,0.812137,0.925474,0.514961,0.886006,0,0.182181,0.800888,0,0.818629,0.598834,0.688,29,0,0,29,29,29,0,0,0,0,0,False,False
30,stress,close,40,20,0.600778,0.480674,0.564315,0.10126,2,0.120104,0.935967,0.813697,0.928698,0.513322,0.889992,0,0.183607,0.804123,0,0.833086,0.62371,0.688,30,0,0,30,30,30,0,0,0,0,0,False,False
31,stress,close,40,20,0.62979,0.483957,0.560995,0.101498,2,0.145832,0.938363,0.815214,0.931854,0.512133,0.893995,0,0.184918,0.807008,0,0.846097,0.643654,0.688,31,0,0,31,31,31,0,0,0,0,0,False,False
32,stress,close,40,20,0.61404,0.478645,0.598773,0.101757,1,0.135395,0.9407,0.816688,0.934941,0.510866,0.897996,0,0.186125,0.809573,0,0.857808,0.663916,0.688,32,0,0,32,32,32,0,0,0,0,0,False,False
33,stress,close,40,20,0.606328,0.479492,0.595424,0.102037,1,0.126837,0.942978,0.81812,0.937957,0.50955,0.90198,0,0.187235,0.811881,0,0.868347,0.684141,0.688,33,0,0,33,33,33,0,0,0,0,0,False,False
34,stress,close,40,20,0.577083,0.506469,0.570159,0.102333,3,0.070614,0.945198,0.819512,0.940904,0.50752,0.905924,0,0.198256,0.813557,0,0.877832,0.710705,0.688,34,0,0,34,34,34,0,0,0,0,0,False,False
35,stress,close,40,20,0.613594,0.505113,0.632708,0.102646,1,0.127595,0.947361,0.820865,0.943778,0.506397,0.909808,0,0.198396,0.815172,0,0.886369,0.727699,0.688,35,0,0,35,35,35,0,0,0,0,0,False,False
36,stress,close,40,20,0.620084,0.465631,0.664973,0.102971,1,0.199342,0.949466,0.822181,0.946577,0.506343,0.913565,0,0.198524,0.816572,0,0.894052,0.716783,0.688,36,0,0,36,36,36,0,0,0,0,0,False,False
37,stress,close,40,20,0.585547,0.476427,0.590476,0.103307,1,0.114048,0.951516,0.823459,0.949305,0.505106,0.917257,0,0.198642,0.817927,0,0.900967,0.735934,0.688,37,0,0,37,37,37,0,0,0,0,0,False,False
38,stress,close,40,20,0.593675,0.472019,0.631276,0.103651,1,0.159257,0.953511,0.824702,0.951964,0.504571,0.920872,0,0.198751,0.819282,0,0.90719,0.747632,0.688,38,0,0,38,38,38,0,0,0,0,0,False,False
39,stress,close,40,20,0.566174,0.449677,0.577815,0.104001,1,0.128138,0.955451,0.825911,0.954554,0.503635,0.924418,0,0.198851,0.820637,0,0.912791,0.762814,0.688,39,0,0,39,39,39,0,0,0,0,0,False,False
40,stress,close,40,20,0.582201,0.455156,0.546752,0.104355,2,0.127045,0.957338,0.827086,0.957078,0.502738,0.927895,0,0.198943,0.821992,0,0.917832,0.77708,0.688,40,0,0,40,40,40,0,0,0,0,0,False,False
41,stress,close,40,20,0.604984,0.510425,0.408168,0.104125,2,0.196817,0.959172,0.828228,0.959531,0.502871,0.931255,0,0.199027,0.823347,0,0.922369,0.765423,0.688,41,0,0,41,41,41,0,0,0,0,0,False,False
42,stress,close,40,20,0.598419,0.487642,0.53393,0.103681,2,0.110777,0.960956,0.829339,0.961921,0.5018,0.934552,0,0.199105,0.824596,0,0.926452,0.782167,0.688,42,0,0,42,42,42,0,0,0,0,0,False,False
43,stress,close,40,20,0.625028,0.488039,0.546549,0.103242,2,0.136989,0.962689,0.830419,0.964246,0.501158,0.937769,0,0.199177,0.825609,0,0.930127,0.794086,0.688,43,0,0,43,43,43,0,0,0,0,0,False,False
44,stress,close,40,20,0.599175,0.51487,0.537826,0.102809,3,0.084304,0.964372,0.83147,0.966509,0.499818,0.940918,0,0.209242,0.826596,0,0.933434,0.812244,0.688,44,0,0,44,44,44,0,0,0,0,0,False,False
45,stress,close,40,20,0.583707,0.501346,0.577528,0.102386,3,0.082361,0.966008,0.832492,0.968712,0.498526,0.944001,0,0.218503,0.827582,0,0.936411,0.829208,0.688,45,0,0,45,45,45,0,0,0,0,0,False,False
46,stress,close,40,20,0.574298,0.523762,0.505648,0.101975,3,0.06865,0.967597,0.833486,0.970855,0.497115,0.94702,0,0.227023,0.828569,0,0.93909,0.846657,0.688,46,0,0,46,46,46,0,0,0,0,0,False,False
47,stress,close,40,20,0.591638,0.490916,0.457601,0.101578,2,0.134037,0.969139,0.834453,0.972938,0.496697,0.949952,0,0.224861,0.829436,0,0.941501,0.853852,0.688,47,0,0,47,47,47,0,0,0,0,0,False,False
48,stress,close,40,20,0.593393,0.499372,0.440462,0.101197,2,0.152931,0.970637,0.835393,0.974962,0.496572,0.95278,0,0.222872,0.830008,0,0.943671,0.85798,0.688,48,0,0,48,48,48,0,0,0,0,0,False,False
49,stress,close,40,20,0.5681,0.488545,0.416978,0.100835,2,0.151121,0.972091,0.836309,0.976926,0.496436,0.955505,0,0.221042,0.830508,0,0.945624,0.862098,0.688,49,0,0,49,49,49,0,0,0,0,0,False,False
50,stress,close,40,20,0.585297,0.464377,0.402877,0.100493,1,0.18242,0.973503,0.837199,0.978833,0.496754,0.958122,0,0.219359,0.831008,0,0.947381,0.861725,0.688,50,0,0,50,50,50,0,0,0,0,0,False,False
51,stress,close,40,20,0.579385,0.492169,0.512608,0.100174,3,0.087216,0.974872,0.838066,0.980686,0.49573,0.960662,0,0.22781,0.831508,0,0.948963,0.874334,0.688,51,0,0,51,51,51,0,0,0,0,0,False,False
52,stress,close,40,20,0.589822,0.490217,0.478028,0.099879,2,0.111794,0.976202,0.838909,0.982485,0.495109,0.963121,0,0.225585,0.832008,0,0.950387,0.882575,0.688,52,0,0,52,52,52,0,0,0,0,0,False,False
53,stress,close,40,20,0.583309,0.520346,0.548692,0.09961,3,0.062963,0.977491,0.83973,0.984234,0.493844,0.965513,0,0.233539,0.832508,0,0.951668,0.896743,0.688,53,0,0,53,53,53,0,0,0,0,0,False,False
54,stress,close,40,20,0.56682,0.506043,0.537261,0.099368,3,0.060777,0.978742,0.840529,0.985933,0.492619,0.967839,0,0.240855,0.833008,0,0.952821,0.910001,0.688,54,0,0,54,54,54,0,0,0,0,0,False,False
55,stress,close,40,20,0.579164,0.499327,0.572256,0.099155,3,0.079836,0.979956,0.841306,0.987583,0.49173,0.970097,0,0.247587,0.833508,0,0.953859,0.919554,0.688,55,0,0,55,55,55,0,0,0,0,0,False,False
56,stress,close,40,20,0.574196,0.530115,0.523501,0.098971,3,0.050695,0.981133,0.842063,0.989186,0.490485,0.972294,0,0.25378,0.834008,0,0.954793,0.932238,0.688,56,0,0,56,56,56,0,0,0,0,0,False,False
57,stress,close,40,20,0.595792,0.477638,0.540738,0.098818,2,0.118153,0.982275,0.8428,0.990742,0.490255,0.974413,0,0.249478,0.834508,0,0.955634,0.934724,0.688,57,0,0,57,57,57,0,0,0,0,0,False,False
58,stress,close,40,20,0.570502,0.459448,0.442892,0.098695,1,0.12761,0.983382,0.843518,0.992252,0.490177,0.976455,0,0.245519,0.835008,0,0.956391,0.935755,0.688,58,0,0,58,58,58,0,0,0,0,0,False,False
59,stress,close,40,20,0.612857,0.486948,0.471107,0.098605,1,0.14175,0.984456,0.844217,0.993717,0.490308,0.97842,0,0.241878,0.835508,0,0.957071,0.934825,0.688,59,0,0,59,59,59,0,0,0,0,0,False,False
60,stress,close,40,20,0.594576,0.507314,0.582751,0.098546,3,0.087262,0.985497,0.844898,0.995139,0.489678,0.980326,0,0.248528,0.836008,0,0.957684,0.941371,0.688,60,0,0,60,60,60,0,0,0,0,0,False,False
61,stress,close,40,20,0.562616,0.475523,0.492159,0.098519,3,0.087093,0.986506,0.845561,0.996521,0.489085,0.982176,0,0.254645,0.836508,0,0.958236,0.947385,0.688,61,0,0,61,61,61,0,0,0,0,0,False,False
62,stress,close,40,20,0.607795,0.504859,0.571936,0.098524,2,0.102936,0.987485,0.846207,0.997861,0.488751,0.983966,0,0.250274,0.837008,0,0.958732,0.950748,0.688,62,0,0,62,62,62,0,0,0,0,0,False,False
63,stress,close,40,20,0.576296,0.488813,0.434686,0.098561,2,0.141609,0.988433,0.846836,0.999162,0.488983,0.985688,0,0.246252,0.837508,0,0.959179,0.948614,0.688,63,0,0,63,63,63,0,0,0,0,0,False,False
64,stress,close,40,20,0.599696,0.53449,0.54901,0.098628,3,0.065206,0.989352,0.847449,1,0.488142,0.987367,0,0.252552,0.838008,0,0.959581,0.957011,0.688,64,0,0,64,64,64,0,0,0,0,0,False,False
65,stress,close,40,20,0.559119,0.476093,0.513437,0.098726,3,0.083027,0.990243,0.848047,1,0.4876,0.988998,0,0.258348,0.838508,0,0.959943,0.962268,0.688,65,0,0,65,65,65,0,0,0,0,0,False,False
66,stress,close,40,20,0.566341,0.485317,0.529617,0.098854,3,0.081025,0.991107,0.848629,1,0.487065,0.990584,0,0.26368,0.839008,0,0.960269,0.967341,0.688,66,0,0,66,66,66,0,0,0,0,0,False,False
67,stress,close,40,20,0.542118,0.507709,0.45667,0.099009,3,0.085448,0.991943,0.849197,1,0.486627,0.992124,0,0.268585,0.839508,0,0.960562,0.971379,0.688,67,0,0,67,67,67,0,0,0,0,0,False,False
68,stress,close,40,20,0.601103,0.486429,0.553811,0.099192,2,0.114674,0.992754,0.84975,1,0.486627,0.993613,0,0.263099,0.840008,0,0.960826,0.971123,0.688,68,0,0,68,68,68,0,0,0,0,0,False,False
69,stress,close,40,20,0.59094,0.486595,0.466504,0.0994,1,0.124436,0.99354,0.85029,1,0.486772,0.99505,0,0.258051,0.840508,0,0.961063,0.969587,0.688,69,0,0,69,69,69,0,0,0,0,0,False,False
70,stress,close,40,20,0.581525,0.479802,0.523467,0.099631,2,0.101723,0.994301,0.850816,1,0.4866,0.996396,0,0.253407,0.841008,0,0.961277,0.971268,0.688,70,0,0,70,70,70,0,0,0,0,0,False,False
71,stress,close,40,20,0.587114,0.446605,0.541223,0.099885,2,0.14051,0.995038,0.851329,1,0.486987,0.996414,0,0.249134,0.841508,0,0.961469,0.967574,0.688,71,0,0,71,71,71,0,0,0,0,0,False,False
72,stress,close,40,20,0.588192,0.520091,0.565076,0.100159,3,0.068101,0.995752,0.851829,1,0.486349,0.996452,0,0.255203,0.842008,0,0.961642,0.973997,0.688,72,0,0,72,72,72,0,0,0,0,0,False,False
73,stress,close,40,20,0.598816,0.46127,0.592084,0.100452,1,0.137545,0.996444,0.852317,1,0.486723,0.996471,0,0.250787,0.842508,0,0.961798,0.970476,0.688,73,0,0,73,73,73,0,0,0,0,0,False,False
74,stress,close,40,20,0.579047,0.474543,0.481212,0.10076,2,0.104504,0.997114,0.852793,1,0.486623,0.996499,0,0.246724,0.843008,0,0.961938,0.971742,0.688,74,0,0,74,74,74,0,0,0,0,0,False,False
75,stress,close,40,20,0.580511,0.465825,0.469209,0.101082,1,0.114687,0.997763,0.853258,1,0.486679,0.996524,0,0.242986,0.843508,0,0.962064,0.971526,0.688,75,0,0,75,75,75,0,0,0,0,0,False,False
76,stress,close,40,20,0.592557,0.499098,0.529224,0.101415,3,0.093459,0.998391,0.853712,1,0.486443,0.996554,0,0.249547,0.844008,0,0.962178,0.974203,0.688,76,0,0,76,76,76,0,0,0,0,0,False,False
77,stress,close,40,20,0.626091,0.485591,0.441074,0.101758,1,0.185017,0.998999,0.854154,1,0.487508,0.99656,0,0.245584,0.844508,0,0.96228,0.964284,0.688,77,0,0,77,77,77,0,0,0,0,0,False,False
78,stress,close,40,20,0.582594,0.481456,0.512328,0.102106,3,0.101138,0.999589,0.854586,1,0.487354,0.996589,0,0.251937,0.845008,0,0.962372,0.966587,0.688,78,0,0,78,78,78,0,0,0,0,0,False,False
79,stress,close,40,20,0.602446,0.473161,0.493645,0.102459,1,0.129285,1,0.855008,1,0.487609,0.996611,0,0.247782,0.845508,0,0.962455,0.964888,0.688,79,0,0,79,79,79,0,0,0,0,0,False,False
80,stress,close,40,20,0.603562,0.455692,0.504802,0.102445,2,0.14787,1,0.85542,1,0.488119,0.996628,0,0.243959,0.846008,0,0.962529,0.960837,0.688,80,0,0,80,80,80,0,0,0,0,0,False,False
81,stress,close,40,20,0.585682,0.464302,0.569853,0.102001,1,0.12138,1,0.855823,1,0.488241,0.996653,0,0.240443,0.846508,0,0.962596,0.960732,0.688,81,0,0,81,81,81,0,0,0,0,0,False,False
82,stress,close,40,20,0.617878,0.492702,0.696117,0.10156,1,0.203415,1,0.856216,1,0.489513,0.99665,0,0.237207,0.847008,0,0.962657,0.946321,0.688,82,0,0,82,82,82,0,0,0,0,0,False,False
83,stress,close,40,20,0.613788,0.447141,0.607489,0.101125,1,0.166647,1,0.8566,1,0.490215,0.996665,0,0.234231,0.847508,0,0.962711,0.941417,0.688,83,0,0,83,83,83,0,0,0,0,0,False,False
84,stress,close,40,20,0.604613,0.473551,0.699723,0.100699,1,0.226172,1,0.856975,1,0.491723,0.996662,0,0.231492,0.848008,0,0.96276,0.927296,0.688,84,0,0,84,84,84,0,0,0,0,0,False,False
85,stress,close,40,20,0.619761,0.480799,0.493018,0.100285,1,0.138962,1,0.857342,1,0.491942,0.996688,0,0.228973,0.848508,0,0.962804,0.927848,0.688,85,0,0,85,85,85,0,0,0,0,0,False,False
86,stress,close,40,20,0.617873,0.460204,0.522053,0.099884,2,0.157669,1,0.8577,1,0.49242,0.996709,0,0.226655,0.849008,0,0.962844,0.925827,0.688,86,0,0,86,86,86,0,0,0,0,0,False,False
87,stress,close,40,20,0.601795,0.516915,0.635948,0.099498,2,0.119033,1,0.858051,1,0.492341,0.996741,0,0.224523,0.849508,0,0.962879,0.929206,0.688,87,0,0,87,87,87,0,0,0,0,0,False,False
88,stress,close,40,20,0.641204,0.458592,0.655295,0.099131,1,0.196703,1,0.858394,1,0.493362,0.996738,0,0.222561,0.850008,0,0.962911,0.915267,0.688,88,0,0,88,88,88,0,0,0,0,0,False,False
89,stress,close,40,20,0.587126,0.470984,0.679378,0.098784,1,0.208394,1,0.858729,1,0.494503,0.996736,0,0.220756,0.850508,0,0.96294,0.901538,0.688,89,0,0,89,89,89,0,0,0,0,0,False,False
90,stress,close,40,20,0.616831,0.47457,0.583292,0.098458,1,0.142261,1,0.859057,1,0.494668,0.996766,0,0.219095,0.851008,0,0.962966,0.903973,0.688,90,0,0,90,90,90,0,0,0,0,0,False,False
91,stress,close,40,20,0.603207,0.460998,0.528773,0.098157,2,0.142209,1,0.859377,1,0.494833,0.996795,0,0.217568,0.851508,0,0.96299,0.906196,0.688,91,0,0,91,91,91,0,0,0,0,0,False,False
92,stress,close,40,20,0.647222,0.468376,0.595376,0.09788,1,0.178846,1,0.859691,1,0.49551,0.996814,0,0.216162,0.852008,0,0.963011,0.903275,0.688,92,0,0,92,92,92,0,0,0,0,0,False,False
93,stress,close,40,20,0.596553,0.452885,0.649095,0.097631,1,0.19621,1,0.859999,1,0.496405,0.996812,0,0.214869,0.852508,0,0.96303,0.889726,0.688,93,0,0,93,93,93,0,0,0,0,0,False,False
94,stress,close,40,20,0.623856,0.498971,0.514657,0.09741,1,0.124886,1,0.860299,1,0.496263,0.996849,0,0.21368,0.853008,0,0.963047,0.895574,0.688,94,0,0,94,94,94,0,0,0,0,0,False,False
95,stress,close,40,20,0.587765,0.468181,0.558613,0.097218,2,0.119583,1,0.860594,1,0.496063,0.996886,0,0.212585,0.853508,0,0.963062,0.901612,0.688,95,0,0,95,95,95,0,0,0,0,0,False,False
96,stress,recurse,40,20,0.601075,0.461861,0.723653,0.097056,0,0.261792,0.987888,0.870354,1,0.51697,0.996884,1,0.212585,0.854008,0,0.963076,0.888088,0.688,95,1,0,96,96,96,0,0,0,0,0,False,False
97,stress,close,40,20,0.593093,0.471707,0.459091,0.096925,1,0.134002,0.988789,0.870353,1,0.515952,0.996919,0,0.211579,0.854508,0,0.963088,0.892855,0.688,96,1,0,97,97,97,0,0,0,0,0,False,False
98,stress,close,40,20,0.626121,0.477311,0.444838,0.096826,1,0.181283,0.989662,0.870354,1,0.515655,0.99694,0,0.210652,0.855008,0,0.963099,0.890811,0.688,97,1,0,98,98,98,0,0,0,0,0,False,False
99,stress,close,40,20,0.64283,0.491264,0.5925,0.096759,1,0.151566,0.990507,0.870358,1,0.514964,0.996969,0,0.2098,0.855508,0,0.963109,0.892963,0.688,98,1,0,99,99,99,0,0,0,0,0,False,False
100,stress,close,40,20,0.600888,0.482182,0.476195,0.096723,1,0.124693,0.991326,0.870364,1,0.513939,0.997005,0,0.209016,0.856008,0,0.963118,0.89855,0.688,99,1,0,100,100,100,0,0,0,0,0,False,False
101,stress,close,40,20,0.637651,0.452186,0.520017,0.09672,1,0.185465,0.992119,0.870373,1,0.513824,0.997024,0,0.208295,0.856508,0,0.963127,0.89543,0.688,100,1,0,101,101,101,0,0,0,0,0,False,False
102,stress,close,40,20,0.636715,0.467135,0.611942,0.096748,1,0.169579,0.992887,0.870385,1,0.513501,0.997048,0,0.207631,0.857008,0,0.963134,0.894736,0.688,101,1,0,102,102,102,0,0,0,0,0,False,False
103,stress,close,40,20,0.600521,0.44063,0.554127,0.096807,1,0.159891,0.993631,0.870399,1,0.513066,0.997074,0,0.207021,0.857508,0,0.963141,0.895413,0.688,102,1,0,103,103,103,0,0,0,0,0,False,False
104,stress,close,40,20,0.605667,0.466011,0.493267,0.096897,1,0.139656,0.994352,0.870415,1,0.512377,0.997106,0,0.206459,0.858008,0,0.963147,0.898761,0.688,103,1,0,104,104,104,0,0,0,0,0,False,False
105,stress,close,40,20,0.592823,0.48092,0.591301,0.097017,1,0.111903,0.995049,0.870434,1,0.511342,0.997144,0,0.205942,0.858508,0,0.963152,0.905555,0.688,104,1,0,105,105,105,0,0,0,0,0,False,False
106,stress,close,40,20,0.602643,0.49681,0.604406,0.097165,1,0.107596,0.995725,0.870454,1,0.510306,0.997183,0,0.205467,0.859008,0,0.963157,0.912319,0.688,105,1,0,106,106,106,0,0,0,0,0,False,False
107,stress,close,40,20,0.628281,0.473882,0.421802,0.09734,1,0.206479,0.996379,0.870477,1,0.510714,0.997181,0,0.20503,0.859508,0,0.963161,0.898634,0.688,106,1,0,107,107,107,0,0,0,0,0,False,False
108,stress,close,40,20,0.574736,0.508492,0.680245,0.097541,1,0.171752,0.997012,0.870502,1,0.510624,0.997203,0,0.204627,0.860008,0,0.963165,0.89736,0.688,107,1,0,108,108,108,0,0,0,0,0,False,False
109,stress,close,40,20,0.622983,0.484174,0.662477,0.097767,1,0.178303,0.997626,0.870529,1,0.510638,0.997224,0,0.204257,0.860508,0,0.963168,0.895317,0.688,108,1,0,109,109,109,0,0,0,0,0,False,False
110,stress,close,40,20,0.621642,0.471992,0.557921,0.098015,2,0.14965,0.998219,0.870558,1,0.510257,0.997253,0,0.203917,0.861008,0,0.963172,0.897326,0.688,109,1,0,110,110,110,0,0,0,0,0,False,False
111,stress,close,40,20,0.628202,0.452961,0.527785,0.098284,1,0.175242,0.998794,0.870589,1,0.510262,0.997275,0,0.203603,0.861508,0,0.963174,0.8957,0.688,110,1,0,111,111,111,0,0,0,0,0,False,False
112,stress,close,40,20,0.662212,0.467703,0.577095,0.098571,1,0.194509,0.99935,0.870621,1,0.510544,0.997273,0,0.203315,0.862008,0,0.963177,0.882264,0.688,111,1,0,112,112,112,0,0,0,0,0,False,False
113,stress,close,40,20,0.603942,0.511607,0.625474,0.098876,2,0.113867,0.999888,0.870656,1,0.509691,0.997314,0,0.20305,0.862508,0,0.963179,0.890279,0.688,112,1,0,113,113,113,0,0,0,0,0,False,False
114,stress,close,40,20,0.618842,0.480637,0.580335,0.099194,1,0.138205,1,0.870692,1,0.509229,0.997347,0,0.202806,0.863008,0,0.963181,0.894287,0.688,113,1,0,114,114,114,0,0,0,0,0,False,False
115,stress,close,40,20,0.584511,0.494995,0.664827,0.099525,2,0.169833,1,0.87073,1,0.509241,0.997371,0,0.202581,0.863508,0,0.963183,0.893665,0.688,114,1,0,115,115,115,0,0,0,0,0,False,False
116,stress,close,40,20,0.589809,0.470998,0.513443,0.099865,2,0.118812,1,0.870769,1,0.508546,0.997408,0,0.202375,0.864008,0,0.963185,0.899987,0.688,115,1,0,116,116,116,0,0,0,0,0,False,False
117,stress,close,40,20,0.631541,0.499473,0.651982,0.100212,1,0.152509,1,0.87081,1,0.508365,0.997436,0,0.202185,0.864508,0,0.963186,0.90119,0.688,116,1,0,117,117,117,0,0,0,0,0,False,False
118,stress,close,40,20,0.61997,0.44352,0.591602,0.100564,1,0.176451,1,0.870852,1,0.508537,0.997456,0,0.20201,0.865008,0,0.963188,0.899054,0.688,117,1,0,118,118,118,0,0,0,0,0,False,False
119,stress,close,40,20,0.576998,0.520518,0.67971,0.100766,1,0.159192,1,0.870896,1,0.508466,0.997482,0,0.201849,0.865508,0,0.963189,0.899439,0.688,118,1,0,119,119,119,0,0,0,0,0,False,False
120,stress,close,40,20,0.63434,0.488307,0.412272,0.10032,1,0.222068,1,0.870942,1,0.509286,0.99748,0,0.201701,0.866008,0,0.96319,0.885948,0.688,119,1,0,120,120,120,0,0,0,0,0,False,False
121,stress,close,40,20,0.554696,0.483479,0.509301,0.099878,3,0.071217,1,0.870988,1,0.507962,0.997532,0,0.211565,0.866508,0,0.963191,0.899389,0.688,120,1,0,121,121,121,0,0,0,0,0,False,False
122,stress,close,40,20,0.585792,0.486557,0.468705,0.099442,2,0.117087,1,0.871036,1,0.507354,0.997569,0,0.21064,0.867008,0,0.963192,0.905429,0.688,121,1,0,122,122,122,0,0,0,0,0,False,False
123,stress,close,40,20,0.602753,0.456034,0.502201,0.099013,1,0.146719,1,0.871086,1,0.507199,0.997597,0,0.209789,0.867508,0,0.963193,0.906925,0.688,122,1,0,123,123,123,0,0,0,0,0,False,False
124,stress,close,40,20,0.594906,0.486832,0.502212,0.098596,2,0.108073,1,0.871137,1,0.506518,0.997635,0,0.209006,0.868008,0,0.963193,0.913504,0.688,123,1,0,124,124,124,0,0,0,0,0,False,False
125,stress,close,40,20,0.598806,0.47261,0.508119,0.098191,2,0.126196,1,0.871188,1,0.506133,0.997667,0,0.208285,0.868508,0,0.963194,0.917043,0.688,124,1,0,125,125,125,0,0,0,0,0,False,False
126,stress,close,40,20,0.566554,0.503308,0.556414,0.097801,3,0.063246,1,0.871242,1,0.504894,0.997716,0,0.217622,0.869008,0,0.963195,0.928763,0.688,125,1,0,126,126,126,0,0,0,0,0,False,False
127,stress,close,40,20,0.623897,0.499694,0.462299,0.097428,1,0.161597,1,0.871296,1,0.505102,0.997736,0,0.216213,0.869508,0,0.963195,0.92615,0.688,126,1,0,127,127,127,0,0,0,0,0,False,False
128,stress,close,40,20,0.592434,0.525708,0.455902,0.097075,2,0.136532,1,0.871351,1,0.504956,0.997763,0,0.214916,0.870008,0,0.963196,0.927157,0.688,127,1,0,128,128,128,0,0,0,0,0,False,False
129,stress,close,40,20,0.600197,0.516072,0.457038,0.096744,2,0.143159,1,0.871408,1,0.504918,0.997788,0,0.213722,0.870508,0,0.963196,0.927178,0.688,128,1,0,129,129,129,0,0,0,0,0,False,False
130,stress,close,40,20,0.618637,0.497399,0.5199,0.096436,1,0.121238,1,0.871465,1,0.504583,0.997819,0,0.212625,0.871008,0,0.963197,0.930157,0.688,129,1,0,130,130,130,0,0,0,0,0,False,False
131,stress,close,40,20,0.559713,0.472529,0.547912,0.096153,3,0.087184,1,0.871524,1,0.503796,0.997858,0,0.221615,0.871508,0,0.963197,0.937464,0.688,130,1,0,131,131,131,0,0,0,0,0,False,False
132,stress,close,40,20,0.590888,0.503125,0.588401,0.095896,3,0.087763,1,0.871583,1,0.503064,0.997896,0,0.229885,0.872008,0,0.963197,0.944037,0.688,131,1,0,132,132,132,0,0,0,0,0,False,False
133,stress,close,40,20,0.579187,0.488668,0.607416,0.095667,2,0.118747,1,0.871644,1,0.502811,0.997925,0,0.227495,0.872508,0,0.963197,0.945834,0.688,132,1,0,133,133,133,0,0,0,0,0,False,False
134,stress,close,40,20,0.566492,0.495981,0.451125,0.095467,2,0.115367,1,0.871705,1,0.50253,0.997954,0,0.225295,0.873008,0,0.963198,0.947926,0.688,133,1,0,134,134,134,0,0,0,0,0,False,False
135,stress,close,40,20,0.599574,0.465617,0.499192,0.095297,1,0.133957,1,0.871767,1,0.502532,0.997978,0,0.223271,0.873508,0,0.963198,0.947321,0.688,134,1,0,135,135,135,0,0,0,0,0,False,False
136,stress,close,40,20,0.568942,0.510059,0.601986,0.095158,3,0.091928,1,0.871831,1,0.501953,0.998013,0,0.23141,0.874008,0,0.963198,0.952444,0.688,135,1,0,136,136,136,0,0,0,0,0,False,False
137,stress,close,40,20,0.593215,0.490652,0.577237,0.09505,2,0.102563,1,0.871895,1,0.50156,0.998045,0,0.228897,0.874508,0,0.963198,0.95567,0.688,136,1,0,137,137,137,0,0,0,0,0,False,False
138,stress,close,40,20,0.606567,0.507967,0.601883,0.094974,2,0.0986,1,0.87196,1,0.501139,0.998077,0,0.226585,0.875008,0,0.963199,0.95914,0.688,137,1,0,138,138,138,0,0,0,0,0,False,False
139,stress,close,40,20,0.54995,0.480933,0.627127,0.09493,2,0.146194,1,0.872025,1,0.501413,0.998095,0,0.224458,0.875508,0,0.963199,0.955873,0.688,138,1,0,139,139,139,0,0,0,0,0,False,False
140,stress,close,40,20,0.588289,0.469882,0.44371,0.094918,1,0.144579,1,0.872092,1,0.501658,0.998115,0,0.222502,0.876008,0,0.963199,0.953118,0.688,139,1,0,140,140,140,0,0,0,0,0,False,False
141,stress,close,40,20,0.553426,0.501544,0.475579,0.094937,3,0.077847,1,0.872159,1,0.500965,0.998153,0,0.230702,0.876508,0,0.963199,0.95962,0.688,140,1,0,141,141,141,0,0,0,0,0,False,False
142,stress,close,40,20,0.583456,0.522295,0.593116,0.094988,3,0.070821,1,0.872227,1,0.500216,0.998191,0,0.238245,0.877008,0,0.963199,0.966486,0.688,141,1,0,142,142,142,0,0,0,0,0,False,False
143,stress,close,40,20,0.577426,0.468436,0.480009,0.09507,1,0.10899,1,0.872296,1,0.500047,0.998219,0,0.235186,0.877508,0,0.963199,0.96758,0.688,142,1,0,143,143,143,0,0,0,0,0,False,False
144,stress,close,40,20,0.555887,0.518814,0.469114,0.095182,3,0.086773,1,0.872365,1,0.499583,0.998252,0,0.242371,0.878008,0,0.963199,0.971576,0.688,143,1,0,144,144,144,0,0,0,0,0,False,False
145,stress,close,40,20,0.613188,0.488368,0.421858,0.095322,1,0.19133,1,0.872435,1,0.500614,0.998256,0,0.238981,0.878508,0,0.963199,0.961096,0.688,144,1,0,145,145,145,0,0,0,0,0,False,False
146,stress,close,40,20,0.576801,0.516257,0.629651,0.09549,2,0.113394,1,0.872506,1,0.50051,0.998283,0,0.235863,0.879008,0,0.963199,0.962081,0.688,145,1,0,146,146,146,0,0,0,0,0,False,False
147,stress,close,40,20,0.605834,0.489591,0.510761,0.095684,2,0.116242,1,0.872577,1,0.500459,0.998309,0,0.232994,0.879508,0,0.963199,0.962593,0.688,146,1,0,147,147,147,0,0,0,0,0,False,False
148,stress,close,40,20,0.595394,0.531308,0.56736,0.095904,3,0.064086,1,0.872649,1,0.499688,0.998349,0,0.240354,0.880008,0,0.963199,0.9701,0.688,147,1,0,148,148,148,0,0,0,0,0,False,False
149,stress,close,40,20,0.56133,0.476623,0.429656,0.096146,2,0.131674,1,0.872722,1,0.49991,0.998369,0,0.237126,0.880508,0,0.9632,0.967807,0.688,148,1,0,149,149,149,0,0,0,0,0,False,False
150,stress,close,40,20,0.590355,0.518882,0.513238,0.096409,3,0.077117,1,0.872795,1,0.499365,0.998405,0,0.244156,0.881008,0,0.9632,0.973086,0.688,149,1,0,150,150,150,0,0,0,0,0,False,False
151,stress,close,40,20,0.636752,0.484721,0.598615,0.096692,1,0.152031,1,0.872868,1,0.499904,0.998419,0,0.240623,0.881508,0,0.9632,0.967776,0.688,150,1,0,151,151,151,0,0,0,0,0,False,False
152,stress,close,40,20,0.579298,0.498486,0.466438,0.096992,2,0.11286,1,0.872943,1,0.499875,0.998445,0,0.237373,0.882008,0,0.9632,0.968232,0.688,151,1,0,152,152,152,0,0,0,0,0,False,False
153,stress,close,40,20,0.591487,0.487353,0.663679,0.097307,1,0.176326,1,0.873017,1,0.500744,0.998454,0,0.234384,0.882508,0,0.9632,0.960079,0.688,152,1,0,153,153,153,0,0,0,0,0,False,False
154,stress,close,40,20,0.583323,0.479047,0.50288,0.097634,2,0.104277,1,0.873093,1,0.500569,0.998483,0,0.231633,0.883008,0,0.9632,0.962386,0.688,153,1,0,154,154,154,0,0,0,0,0,False,False
155,stress,close,40,20,0.59149,0.511714,0.417775,0.097972,2,0.173715,1,0.873168,1,0.501383,0.998494,0,0.229102,0.883508,0,0.9632,0.955112,0.688,154,1,0,155,155,155,0,0,0,0,0,False,False
156,stress,close,40,20,0.590751,0.496694,0.432188,0.098318,2,0.158563,1,0.873245,1,0.501951,0.998509,0,0.226774,0.884008,0,0.9632,0.950538,0.688,155,1,0,156,156,156,0,0,0,0,0,False,False
157,stress,close,40,20,0.613704,0.482016,0.436522,0.098669,1,0.177182,1,0.873321,1,0.50276,0.998521,0,0.224632,0.884508,0,0.9632,0.943862,0.688,156,1,0,157,157,157,0,0,0,0,0,False,False
158,stress,close,40,20,0.596497,0.511372,0.638021,0.099022,2,0.126649,1,0.873398,1,0.502829,0.998548,0,0.222662,0.885008,0,0.9632,0.944609,0.688,157,1,0,158,158,158,0,0,0,0,0,False,False
159,stress,close,40,20,0.540839,0.49246,0.662086,0.098641,1,0.169626,1,0.873476,1,0.503503,0.998562,0,0.220849,0.885508,0,0.9632,0.939487,0.688,158,1,0,159,159,159,0,0,0,0,0,False,False
160,stress,close,40,20,0.626179,0.494099,0.470458,0.098197,1,0.155722,1,0.873554,1,0.503958,0.998582,0,0.219181,0.886008,0,0.9632,0.936702,0.688,159,1,0,160,160,160,0,0,0,0,0,False,False
161,stress,close,40,20,0.620143,0.470822,0.415186,0.097759,1,0.204956,1,0.873632,1,0.505086,0.998579,0,0.217646,0.886508,0,0.9632,0.922652,0.688,160,1,0,161,161,161,0,0,0,0,0,False,False
162,stress,close,40,20,0.612824,0.491739,0.608681,0.097328,1,0.121086,1,0.873711,1,0.504992,0.99861,0,0.216235,0.887008,0,0.9632,0.926059,0.688,161,1,0,162,162,162,0,0,0,0,0,False,False
163,stress,close,40,20,0.610692,0.499605,0.614328,0.096907,1,0.114724,1,0.87379,1,0.504822,0.998643,0,0.214936,0.887508,0,0.9632,0.930018,0.688,162,1,0,163,163,163,0,0,0,0,0,False,False
164,stress,close,40,20,0.648084,0.474364,0.605182,0.096499,1,0.17372,1,0.87387,1,0.505493,0.99866,0,0.213741,0.888008,0,0.9632,0.925656,0.688,163,1,0,164,164,164,0,0,0,0,0,False,False
165,stress,close,40,20,0.590975,0.487921,0.567567,0.096104,2,0.103054,1,0.87395,1,0.50515,0.998696,0,0.212642,0.888508,0,0.9632,0.931227,0.688,164,1,0,165,165,165,0,0,0,0,0,False,False
166,stress,close,40,20,0.61822,0.500465,0.60525,0.095727,1,0.117755,1,0.87403,1,0.505037,0.998727,0,0.21163,0.889008,0,0.9632,0.934311,0.688,165,1,0,166,166,166,0,0,0,0,0,False,False
167,stress,close,40,20,0.633261,0.459361,0.621039,0.095369,1,0.173899,1,0.87411,1,0.505724,0.998742,0,0.2107,0.889508,0,0.9632,0.929539,0.688,166,1,0,167,167,167,0,0,0,0,0,False,False
168,stress,close,40,20,0.61419,0.483801,0.609021,0.095031,1,0.130389,1,0.874191,1,0.505776,0.998771,0,0.209844,0.890008,0,0.9632,0.93107,0.688,167,1,0,168,168,168,0,0,0,0,0,False,False
169,stress,close,40,20,0.605129,0.499412,0.588444,0.094717,2,0.105717,1,0.874273,1,0.505487,0.998805,0,0.209056,0.890508,0,0.9632,0.935794,0.688,168,1,0,169,169,169,0,0,0,0,0,False,False
170,stress,close,40,20,0.580267,0.457518,0.662929,0.094427,1,0.20541,1,0.874354,1,0.506616,0.998802,0,0.208332,0.891008,0,0.9632,0.921757,0.688,169,1,0,170,170,170,0,0,0,0,0,False,False
171,stress,close,40,20,0.636122,0.534675,0.678255,0.094163,1,0.14358,1,0.874436,1,0.506831,0.998828,0,0.207665,0.891508,0,0.9632,0.922207,0.688,170,1,0,171,171,171,0,0,0,0,0,False,False
172,stress,close,40,20,0.574591,0.476546,0.479077,0.093926,1,0.098046,1,0.874518,1,0.506406,0.998866,0,0.207052,0.892008,0,0.9632,0.928765,0.688,171,1,0,172,172,172,0,0,0,0,0,False,False
173,stress,close,40,20,0.57506,0.470049,0.637686,0.093718,1,0.167636,1,0.874601,1,0.506984,0.998884,0,0.206488,0.892508,0,0.9632,0.925337,0.688,172,1,0,173,173,173,0,0,0,0,0,False,False
174,stress,close,40,20,0.643352,0.489927,0.529448,0.09354,1,0.153425,1,0.874683,1,0.507342,0.998907,0,0.205969,0.893008,0,0.9632,0.924136,0.688,173,1,0,174,174,174,0,0,0,0,0,False,False
175,stress,close,40,20,0.632471,0.50358,0.599747,0.093392,1,0.128891,1,0.874766,1,0.507347,0.998936,0,0.205491,0.893508,0,0.9632,0.926356,0.688,174,1,0,175,175,175,0,0,0,0,0,False,False
176,stress,recurse,40,20,0.585382,0.491951,0.69598,0.093276,0,0.204029,0.986372,0.886049,1,0.530993,0.998924,1,0.205491,0.893831,0,0.9632,0.91246,0.688,174,2,0,176,176,176,0,0,0,0,0,False,False
177,stress,close,40,20,0.635789,0.514757,0.424072,0.093192,1,0.211717,0.987224,0.885797,1,0.53099,0.998931,0,0.205052,0.894508,0,0.9632,0.898773,0.688,175,2,0,177,177,177,0,0,0,0,0,False,False
178,stress,close,40,20,0.621608,0.453049,0.626273,0.093139,1,0.173223,0.988049,0.885555,1,0.530456,0.998953,0,0.204648,0.895008,0,0.9632,0.897291,0.688,176,2,0,178,178,178,0,0,0,0,0,False,False
179,stress,close,40,20,0.589731,0.477246,0.612566,0.093118,1,0.13532,0.988849,0.885322,1,0.529427,0.998985,0,0.204276,0.895508,0,0.9632,0.901058,0.688,177,2,0,179,179,179,0,0,0,0,0,False,False
180,stress,close,40,20,0.61376,0.472961,0.533393,0.093129,2,0.1408,0.989623,0.8851,1,0.528533,0.999016,0,0.203934,0.896008,0,0.9632,0.903747,0.688,178,2,0,180,180,180,0,0,0,0,0,False,False
181,stress,close,40,20,0.636456,0.494312,0.501938,0.093172,1,0.142144,0.990373,0.884887,1,0.527711,0.999045,0,0.203619,0.896508,0,0.9632,0.906012,0.688,179,2,0,181,181,181,0,0,0,0,0,False,False
182,stress,close,40,20,0.626719,0.454163,0.41579,0.093245,1,0.210929,0.9911,0.884683,1,0.5279,0.999043,0,0.20333,0.897008,0,0.9632,0.892422,0.688,180,2,0,182,182,182,0,0,0,0,0,False,False
183,stress,close,40,20,0.623727,0.495254,0.672249,0.093349,1,0.176995,0.991803,0.884488,1,0.527613,0.999065,0,0.203063,0.897508,0,0.9632,0.891002,0.688,181,2,0,183,183,183,0,0,0,0,0,False,False
184,stress,close,40,20,0.612893,0.52326,0.582829,0.093481,3,0.089633,0.992484,0.884302,1,0.526125,0.999111,0,0.212818,0.898008,0,0.9632,0.901503,0.688,182,2,0,184,184,184,0,0,0,0,0,False,False
185,stress,recurse,40,20,0.59996,0.436485,0.724505,0.093642,0,0.28802,0.97891,0.895517,1,0.550471,0.999098,1,0.212818,0.898289,0,0.9632,0.887981,0.688,182,3,0,185,185,185,0,0,0,0,0,False,False
186,stress,close,40,20,0.617472,0.481421,0.54296,0.09383,2,0.136051,0.979976,0.895006,1,0.548506,0.999143,0,0.211793,0.899008,0,0.9632,0.892487,0.688,183,3,0,186,186,186,0,0,0,0,0,False,False
187,stress,close,40,20,0.570765,0.476895,0.615751,0.094042,2,0.138856,0.981008,0.894512,1,0.546686,0.999176,0,0.210849,0.899508,0,0.9632,0.89621,0.688,184,3,0,187,187,187,0,0,0,0,0,False,False
188,stress,close,40,20,0.603268,0.476406,0.56699,0.094278,2,0.126862,0.982008,0.894036,1,0.544797,0.999211,0,0.209981,0.900008,0,0.9632,0.901217,0.688,185,3,0,188,188,188,0,0,0,0,0,False,False
189,stress,close,40,20,0.607983,0.512459,0.483328,0.094536,1,0.124655,0.982977,0.893577,1,0.54298,0.999246,0,0.209183,0.900508,0,0.9632,0.906071,0.688,186,3,0,189,189,189,0,0,0,0,0,False,False
190,stress,recurse,40,20,0.56952,0.467675,0.693079,0.094814,0,0.225404,0.969594,0.904636,1,0.565863,0.999231,1,0.209183,0.900766,0,0.9632,0.89248,0.688,186,4,0,190,190,190,0,0,0,0,0,False,False
191,stress,close,40,20,0.611355,0.48625,0.576708,0.09511,2,0.125105,0.970933,0.903864,1,0.563014,0.999279,0,0.208448,0.901508,0,0.9632,0.898059,0.688,187,4,0,191,191,191,0,0,0,0,0,False,False
192,stress,close,40,20,0.612649,0.478936,0.59163,0.095421,1,0.133713,0.972231,0.903119,1,0.560436,0.999312,0,0.207772,0.902008,0,0.9632,0.901975,0.688,188,4,0,192,192,192,0,0,0,0,0,False,False
193,stress,close,40,20,0.62285,0.467367,0.592624,0.095745,1,0.155483,0.973489,0.902398,1,0.5583,0.999339,0,0.207151,0.902508,0,0.9632,0.902599,0.688,189,4,0,193,193,193,0,0,0,0,0,False,False
194,stress,close,40,20,0.623629,0.477236,0.707941,0.09608,1,0.230704,0.974707,0.901702,1,0.557331,0.999336,0,0.206579,0.903008,0,0.9632,0.88906,0.688,190,4,0,194,194,194,0,0,0,0,0,False,False
195,stress,close,40,20,0.586844,0.471774,0.588255,0.096424,1,0.116481,0.975888,0.901029,1,0.55482,0.999376,0,0.206052,0.903508,0,0.9632,0.896112,0.688,191,4,0,195,195,195,0,0,0,0,0,False,False
196,stress,close,40,20,0.629566,0.503623,0.594524,0.096774,2,0.125943,0.977033,0.90038,1,0.552574,0.999411,0,0.205568,0.904008,0,0.9632,0.901251,0.688,192,4,0,196,196,196,0,0,0,0,0,False,False
197,stress,close,40,20,0.651969,0.523795,0.473727,0.097127,1,0.178242,0.978142,0.899752,1,0.551181,0.999431,0,0.205123,0.904508,0,0.9632,0.898868,0.688,193,4,0,197,197,197,0,0,0,0,0,False,False
198,stress,close,40,20,0.565188,0.511422,0.592095,0.096961,3,0.080673,0.979216,0.899147,1,0.548499,0.999478,0,0.214713,0.905008,0,0.9632,0.909871,0.688,194,4,0,198,198,198,0,0,0,0,0,False,False
199,stress,close,40,20,0.643124,0.475133,0.534571,0.096517,1,0.167991,0.980257,0.898562,1,0.547181,0.999498,0,0.213536,0.905485,0,0.9632,0.908096,0.688,195,4,0,199,199,199,0,0,0,0,0,False,False
200,stress,close,40,20,0.585925,0.465736,0.478458,0.096077,1,0.120189,0.981266,0.897997,1,0.545269,0.999532,0,0.212453,0.90596,0,0.9632,0.912934,0.688,196,4,0,200,200,200,0,0,0,0,0,False,False
201,stress,close,40,20,0.604282,0.435131,0.565706,0.095644,1,0.169152,0.982243,0.897452,1,0.544145,0.999549,0,0.211457,0.906393,0,0.9632,0.910726,0.688,197,4,0,201,201,201,0,0,0,0,0,False,False
202,stress,close,40,20,0.590682,0.478377,0.425101,0.09522,1,0.165581,0.983189,0.896926,1,0.543035,0.999567,0,0.21054,0.906818,0,0.9632,0.9092,0.688,198,4,0,202,202,202,0,0,0,0,0,False,False
203,stress,close,40,20,0.586907,0.50728,0.579316,0.094808,3,0.079627,0.984106,0.896419,1,0.540785,0.999609,0,0.219697,0.907243,0,0.9632,0.919414,0.688,199,4,0,203,203,203,0,0,0,0,0,False,False
204,stress,close,40,20,0.566116,0.486024,0.507506,0.094409,3,0.080091,0.984984,0.89593,1,0.538662,0.999625,0,0.228121,0.907668,0,0.95403,0.928096,0.6225,200,4,0,204,204,204,0,0,0,0,0,False,False
205,stress,close,40,20,0.631211,0.497507,0.552857,0.094027,2,0.133704,0.985824,0.895458,1,0.537404,0.999626,0,0.225872,0.908093,0,0.945777,0.928264,0.6225,201,4,0,205,205,205,0,0,0,0,0,False,False
206,stress,close,40,20,0.629669,0.514619,0.60398,0.093664,2,0.11505,0.986629,0.895003,1,0.535955,0.999633,0,0.223802,0.908518,0,0.938349,0.930489,0.6225,202,4,0,206,206,206,0,0,0,0,0,False,False
207,stress,close,40,20,0.581012,0.473602,0.515265,0.09332,2,0.10741,0.9874,0.894564,1,0.53448,0.999642,0,0.221898,0.908938,0,0.931664,0.933145,0.6225,203,4,0,207,207,207,0,0,0,0,0,False,False
208,stress,close,40,20,0.599836,0.52616,0.621201,0.092999,2,0.09504,0.98814,0.894142,1,0.532913,0.999655,0,0.220146,0.909338,0,0.925648,0.93687,0.6225,204,4,0,208,208,208,0,0,0,0,0,False,False
209,stress,recurse,40,20,0.60237,0.498614,0.284892,0.092702,0,0.317478,0.97419,0.905646,1,0.558565,0.999617,1,0.220146,0.90941,0,0.920233,0.922817,0.6225,204,5,0,209,209,209,0,0,0,0,0,False,False
210,stress,close,40,20,0.554815,0.475634,0.606918,0.092431,2,0.131284,0.975311,0.904897,1,0.556317,0.999639,0,0.218534,0.910138,0,0.91536,0.921962,0.6225,205,5,0,210,210,210,0,0,0,0,0,False,False
211,stress,close,40,20,0.591069,0.495771,0.429524,0.092187,1,0.161546,0.976392,0.904172,1,0.554613,0.999638,0,0.217051,0.910538,0,0.910974,0.916835,0.6225,206,5,0,211,211,211,0,0,0,0,0,False,False
212,stress,close,40,20,0.554796,0.528066,0.430135,0.091971,1,0.124661,0.977435,0.903472,1,0.552485,0.999648,0,0.215687,0.910938,0,0.907026,0.916912,0.6225,207,5,0,212,212,212,0,0,0,0,0,False,False
213,stress,close,40,20,0.589242,0.489503,0.535363,0.091785,2,0.099739,0.978442,0.902796,1,0.550123,0.999666,0,0.214432,0.911338,0,0.903474,0.920134,0.6225,208,5,0,213,213,213,0,0,0,0,0,False,False
214,stress,close,40,20,0.580736,0.488591,0.485056,0.091629,1,0.09568,0.979413,0.902143,1,0.54783,0.999684,0,0.213278,0.911738,0,0.900276,0.923422,0.6225,209,5,0,214,214,214,0,0,0,0,0,False,False
215,stress,close,40,20,0.607666,0.4575,0.395225,0.091505,1,0.212441,0.98035,0.901512,1,0.547294,0.999668,0,0.212216,0.912113,0,0.897399,0.90957,0.6225,210,5,0,215,215,215,0,0,0,0,0,False,False
216,stress,recurse,40,20,0.616916,0.498698,0.403253,0.091411,0,0.213663,0.96647,0.912966,1,0.571134,0.999635,1,0.212216,0.912128,0,0.894809,0.895927,0.6225,210,6,0,216,216,216,0,0,0,0,0,False,False
217,stress,close,40,20,0.629528,0.549855,0.506807,0.09135,2,0.12272,0.967788,0.912016,1,0.568192,0.999669,0,0.211238,0.912863,0,0.892478,0.897275,0.6225,211,6,0,217,217,217,0,0,0,0,0,False,False
218,stress,close,40,20,0.549458,0.49348,0.652125,0.091321,1,0.158645,0.969062,0.911098,1,0.565909,0.999675,0,0.210339,0.913238,0,0.89038,0.893526,0.6225,212,6,0,218,218,218,0,0,0,0,0,False,False
219,stress,close,40,20,0.583036,0.516067,0.607859,0.091323,2,0.091793,0.970294,0.910209,1,0.562811,0.9997,0,0.209512,0.913613,0,0.888492,0.899026,0.6225,213,6,0,219,219,219,0,0,0,0,0,False,False
220,stress,close,40,20,0.596764,0.514071,0.364747,0.091357,1,0.232018,0.971486,0.90935,1,0.56184,0.999687,0,0.208751,0.913988,0,0.886793,0.885541,0.6225,214,6,0,220,220,220,0,0,0,0,0,False,False
221,stress,close,40,20,0.639881,0.501266,0.64492,0.091422,1,0.143654,0.97264,0.90852,1,0.559687,0.9997,0,0.208051,0.914363,0,0.885264,0.884564,0.6225,215,6,0,221,221,221,0,0,0,0,0,False,False
222,stress,close,40,20,0.635131,0.480573,0.398411,0.091518,1,0.236721,0.973756,0.907717,1,0.558954,0.999689,0,0.207407,0.914738,0,0.883887,0.871296,0.6225,216,6,0,222,222,222,0,0,0,0,0,False,False
223,stress,close,40,20,0.629959,0.518996,0.498462,0.091643,1,0.131497,0.974836,0.906941,1,0.556791,0.999708,0,0.206814,0.915113,0,0.882649,0.873086,0.6225,217,6,0,223,223,223,0,0,0,0,0,False,False
224,stress,close,40,20,0.611398,0.484799,0.493738,0.091796,1,0.126599,0.975881,0.906191,1,0.554676,0.999729,0,0.206269,0.915488,0,0.881534,0.875309,0.6225,218,6,0,224,224,224,0,0,0,0,0,False,False
225,stress,close,40,20,0.601177,0.483105,0.458976,0.091977,1,0.1422,0.976892,0.905466,1,0.552893,0.999745,0,0.205768,0.915863,0,0.88053,0.875166,0.6225,219,6,0,225,225,225,0,0,0,0,0,False,False
226,stress,close,40,20,0.570641,0.485108,0.37947,0.092183,1,0.191171,0.977871,0.904766,1,0.551893,0.999748,0,0.205306,0.916238,0,0.879627,0.868371,0.6225,220,6,0,226,226,226,0,0,0,0,0,False,False
227,stress,close,40,20,0.583609,0.489827,0.493204,0.092413,2,0.093782,0.978818,0.904089,1,0.549587,0.999778,0,0.204882,0.916613,0,0.878815,0.875286,0.6225,221,6,0,227,227,227,0,0,0,0,0,False,False
228,stress,close,40,20,0.638331,0.51024,0.595669,0.092665,2,0.128091,0.979734,0.903436,1,0.547884,0.999798,0,0.204491,0.916988,0,0.878083,0.876903,0.6225,222,6,0,228,228,228,0,0,0,0,0,False,False
229,stress,close,40,20,0.576661,0.506109,0.504099,0.092937,3,0.072562,0.980621,0.902805,1,0.545497,0.999833,0,0.214132,0.917363,0,0.877425,0.885831,0.6225,223,6,0,229,229,229,0,0,0,0,0,False,False
230,stress,close,40,20,0.626195,0.500285,0.518613,0.093228,1,0.125911,0.98148,0.902196,1,0.543985,0.999852,0,0.213001,0.917738,0,0.876832,0.886718,0.6225,224,6,0,230,230,230,0,0,0,0,0,False,False
231,stress,close,40,20,0.618684,0.460355,0.552079,0.093536,2,0.158328,0.982311,0.901607,1,0.543009,0.999863,0,0.211961,0.918113,0,0.876299,0.883117,0.6225,225,6,0,231,231,231,0,0,0,0,0,False,False
232,stress,close,40,20,0.637179,0.484807,0.400304,0.093856,1,0.236875,0.983116,0.901039,1,0.54319,0.999854,0,0.211004,0.918488,0,0.875819,0.869871,0.6225,226,6,0,232,232,232,0,0,0,0,0,False,False
233,stress,close,40,20,0.610539,0.486777,0.472944,0.094189,1,0.137595,0.983894,0.900491,1,0.54198,0.999873,0,0.210124,0.918863,0,0.875387,0.87053,0.6225,227,6,0,233,233,233,0,0,0,0,0,False,False
234,stress,close,40,20,0.64032,0.456467,0.436603,0.094531,1,0.203717,0.984648,0.899962,1,0.541763,0.999864,0,0.209314,0.919238,0,0.874999,0.857472,0.6225,228,6,0,234,234,234,0,0,0,0,0,False,False
235,stress,close,40,20,0.638025,0.451562,0.492707,0.094879,1,0.186462,0.985377,0.899452,1,0.541324,0.999872,0,0.208569,0.919613,0,0.874649,0.852606,0.6225,229,6,0,235,235,235,0,0,0,0,0,False,False
236,stress,close,40,20,0.605224,0.483832,0.505897,0.095231,1,0.121392,0.986083,0.898959,1,0.540004,0.999899,0,0.207883,0.919988,0,0.874334,0.856944,0.6225,230,6,0,236,236,236,0,0,0,0,0,False,False
237,stress,close,40,20,0.601064,0.472687,0.578768,0.095281,1,0.128377,0.986766,0.898485,1,0.538855,0.999923,0,0.207253,0.920363,0,0.87405,0.859931,0.6225,231,6,0,237,237,237,0,0,0,0,0,False,False
238,stress,close,40,20,0.613232,0.484101,0.616957,0.094836,1,0.132856,0.987427,0.898027,1,0.537835,0.999945,0,0.206673,0.920722,0,0.873795,0.862029,0.6225,232,6,0,238,238,238,0,0,0,0,0,False,False
239,stress,close,40,20,0.563884,0.507993,0.572836,0.094395,3,0.064843,0.988067,0.897586,1,0.535921,0.999983,0,0.216139,0.92105,0,0.873566,0.873107,0.6225,233,6,0,239,239,239,0,0,0,0,0,False,False
240,stress,close,40,20,0.581227,0.493224,0.614099,0.09396,2,0.120874,0.988687,0.89716,1,0.534895,1,0,0.214848,0.921375,0,0.873359,0.875611,0.6225,234,6,0,240,240,240,0,0,0,0,0,False,False
241,stress,close,40,20,0.631678,0.492216,0.671635,0.093533,1,0.179419,0.989286,0.89675,1,0.534748,1,0,0.21366,0.9217,0,0.873173,0.869975,0.6225,235,6,0,241,241,241,0,0,0,0,0,False,False
242,stress,close,40,20,0.600299,0.498489,0.573916,0.093118,2,0.101809,0.989866,0.896356,1,0.533529,1,0,0.212567,0.922025,0,0.873006,0.875313,0.6225,236,6,0,242,242,242,0,0,0,0,0,False,False
243,stress,close,40,20,0.639329,0.485842,0.667659,0.092716,1,0.181817,0.990427,0.895975,1,0.5335,1,0,0.211562,0.92235,0,0.872855,0.869361,0.6225,237,6,0,243,243,243,0,0,0,0,0,False,False
244,stress,close,40,20,0.610167,0.510846,0.647653,0.092329,1,0.136807,0.99097,0.895609,1,0.532849,1,0,0.210637,0.922675,0,0.87272,0.870013,0.6225,238,6,0,244,244,244,0,0,0,0,0,False,False
245,stress,close,40,20,0.599769,0.491573,0.580595,0.09196,2,0.108195,0.991496,0.895257,1,0.531839,1,0,0.209786,0.923,0,0.872598,0.874461,0.6225,239,6,0,245,245,245,0,0,0,0,0,False,False
246,stress,close,40,20,0.59638,0.487992,0.609982,0.091611,1,0.12199,0.992004,0.894918,1,0.531079,1,0,0.209003,0.923325,0,0.872488,0.87664,0.6225,240,6,0,246,246,246,0,0,0,0,0,False,False
247,stress,close,40,20,0.599354,0.488537,0.546127,0.091284,2,0.110817,0.992496,0.894592,1,0.53021,1,0,0.208283,0.92365,0,0.872389,0.880126,0.6225,241,6,0,247,247,247,0,0,0,0,0,False,False
248,stress,close,40,20,0.619708,0.46655,0.561086,0.09098,1,0.153158,0.992972,0.894279,1,0.529984,1,0,0.20762,0.92397,0,0.8723,0.877576,0.6225,242,6,0,248,248,248,0,0,0,0,0,False,False
249,stress,close,40,20,0.652518,0.462589,0.691621,0.090702,1,0.229031,0.993432,0.893977,1,0.53084,1,0,0.20701,0.92427,0,0.87222,0.864412,0.6225,243,6,0,249,249,249,0,0,0,0,0,False,False
250,stress,close,40,20,0.611883,0.437351,0.524254,0.09045,2,0.174532,0.993877,0.893688,1,0.530898,1,0,0.20645,0.92457,0,0.872148,0.860382,0.6225,244,6,0,250,250,250,0,0,0,0,0,False,False
251,stress,close,40,20,0.62164,0.478244,0.629643,0.090227,1,0.151399,0.994308,0.89341,1,0.530637,1,0,0.205934,0.92487,0,0.872083,0.859834,0.6225,245,6,0,251,251,251,0,0,0,0,0,False,False
252,stress,close,40,20,0.639543,0.461616,0.631553,0.090033,1,0.177927,0.994724,0.893143,1,0.530768,1,0,0.205459,0.92517,0,0.872025,0.85575,0.6225,246,6,0,252,252,252,0,0,0,0,0,False,False
253,stress,recurse,40,20,0.670568,0.518545,0.420961,0.089869,0,0.249607,0.979684,0.905748,1,0.557839,1,1,0.205459,0.92494,0.0007,0.871973,0.842914,0.6225,246,7,0,253,253,253,0,0,0,0,0,False,False
254,stress,close,40,20,0.604001,0.435484,0.656423,0.089735,1,0.22094,0.980537,0.905117,1,0.557228,1,0,0.205022,0.92577,0,0.871925,0.83027,0.6225,247,7,0,254,254,254,0,0,0,0,0,False,False
255,stress,close,40,20,0.637873,0.472961,0.503866,0.089633,1,0.164912,0.981363,0.904507,1,0.555871,1,0,0.20462,0.92607,0,0.871883,0.830596,0.6225,248,7,0,255,255,255,0,0,0,0,0,False,False
256,stress,close,40,20,0.601208,0.445716,0.642841,0.089564,1,0.197124,0.982163,0.903918,1,0.555041,1,0,0.204251,0.92637,0,0.871845,0.818137,0.6225,249,7,0,256,256,256,0,0,0,0,0,False,False
257,stress,close,40,20,0.633853,0.514791,0.593703,0.089526,2,0.119062,0.982937,0.903349,1,0.553167,1,0,0.203911,0.92667,0,0.87181,0.82574,0.6225,250,7,0,257,257,257,0,0,0,0,0,False,False
258,stress,close,40,20,0.637639,0.505202,0.51804,0.08952,1,0.132437,0.983687,0.902801,1,0.551582,1,0,0.203598,0.92697,0,0.871779,0.830851,0.6225,251,7,0,258,258,258,0,0,0,0,0,False,False
259,stress,close,40,20,0.608652,0.47786,0.604766,0.089545,1,0.130792,0.984414,0.902271,1,0.550062,1,0,0.20331,0.927253,0,0.871751,0.835723,0.6225,252,7,0,259,259,259,0,0,0,0,0,False,False
260,stress,close,40,20,0.623021,0.48997,0.525128,0.089602,1,0.133052,0.985117,0.90176,1,0.548656,1,0,0.203045,0.927528,0,0.871726,0.839849,0.6225,253,7,0,260,260,260,0,0,0,0,0,False,False
261,stress,close,40,20,0.599884,0.448123,0.531417,0.089689,2,0.151761,0.985798,0.901267,1,0.547591,1,0,0.202802,0.927803,0,0.871703,0.841077,0.6225,254,7,0,261,261,261,0,0,0,0,0,False,False
262,stress,close,40,20,0.607709,0.433375,0.495572,0.089806,1,0.174335,0.986458,0.900792,1,0.546903,1,0,0.202578,0.928078,0,0.871683,0.839146,0.6225,255,7,0,262,262,262,0,0,0,0,0,False,False
263,stress,close,40,20,0.620769,0.493537,0.533279,0.089952,2,0.127231,0.987096,0.900334,1,0.545597,1,0,0.202371,0.928353,0,0.871665,0.843747,0.6225,256,7,0,263,263,263,0,0,0,0,0,False,False
264,stress,close,40,20,0.593691,0.486281,0.591265,0.090125,1,0.10741,0.987714,0.899892,1,0.544088,1,0,0.202182,0.928628,0,0.871648,0.850608,0.6225,257,7,0,264,264,264,0,0,0,0,0,False,False
265,stress,close,40,20,0.611194,0.507845,0.66829,0.090325,1,0.160445,0.988313,0.899466,1,0.543404,1,0,0.202007,0.928903,0,0.871633,0.849691,0.6225,258,7,0,265,265,265,0,0,0,0,0,False,False
266,stress,close,40,20,0.647201,0.456899,0.567234,0.090548,1,0.190302,0.988892,0.899056,1,0.54318,1,0,0.201847,0.929178,0,0.87162,0.844825,0.6225,259,7,0,266,266,266,0,0,0,0,0,False,False
267,stress,close,40,20,0.581504,0.460077,0.611672,0.090795,1,0.151596,0.989453,0.898661,1,0.542433,1,0,0.201699,0.929453,0,0.871608,0.845622,0.6225,260,7,0,267,267,267,0,0,0,0,0,False,False
268,stress,close,40,20,0.657714,0.449737,0.632538,0.091062,1,0.207977,0.989995,0.89828,1,0.542521,1,0,0.201563,0.929728,0,0.871597,0.832938,0.6225,261,7,0,268,268,268,0,0,0,0,0,False,False
269,stress,close,40,20,0.652298,0.482851,0.533465,0.091348,1,0.169447,0.99052,0.897914,1,0.542073,1,0,0.201438,0.930003,0,0.871588,0.832393,0.6225,262,7,0,269,269,269,0,0,0,0,0,False,False
270,stress,close,40,20,0.619238,0.469595,0.579658,0.091651,1,0.149643,0.991029,0.897561,1,0.541378,1,0,0.201323,0.930275,0,0.871579,0.834571,0.6225,263,7,0,270,270,270,0,0,0,0,0,False,False
271,stress,close,40,20,0.618564,0.484211,0.660584,0.091969,1,0.176373,0.99152,0.897222,1,0.5411,1,0,0.201217,0.930525,0,0.871571,0.832943,0.6225,264,7,0,271,271,271,0,0,0,0,0,False,False
272,stress,close,40,20,0.642651,0.466996,0.580865,0.092298,1,0.175654,0.991996,0.896895,1,0.540833,1,0,0.20112,0.930775,0,0.871564,0.831559,0.6225,265,7,0,272,272,272,0,0,0,0,0,False,False
273,stress,close,40,20,0.626451,0.478298,0.52599,0.092638,1,0.148152,0.992457,0.896582,1,0.540203,1,0,0.20103,0.931025,0,0.871557,0.834012,0.6225,266,7,0,273,273,273,0,0,0,0,0,False,False
274,stress,close,40,20,0.574347,0.50085,0.459467,0.092985,2,0.11488,0.992902,0.89628,1,0.539146,1,0,0.200948,0.931275,0,0.871552,0.840735,0.6225,267,7,0,274,274,274,0,0,0,0,0,False,False
275,stress,close,40,20,0.650018,0.510374,0.651918,0.093336,1,0.141544,0.993333,0.89599,1,0.538523,1,0,0.200872,0.931525,0,0.871547,0.843253,0.6225,268,7,0,275,275,275,0,0,0,0,0,False,False
276,stress,close,40,20,0.598094,0.518627,0.663199,0.093602,2,0.144572,0.99375,0.895712,1,0.537982,1,0,0.200802,0.931775,0,0.871542,0.845136,0.6225,269,7,0,276,276,276,0,0,0,0,0,False,False
277,stress,close,40,20,0.586623,0.492963,0.583895,0.093156,2,0.093659,0.994153,0.895444,1,0.536762,1,0,0.200738,0.932025,0,0.871538,0.853722,0.6225,270,7,0,277,277,277,0,0,0,0,0,False,False
278,stress,close,40,20,0.645965,0.491718,0.404076,0.092714,1,0.241889,0.994543,0.895188,1,0.537687,1,0,0.200679,0.932275,0,0.871534,0.840916,0.6225,271,7,0,278,278,278,0,0,0,0,0,False,False
279,stress,close,40,20,0.638685,0.486467,0.579432,0.092277,1,0.152218,0.99492,0.894942,1,0.537318,1,0,0.200625,0.932525,0,0.871531,0.841976,0.6225,272,7,0,279,279,279,0,0,0,0,0,False,False
280,stress,recurse,40,20,0.615692,0.509884,0.398812,0.091848,0,0.21688,0.979361,0.908151,1,0.564991,1,1,0.200625,0.932121,0.00123,0.871527,0.829346,0.6225,272,8,0,280,280,280,0,0,0,0,0,False,False
281,stress,close,40,20,0.597971,0.510426,0.475816,0.091429,2,0.122156,0.980191,0.907521,1,0.562852,1,0,0.200575,0.933025,0,0.871525,0.835505,0.6225,273,8,0,281,281,281,0,0,0,0,0,False,False
282,stress,close,40,20,0.637957,0.483557,0.526895,0.091023,1,0.1544,0.980995,0.906913,1,0.561279,1,0,0.200529,0.933274,0,0.871522,0.836757,0.6225,274,8,0,282,282,282,0,0,0,0,0,False,False
283,stress,close,40,20,0.623225,0.527037,0.592083,0.090632,2,0.096188,0.981774,0.906326,1,0.558977,1,0,0.200486,0.933499,0,0.87152,0.845755,0.6225,275,8,0,283,283,283,0,0,0,0,0,False,False
284,stress,close,40,20,0.55949,0.499169,0.447033,0.090258,2,0.112457,0.982528,0.90576,1,0.557026,1,0,0.200447,0.933724,0,0.871518,0.851746,0.6225,276,8,0,284,284,284,0,0,0,0,0,False,False
285,stress,close,40,20,0.63977,0.510698,0.633208,0.089903,1,0.129073,0.983258,0.905213,1,0.555413,1,0,0.200412,0.933949,0,0.871516,0.854955,0.6225,277,8,0,285,285,285,0,0,0,0,0,False,False
286,stress,close,40,20,0.611039,0.509354,0.498262,0.08957,1,0.112777,0.983965,0.904685,1,0.553661,1,0,0.200379,0.934174,0,0.871515,0.860075,0.6225,278,8,0,286,286,286,0,0,0,0,0,False,False
287,stress,close,40,20,0.570272,0.490868,0.65124,0.08926,2,0.160373,0.98465,0.904176,1,0.55267,1,0,0.200348,0.934399,0,0.871513,0.858309,0.6225,279,8,0,287,287,287,0,0,0,0,0,False,False
288,stress,close,40,20,0.57065,0.477414,0.431913,0.088975,1,0.138737,0.985313,0.903685,1,0.551434,1,0,0.200321,0.934624,0,0.871512,0.859623,0.6225,280,8,0,288,288,288,0,0,0,0,0,False,False
289,stress,close,40,20,0.577396,0.475661,0.38706,0.088716,1,0.190336,0.985955,0.903212,1,0.55099,1,0,0.200295,0.934849,0,0.871511,0.853852,0.6225,281,8,0,289,289,289,0,0,0,0,0,False,False
290,stress,close,40,20,0.592983,0.503513,0.416927,0.088485,1,0.176056,0.986577,0.902755,1,0.550376,1,0,0.200271,0.935074,0,0.87151,0.850528,0.6225,282,8,0,290,290,290,0,0,0,0,0,False,False
291,stress,close,40,20,0.564199,0.464323,0.545461,0.088282,2,0.099876,0.987179,0.902315,1,0.548734,1,0,0.20025,0.935299,0,0.871509,0.857788,0.6225,283,8,0,291,291,291,0,0,0,0,0,False,False
292,stress,close,40,20,0.567412,0.533449,0.467801,0.08811,2,0.099611,0.987761,0.901891,1,0.547178,1,0,0.20023,0.935524,0,0.871508,0.86443,0.6225,284,8,0,292,292,292,0,0,0,0,0,False,False
293,stress,close,40,20,0.56015,0.507014,0.454487,0.087968,2,0.105664,0.988325,0.901482,1,0.545793,1,0,0.200211,0.935745,0,0.871507,0.869657,0.6225,285,8,0,293,293,293,0,0,0,0,0,False,False
294,stress,close,40,20,0.613198,0.449944,0.561541,0.087858,1,0.163254,0.988871,0.901088,1,0.545291,1,0,0.200194,0.935945,0,0.871506,0.866639,0.6225,286,8,0,294,294,294,0,0,0,0,0,False,False
295,stress,close,40,20,0.613407,0.509932,0.532435,0.087779,2,0.103475,0.989399,0.900709,1,0.543985,1,0,0.200179,0.936145,0,0.871506,0.871963,0.6225,287,8,0,295,295,295,0,0,0,0,0,False,False
296,stress,close,40,20,0.611242,0.486211,0.590091,0.087733,1,0.125031,0.98991,0.900344,1,0.543054,1,0,0.200165,0.936345,0,0.871505,0.873897,0.6225,288,8,0,296,296,296,0,0,0,0,0,False,False
297,stress,close,40,20,0.59433,0.539327,0.449416,0.087718,1,0.144915,0.990405,0.899993,1,0.542456,1,0,0.200151,0.936545,0,0.871505,0.872973,0.6225,289,8,0,297,297,297,0,0,0,0,0,False,False
298,stress,close,40,20,0.587442,0.545278,0.563264,0.087735,3,0.042163,0.990883,0.899655,1,0.540457,1,0,0.210139,0.936745,0,0.871504,0.886004,0.6225,290,8,0,298,298,298,0,0,0,0,0,False,False
299,stress,close,40,20,0.565554,0.506866,0.554848,0.087784,3,0.058688,0.991346,0.89933,1,0.538797,1,0,0.219328,0.936939,0,0.871504,0.895631,0.6225,291,8,0,299,299,299,0,0,0,0,0,False,False
300,stress,recurse,40,20,0.60346,0.498584,0.3722,0.087863,0,0.23126,0.975516,0.912894,1,0.567626,1,1,0.219328,0.936368,0.001623,0.871503,0.882196,0.6225,291,9,0,300,300,300,0,0,0,0,0,False,False
301,stress,close,40,20,0.571635,0.478391,0.458758,0.087972,1,0.112877,0.976438,0.912177,1,0.565382,1,0,0.217782,0.937289,0,0.871503,0.884851,0.6225,292,9,0,301,301,301,0,0,0,0,0,False,False
302,stress,close,40,20,0.601242,0.491191,0.551925,0.08811,2,0.110051,0.977331,0.911485,1,0.563218,1,0,0.216359,0.937464,0,0.871503,0.887647,0.6225,293,9,0,302,302,302,0,0,0,0,0,False,False
303,stress,recurse,40,20,0.595491,0.50601,0.393012,0.088276,0,0.202479,0.961864,0.924758,1,0.590577,1,1,0.216359,0.936879,0.001682,0.871502,0.874332,0.6225,293,10,0,303,303,303,0,0,0,0,0,False,False
304,stress,close,40,20,0.578422,0.554492,0.44633,0.088469,1,0.132092,0.963192,0.923693,1,0.587478,1,0,0.215051,0.937814,0,0.871502,0.8751,0.6225,294,10,0,304,304,304,0,0,0,0,0,False,False
305,stress,close,40,20,0.615512,0.496163,0.493489,0.088686,1,0.122023,0.964479,0.922663,1,0.584401,1,0,0.213847,0.937976,0,0.871502,0.877158,0.6225,295,10,0,305,305,305,0,0,0,0,0,False,False
306,stress,close,40,20,0.587437,0.493378,0.50784,0.088926,2,0.094059,0.965726,0.921667,1,0.581095,1,0,0.212739,0.938126,0,0.871502,0.882806,0.6225,296,10,0,306,306,306,0,0,0,0,0,False,False
307,stress,close,40,20,0.566678,0.47155,0.393158,0.089188,1,0.17352,0.966934,0.920704,1,0.579073,1,0,0.21172,0.938276,0,0.871502,0.877218,0.6225,297,10,0,307,307,307,0,0,0,0,0,False,False
308,stress,close,40,20,0.588614,0.467709,0.533355,0.089469,2,0.120906,0.968105,0.919772,1,0.576425,1,0,0.210782,0.938426,0,0.871501,0.879237,0.6225,298,10,0,308,308,308,0,0,0,0,0,False,False
309,stress,close,40,20,0.579419,0.481666,0.575146,0.089768,1,0.097753,0.96924,0.918871,1,0.573592,1,0,0.20992,0.938576,0,0.871501,0.884199,0.6225,299,10,0,309,309,309,0,0,0,0,0,False,False
310,stress,close,40,20,0.611742,0.516226,0.447074,0.090082,1,0.164668,0.970339,0.917999,1,0.571845,1,0,0.209126,0.938726,0,0.871501,0.879681,0.6225,300,10,0,310,310,310,0,0,0,0,0,False,False
311,stress,close,40,20,0.591948,0.445964,0.539655,0.090408,1,0.145984,0.971404,0.917157,1,0.569933,1,0,0.208396,0.938876,0,0.871501,0.878092,0.6225,301,10,0,311,311,311,0,0,0,0,0,False,False
312,stress,close,40,20,0.601695,0.517666,0.480161,0.090746,2,0.121535,0.972437,0.916342,1,0.567781,1,0,0.207724,0.939026,0,0.871501,0.879946,0.6225,302,10,0,312,312,312,0,0,0,0,0,False,False
313,stress,close,40,20,0.633271,0.490891,0.479747,0.091091,1,0.153524,0.973436,0.915555,1,0.566193,1,0,0.207106,0.939176,0,0.871501,0.877316,0.6225,303,10,0,313,313,313,0,0,0,0,0,False,False
314,stress,close,40,20,0.627484,0.495342,0.549633,0.091441,2,0.132142,0.974405,0.914794,1,0.564392,1,0,0.206538,0.939323,0,0.871501,0.877808,0.6225,304,10,0,314,314,314,0,0,0,0,0,False,False
315,stress,close,40,20,0.598803,0.492973,0.453343,0.091795,1,0.14546,0.975344,0.914059,1,0.562876,1,0,0.206015,0.939448,0,0.871501,0.876458,0.6225,305,10,0,315,315,315,0,0,0,0,0,False,False
316,stress,close,40,20,0.602936,0.49113,0.464117,0.091476,1,0.138819,0.976253,0.913348,1,0.561351,1,0,0.205534,0.939573,0,0.871501,0.876126,0.6225,306,10,0,316,316,316,0,0,0,0,0,False,False
317,stress,close,40,20,0.635035,0.458493,0.59528,0.091033,1,0.176542,0.977134,0.912662,1,0.560438,1,0,0.205091,0.939689,0,0.871501,0.870732,0.6225,307,10,0,317,317,317,0,0,0,0,0,False,False
318,stress,close,40,20,0.593377,0.488769,0.540391,0.090594,2,0.104609,0.977987,0.911999,1,0.558571,1,0,0.204684,0.939781,0,0.871501,0.875534,0.6225,308,10,0,318,318,318,0,0,0,0,0,False,False
319,stress,close,40,20,0.591239,0.44885,0.658034,0.090163,1,0.209184,0.978813,0.911358,1,0.55827,1,0,0.204309,0.939845,0,0.8715,0.862401,0.6225,309,10,0,319,319,319,0,0,0,0,0,False,False
320,stress,close,40,20,0.653734,0.463112,0.548755,0.089741,1,0.190622,0.979614,0.91074,1,0.557732,1,0,0.203964,0.939895,0,0.8715,0.856341,0.6225,310,10,0,320,320,320,0,0,0,0,0,False,False
321,stress,close,40,20,0.643283,0.48575,0.66738,0.089331,1,0.181631,0.980389,0.910143,1,0.557102,1,0,0.203647,0.939945,0,0.8715,0.85204,0.6225,311,10,0,321,321,321,0,0,0,0,0,False,False
322,stress,close,40,20,0.612701,0.507132,0.663825,0.088936,1,0.156693,0.98114,0.909566,1,0.556163,1,0,0.203355,0.93997,0,0.8715,0.851493,0.6225,312,10,0,322,322,322,0,0,0,0,0,False,False
323,stress,close,40,20,0.58954,0.46239,0.542856,0.088557,2,0.127149,0.981867,0.90901,1,0.554865,1,0,0.203087,0.939995,0,0.8715,0.854983,0.6225,313,10,0,323,323,323,0,0,0,0,0,False,False
324,stress,close,40,20,0.592866,0.516441,0.607994,0.088197,2,0.091553,0.982571,0.908473,1,0.553141,1,0,0.20284,0.94,0,0.8715,0.862965,0.6225,314,10,0,324,324,324,0,0,0,0,0,False,False
325,stress,close,40,20,0.583876,0.436238,0.602757,0.087858,1,0.166519,0.983253,0.907954,1,0.552561,1,0,0.202613,0.94,0,0.8715,0.860108,0.6225,315,10,0,325,325,325,0,0,0,0,0,False,False
326,stress,close,40,20,0.60701,0.466983,0.607921,0.087541,1,0.140938,0.983913,0.907455,1,0.55166,1,0,0.202404,0.94,0,0.8715,0.860962,0.6225,316,10,0,326,326,326,0,0,0,0,0,False,False
327,stress,close,40,20,0.637207,0.480341,0.495393,0.087249,1,0.156866,0.984552,0.906972,1,0.551034,1,0,0.202211,0.94,0,0.8715,0.859588,0.6225,317,10,0,327,327,327,0,0,0,0,0,False,False
328,stress,close,40,20,0.617021,0.478041,0.675215,0.086983,1,0.197174,0.985171,0.906507,1,0.551012,1,0,0.202035,0.94,0,0.8715,0.846695,0.6225,318,10,0,328,328,328,0,0,0,0,0,False,False
329,stress,close,40,20,0.600513,0.453384,0.530088,0.086744,2,0.147128,0.98577,0.906059,1,0.550299,1,0,0.201872,0.94,0,0.8715,0.84792,0.6225,319,10,0,329,329,329,0,0,0,0,0,False,False
330,stress,close,40,20,0.60673,0.467376,0.678848,0.086534,1,0.211472,0.98635,0.905627,1,0.550529,1,0,0.201722,0.94,0,0.8715,0.835201,0.6225,320,10,0,330,330,330,0,0,0,0,0,False,False
331,stress,close,40,20,0.630914,0.482263,0.64673,0.086354,1,0.164467,0.986912,0.905211,1,0.550098,1,0,0.201584,0.94,0,0.8715,0.83512,0.6225,321,10,0,331,331,331,0,0,0,0,0,False,False
332,stress,close,40,20,0.636568,0.464951,0.589587,0.086204,1,0.171617,0.987455,0.90481,1,0.549797,1,0,0.201458,0.94,0,0.8715,0.834081,0.6225,322,10,0,332,332,332,0,0,0,0,0,False,False
333,stress,close,40,20,0.602438,0.495912,0.649863,0.086085,1,0.153951,0.987981,0.904424,1,0.549271,1,0,0.201341,0.94,0,0.8715,0.83552,0.6225,323,10,0,333,333,333,0,0,0,0,0,False,False
334,stress,close,40,20,0.64117,0.460092,0.571865,0.085998,1,0.181078,0.98849,0.904052,1,0.549159,1,0,0.201234,0.94,0,0.8715,0.833168,0.6225,324,10,0,334,334,334,0,0,0,0,0,False,False
335,stress,close,40,20,0.628644,0.44949,0.66153,0.085942,1,0.21204,0.988982,0.903694,1,0.549494,1,0,0.201135,0.94,0,0.8715,0.82067,0.6225,325,10,0,335,335,335,0,0,0,0,0,False,False
336,stress,close,40,20,0.618444,0.507366,0.552174,0.085919,2,0.111078,0.989459,0.903349,1,0.548406,1,0,0.201044,0.94,0,0.8715,0.829104,0.6225,326,10,0,336,336,336,0,0,0,0,0,False,False
337,stress,close,40,20,0.648276,0.489122,0.490926,0.085928,1,0.159154,0.98992,0.903018,1,0.548054,1,0,0.200961,0.94,0,0.8715,0.830289,0.6225,327,10,0,337,337,337,0,0,0,0,0,False,False
338,stress,close,40,20,0.637271,0.470595,0.459337,0.085968,1,0.177935,0.990366,0.902699,1,0.54799,1,0,0.200884,0.94,0,0.8715,0.828832,0.6225,328,10,0,338,338,338,0,0,0,0,0,False,False
339,stress,close,40,20,0.603593,0.470837,0.566395,0.086039,1,0.132756,0.990797,0.902392,1,0.547305,1,0,0.200813,0.94,0,0.8715,0.833605,0.6225,329,10,0,339,339,339,0,0,0,0,0,False,False
340,stress,close,40,20,0.587212,0.44249,0.499704,0.08614,1,0.144722,0.991215,0.902098,1,0.546829,1,0,0.200748,0.94,0,0.8715,0.836333,0.6225,330,10,0,340,340,340,0,0,0,0,0,False,False
341,stress,close,40,20,0.6203,0.466451,0.579049,0.08627,1,0.153849,0.991618,0.901815,1,0.546513,1,0,0.200688,0.94,0,0.8715,0.837583,0.6225,331,10,0,341,341,341,0,0,0,0,0,False,False
342,stress,close,40,20,0.641765,0.478852,0.466837,0.086429,1,0.174928,0.992009,0.901543,1,0.546516,1,0,0.200633,0.94,0,0.8715,0.835876,0.6225,332,10,0,342,342,342,0,0,0,0,0,False,False
343,stress,recurse,40,20,0.60761,0.505374,0.705373,0.086614,0,0.2,0.975343,0.916088,1,0.576731,1,1,0.200633,0.939057,0.002468,0.8715,0.823338,0.6225,332,11,0,343,343,343,0,0,0,0,0,False,False
344,stress,close,40,20,0.604017,0.470793,0.560737,0.086825,1,0.133224,0.976219,0.915394,1,0.574655,1,0,0.200582,0.94,0,0.8715,0.828542,0.6225,333,11,0,344,344,344,0,0,0,0,0,False,False
345,stress,close,40,20,0.596434,0.476484,0.642304,0.087059,1,0.165819,0.977068,0.914723,1,0.573146,1,0,0.200536,0.94,0,0.8715,0.828878,0.6225,334,11,0,345,345,345,0,0,0,0,0,False,False
346,stress,close,40,20,0.639386,0.458386,0.669784,0.087316,1,0.211398,0.97789,0.914075,1,0.572359,1,0,0.200493,0.94,0,0.8715,0.816444,0.6225,335,11,0,346,346,346,0,0,0,0,0,False,False
347,stress,close,40,20,0.612841,0.503166,0.577982,0.087592,2,0.109675,0.978687,0.913449,1,0.570195,1,0,0.200454,0.94,0,0.8715,0.825448,0.6225,336,11,0,347,347,347,0,0,0,0,0,False,False
348,stress,close,40,20,0.619415,0.474568,0.580999,0.087886,1,0.144847,0.979458,0.912845,1,0.56864,1,0,0.200417,0.94,0,0.8715,0.828894,0.6225,337,11,0,348,348,348,0,0,0,0,0,False,False
349,stress,recurse,40,20,0.607678,0.428717,0.761217,0.088196,0,0.332499,0.963055,0.927197,1,0.599912,1,1,0.200417,0.93903,0.002586,0.8715,0.81646,0.6225,337,12,0,349,349,349,0,0,0,0,0,False,False
350,stress,close,40,20,0.616454,0.508504,0.561422,0.088519,2,0.10795,0.964293,0.926186,1,0.59637,1,0,0.200384,0.94,0,0.8715,0.825696,0.6225,338,12,0,350,350,350,0,0,0,0,0,False,False
351,stress,close,40,20,0.633252,0.518145,0.529264,0.088854,1,0.115107,0.965493,0.925208,1,0.593113,1,0,0.200353,0.94,0,0.8715,0.833133,0.6225,339,12,0,351,351,351,0,0,0,0,0,False,False
352,stress,close,40,20,0.626039,0.490904,0.490065,0.089197,1,0.135974,0.966655,0.924262,1,0.590319,1,0,0.200325,0.94,0,0.8715,0.837085,0.6225,340,12,0,352,352,352,0,0,0,0,0,False,False
353,stress,recurse,40,20,0.608875,0.475248,0.373197,0.089546,0,0.235678,0.95056,0.935458,0.997014,0.619357,1,1,0.200325,0.939012,0.002664,0.8715,0.824529,0.6225,340,13,0,353,352,353,0,0,0,0,0,False,False
354,stress,close,40,20,0.581718,0.496131,0.491482,0.089899,2,0.090236,0.952168,0.93421,1,0.614626,1,0,0.200299,0.94,0,0.8715,0.835429,0.6225,341,13,0,354,353,354,0,0,0,0,0,False,False
355,stress,close,40,20,0.59039,0.450114,0.561166,0.089797,1,0.140276,0.953727,0.933003,1,0.61084,1,0,0.200275,0.94,0,0.8715,0.838593,0.6225,342,13,0,355,354,355,0,0,0,0,0,False,False
356,stress,close,40,20,0.614931,0.489208,0.579139,0.089352,1,0.125724,0.955238,0.931834,1,0.607048,1,0,0.200253,0.94,0,0.8715,0.843437,0.6225,343,13,0,356,355,356,0,0,0,0,0,False,False
357,stress,recurse,40,20,0.6083,0.515419,0.393963,0.088912,0,0.214337,0.93941,0.942901,0.989334,0.635156,1,1,0.200253,0.938993,0.002743,0.8715,0.830786,0.6225,343,14,0,357,355,357,0,0,0,0,0,False,False
358,stress,recurse,40,20,0.622061,0.484327,0.301847,0.088479,0,0.320214,0.924038,0.95366,0.97282,0.661258,1,2,0.200253,0.937482,0.008005,0.8715,0.818324,0.6225,343,15,0,358,355,357,0,0,0,0,0,False,False
359,stress,recurse,40,20,0.614609,0.501106,0.411083,0.088054,0,0.203525,0.909108,0.964121,0.95646,0.693969,1,3,0.200253,0.934266,0.021787,0.8715,0.806049,0.6225,343,16,0,358,355,357,0,0,0,0,0,False,False
360,stress,close,40,20,0.605353,0.471918,0.444812,0.087641,1,0.160541,0.911613,0.959119,0.962877,0.696039,1,2,0.199113,0.935506,0.024391,0.8715,0.809122,0.6225,344,16,0,358,355,357,0,0,0,0,0,False,False
361,stress,close,40,20,0.633826,0.509331,0.608847,0.087241,1,0.124495,0.914042,0.954271,0.969272,0.697509,1,1,0.198064,0.936745,0.026995,0.8715,0.816784,0.6225,345,16,0,358,355,357,0,0,0,0,0,False,False
362,stress,close,40,20,0.583345,0.506851,0.396528,0.086858,1,0.186817,0.916396,0.949571,0.975643,0.699785,1,0,0.197099,0.937985,0.029599,0.8715,0.815343,0.6225,346,16,0,358,355,357,0,0,0,0,0,False,False
363,stress,close,40,20,0.602451,0.487739,0.54403,0.086492,2,0.114712,0.918679,0.945014,0.975995,0.700946,1,0,0.196211,0.939225,0.032203,0.8715,0.823766,0.6225,347,16,0,358,355,357,0,0,0,0,0,False,False
364,stress,close,40,20,0.621324,0.498097,0.532672,0.086147,1,0.123227,0.920892,0.940597,0.976326,0.702176,1,0,0.195394,0.94,0.034807,0.8715,0.830281,0.6225,348,16,0,358,355,357,0,0,0,0,0,False,False
365,stress,close,40,20,0.608263,0.4779,0.539693,0.085825,2,0.130363,0.923038,0.936315,0.976635,0.703452,1,0,0.194642,0.94,0.037412,0.8715,0.835247,0.6225,349,16,0,358,355,357,0,0,0,0,0,False,False
366,stress,close,40,20,0.615984,0.51574,0.464014,0.085526,1,0.151971,0.925118,0.932164,0.976926,0.704975,1,0,0.193951,0.94,0.040016,0.8715,0.836849,0.6225,350,16,0,358,355,357,0,0,0,0,0,False,False
367,stress,close,40,20,0.584505,0.457786,0.508108,0.085252,2,0.126719,0.927134,0.928141,0.977202,0.706076,1,0,0.193315,0.94,0.04262,0.8715,0.841715,0.6225,351,16,0,358,355,357,0,0,0,0,0,False,False
368,stress,close,40,20,0.604718,0.532151,0.509628,0.085006,2,0.09509,0.929089,0.924241,0.977463,0.706687,1,0,0.19273,0.94,0.045224,0.8715,0.850414,0.6225,352,16,0,358,355,357,0,0,0,0,0,False,False
369,stress,close,40,20,0.588949,0.505589,0.418428,0.084788,1,0.170521,0.930984,0.920461,0.977708,0.708332,1,0,0.192191,0.94,0.047828,0.8715,0.848146,0.6225,353,16,0,358,355,357,0,0,0,0,0,False,False
370,stress,close,40,20,0.594493,0.490254,0.437197,0.084599,1,0.157296,0.932821,0.916796,0.97794,0.709716,1,0,0.191696,0.94,0.050432,0.8715,0.847868,0.6225,354,16,0,358,355,357,0,0,0,0,0,False,False
371,stress,close,40,20,0.586154,0.478987,0.532823,0.084441,2,0.107168,0.934601,0.913245,0.97816,0.710338,1,0,0.19124,0.94,0.053036,0.8715,0.854382,0.6225,355,16,0,358,355,357,0,0,0,0,0,False,False
372,stress,recurse,40,20,0.626036,0.499939,0.35485,0.084314,0,0.271186,0.919108,0.925235,0.962209,0.742171,1,1,0.19124,0.936725,0.067073,0.8715,0.841567,0.6225,355,17,0,358,355,357,0,0,0,0,0,False,False
373,stress,close,40,20,0.569968,0.509455,0.577961,0.084218,3,0.068506,0.921298,0.921436,0.968754,0.740644,1,0,0.200121,0.937801,0.071305,0.8715,0.853867,0.6225,356,17,0,358,355,357,0,0,0,0,0,False,False
374,stress,close,40,20,0.582714,0.485776,0.509677,0.084154,2,0.096939,0.923421,0.917753,0.969277,0.7396,1,0,0.198991,0.939041,0.073909,0.8715,0.861223,0.6225,357,17,0,358,355,357,0,0,0,0,0,False,False
375,stress,close,40,20,0.566602,0.498268,0.346052,0.084122,1,0.22055,0.925478,0.914184,0.969773,0.740346,1,0,0.197952,0.94,0.076512,0.8715,0.848304,0.6225,358,17,0,358,355,357,0,0,0,0,0,False,False
376,stress,close,40,20,0.592621,0.494908,0.551132,0.084122,2,0.097713,0.927473,0.910725,0.970247,0.739343,1,0,0.196996,0.94,0.079116,0.8715,0.856056,0.6225,359,17,0,358,355,357,0,0,0,0,0,False,False
377,stress,close,40,20,0.606046,0.496268,0.567688,0.084154,2,0.109777,0.929407,0.907372,0.9707,0.738567,1,0,0.196116,0.94,0.08172,0.8715,0.861481,0.6225,360,17,0,358,355,357,0,0,0,0,0,False,False
378,stress,close,40,20,0.573382,0.505231,0.538823,0.084217,3,0.068151,0.931282,0.904123,0.971135,0.737255,1,0,0.204607,0.94,0.085952,0.8715,0.872037,0.6225,361,17,0,358,355,357,0,0,0,0,0,False,False
379,stress,close,40,20,0.599145,0.497164,0.541321,0.08431,2,0.101981,0.933099,0.900974,0.971551,0.73649,1,0,0.203118,0.94,0.088556,0.8715,0.877076,0.6225,362,17,0,358,355,357,0,0,0,0,0,False,False
380,stress,close,40,20,0.627821,0.503695,0.504915,0.084432,1,0.124127,0.934861,0.897922,0.971949,0.736081,1,0,0.201749,0.94,0.09116,0.8715,0.878672,0.6225,363,17,0,358,355,357,0,0,0,0,0,False,False
381,stress,close,40,20,0.580841,0.50027,0.598338,0.084583,2,0.098068,0.936569,0.894964,0.972331,0.735336,1,0,0.200489,0.94,0.093764,0.8715,0.883643,0.6225,364,17,0,358,355,357,0,0,0,0,0,False,False
382,stress,close,40,20,0.599497,0.498931,0.502555,0.084762,1,0.100567,0.938224,0.892098,0.972698,0.734671,1,0,0.19933,0.94,0.096368,0.8715,0.887828,0.6225,365,17,0,358,355,357,0,0,0,0,0,False,False
383,stress,close,40,20,0.579008,0.497472,0.528021,0.084966,3,0.081536,0.939828,0.889321,0.973049,0.73378,1,0,0.207564,0.94,0.100599,0.8715,0.894207,0.6225,366,17,0,358,355,357,0,0,0,0,0,False,False
384,stress,close,40,20,0.576632,0.472363,0.502761,0.085194,2,0.104269,0.941383,0.886629,0.973385,0.73326,1,0,0.205838,0.94,0.103203,0.8715,0.896942,0.6225,367,17,0,358,355,357,0,0,0,0,0,False,False
385,stress,close,40,20,0.586667,0.489425,0.532171,0.085445,2,0.097242,0.942891,0.884021,0.973708,0.732676,1,0,0.204251,0.94,0.105807,0.8715,0.900379,0.6225,368,17,0,358,355,357,0,0,0,0,0,False,False
386,stress,close,40,20,0.589876,0.446809,0.530608,0.085716,2,0.143067,0.944351,0.881494,0.974017,0.73277,1,0,0.202791,0.94,0.108411,0.8715,0.897321,0.6225,369,17,0,358,355,357,0,0,0,0,0,False,False
387,stress,close,40,20,0.604545,0.456847,0.437634,0.086005,1,0.166911,0.945767,0.879046,0.974313,0.733201,1,0,0.201448,0.94,0.111015,0.8715,0.891319,0.6225,370,17,0,358,355,357,0,0,0,0,0,False,False
388,stress,close,40,20,0.593869,0.475217,0.559356,0.086311,2,0.118652,0.947139,0.876674,0.974599,0.732943,1,0,0.200212,0.94,0.113619,0.8715,0.892372,0.6225,371,17,0,358,355,357,0,0,0,0,0,False,False
389,stress,close,40,20,0.571495,0.460742,0.485703,0.086631,2,0.110753,0.948469,0.874376,0.974873,0.732595,1,0,0.199075,0.94,0.116223,0.8715,0.894397,0.6225,372,17,0,358,355,357,0,0,0,0,0,False,False
390,stress,close,40,20,0.607502,0.45152,0.53643,0.086963,2,0.155982,0.949758,0.872149,0.975135,0.732905,1,0,0.198029,0.94,0.118827,0.8715,0.890134,0.6225,373,17,0,358,355,357,0,0,0,0,0,False,False
391,stress,close,40,20,0.583432,0.474202,0.505683,0.087304,2,0.10923,0.951007,0.869992,0.975389,0.732553,1,0,0.197067,0.94,0.121431,0.8715,0.892566,0.6225,374,17,0,358,355,357,0,0,0,0,0,False,False
392,stress,close,40,20,0.617922,0.474437,0.450851,0.087652,1,0.167071,0.952217,0.867903,0.97563,0.733037,1,0,0.196181,0.94,0.124035,0.8715,0.88697,0.6225,375,17,0,358,355,357,0,0,0,0,0,False,False
393,stress,close,40,20,0.606477,0.461789,0.502303,0.088004,1,0.144689,0.95339,0.865879,0.975864,0.733191,1,0,0.195367,0.94,0.126639,0.8715,0.8849,0.6225,376,17,0,358,355,357,0,0,0,0,0,False,False
394,stress,recurse,40,20,0.602317,0.463032,0.337543,0.088117,0,0.264774,0.936916,0.879825,0.960241,0.764855,0.999907,1,0.195367,0.936624,0.141109,0.8715,0.871627,0.6225,376,18,0,358,355,357,0,0,0,0,0,False,False
395,stress,recurse,40,20,0.64307,0.49658,0.408853,0.087672,0,0.234217,0.920917,0.893377,0.944694,0.794557,0.999536,2,0.195367,0.933243,0.155598,0.8715,0.858552,0.6225,376,19,0,358,355,357,0,0,0,0,0,False,False
396,stress,close,40,20,0.637063,0.481793,0.492404,0.087231,1,0.15527,0.922395,0.890597,0.950923,0.791806,0.999232,1,0.192538,0.934519,0.157838,0.8715,0.857611,0.6225,377,19,0,358,355,357,0,0,0,0,0,False,False
397,stress,close,40,20,0.565617,0.528993,0.554618,0.086795,3,0.036624,0.923827,0.887903,0.957147,0.78754,0.999008,0,0.197935,0.935655,0.161478,0.8715,0.872772,0.6225,378,19,0,358,355,357,0,0,0,0,0,False,False
398,stress,close,40,20,0.606034,0.453971,0.563861,0.086368,1,0.152064,0.925215,0.885293,0.957365,0.785111,0.998843,0,0.1949,0.936931,0.163718,0.8715,0.870984,0.6225,379,19,0,358,355,357,0,0,0,0,0,False,False
399,stress,close,40,20,0.620417,0.454908,0.459665,0.085951,1,0.165509,0.926561,0.882764,0.957577,0.783,0.998729,0,0.192108,0.938207,0.165958,0.8715,0.867541,0.6225,380,19,0,358,355,357,0,0,0,0,0,False,False
400,stress,recurse,40,20,0.597991,0.462538,0.701837,0.085548,0,0.239299,0.910778,0.89635,0.942164,0.807904,0.998337,1,0.192108,0.934803,0.180546,0.8715,0.854528,0.6225,380,20,0,358,355,357,0,0,0,0,0,False,False
401,stress,close,40,20,0.615311,0.473851,0.649176,0.08516,1,0.175325,0.912554,0.893494,0.948658,0.804806,0.998009,0,0.189539,0.936079,0.182786,0.8715,0.851242,0.6225,381,20,0,358,355,357,0,0,0,0,0,False,False
402,stress,close,40,20,0.624262,0.432815,0.410635,0.084789,1,0.213627,0.914276,0.890727,0.949136,0.802407,0.997722,0,0.187176,0.937355,0.185026,0.8715,0.838473,0.6225,382,20,0,358,355,357,0,0,0,0,0,False,False
403,stress,close,40,20,0.587948,0.427881,0.556822,0.084439,1,0.160066,0.915944,0.888046,0.949599,0.799386,0.9975,0,0.185002,0.938631,0.187266,0.8715,0.838692,0.6225,383,20,0,358,355,357,0,0,0,0,0,False,False
404,stress,close,40,20,0.606477,0.459776,0.645313,0.08411,1,0.185537,0.917562,0.885448,0.950049,0.796881,0.997333,0,0.183002,0.939907,0.189506,0.8715,0.835452,0.6225,384,20,0,358,355,357,0,0,0,0,0,False,False
405,stress,close,40,20,0.590704,0.438078,0.537203,0.083804,1,0.152626,0.91913,0.88293,0.950482,0.794048,0.997168,0,0.181162,0.94,0.191746,0.8715,0.836947,0.6225,385,20,0,358,355,357,0,0,0,0,0,False,False
406,stress,close,40,20,0.618199,0.452196,0.611443,0.083524,1,0.166003,0.920649,0.880491,0.950897,0.791552,0.996998,0,0.179469,0.94,0.193986,0.8715,0.836501,0.6225,386,20,0,358,355,357,0,0,0,0,0,False,False
407,stress,close,40,20,0.597943,0.389054,0.651326,0.08327,1,0.262272,0.922122,0.878128,0.951294,0.790536,0.996797,0,0.177911,0.94,0.196226,0.8715,0.823954,0.6225,387,20,0,358,355,357,0,0,0,0,0,False,False
408,stress,close,40,20,0.648865,0.47184,0.706365,0.083044,1,0.234525,0.923549,0.875838,0.951674,0.78919,0.996568,0,0.176478,0.94,0.198466,0.8715,0.811594,0.6225,388,20,0,358,355,357,0,0,0,0,0,False,False
409,stress,close,40,20,0.611298,0.443445,0.57835,0.082848,1,0.167852,0.924933,0.87362,0.952038,0.786986,0.996341,0,0.17516,0.94,0.200706,0.8715,0.813181,0.6225,389,20,0,358,355,357,0,0,0,0,0,False,False
410,stress,close,40,20,0.647961,0.420259,0.671389,0.082681,1,0.251131,0.926274,0.871471,0.952387,0.786066,0.996087,0,0.173947,0.94,0.202946,0.8715,0.800983,0.6225,390,20,0,358,355,357,0,0,0,0,0,False,False
411,stress,close,40,20,0.624545,0.49055,0.565331,0.082545,2,0.133995,0.927573,0.86939,0.952723,0.78356,0.995846,0,0.172831,0.94,0.205186,0.8715,0.808095,0.6225,391,20,0,358,355,357,0,0,0,0,0,False,False
412,stress,close,40,20,0.634243,0.443173,0.580699,0.082441,1,0.191071,0.928832,0.867373,0.953046,0.781987,0.995602,0,0.171805,0.94,0.207426,0.8715,0.806862,0.6225,392,20,0,358,355,357,0,0,0,0,0,False,False
413,stress,close,40,20,0.641857,0.470686,0.462931,0.082368,1,0.178926,0.930053,0.86542,0.953356,0.78033,0.995357,0,0.170861,0.94,0.209666,0.8715,0.80738,0.6225,393,20,0,358,355,357,0,0,0,0,0,False,False
414,stress,recurse,40,20,0.633744,0.454459,0.539347,0.082328,0,0.179285,0.913899,0.879867,0.938083,0.805124,0.994863,1,0.170861,0.936532,0.224528,0.8715,0.807802,0.6225,393,21,0,358,355,357,0,0,0,0,0,False,False
415,stress,recurse,40,20,0.591679,0.438658,0.685517,0.082319,0,0.246859,0.898212,0.893905,0.922857,0.829668,0.994107,2,0.170861,0.93306,0.239411,0.8715,0.795685,0.6225,393,22,0,358,355,357,0,0,0,1,0,True,False
416,stress,recurse,40,20,0.619698,0.435018,0.51943,0.082342,0,0.18468,0.882976,0.907546,0.907691,0.852157,0.993126,3,0.170861,0.929582,0.254312,0.8715,0.796431,0.6225,393,23,0,358,355,357,0,0,0,2,0,True,False
417,stress,close,40,20,0.606323,0.409149,0.456003,0.082397,1,0.197174,0.885568,0.904399,0.914848,0.847278,0.992221,2,0.169992,0.930858,0.256552,0.8715,0.784485,0.6225,394,23,0,358,355,357,0,0,0,3,0,True,False
418,stress,close,40,20,0.594387,0.450817,0.651668,0.082482,1,0.200851,0.88808,0.901348,0.921966,0.842702,0.991388,1,0.169192,0.932134,0.258792,0.8715,0.772718,0.6225,395,23,0,358,355,357,0,0,0,4,0,True,False
419,stress,close,40,20,0.599433,0.432642,0.674277,0.082597,1,0.241636,0.890516,0.898392,0.929048,0.838934,0.990624,0,0.168457,0.93341,0.261032,0.8715,0.761127,0.6225,396,23,0,358,355,357,0,0,0,5,0,True,False
420,stress,close,40,20,0.622254,0.469975,0.416949,0.08274,1,0.205305,0.892877,0.895528,0.930095,0.834854,0.989926,0,0.16778,0.934686,0.263272,0.8715,0.74971,0.6225,397,23,0,358,355,357,0,0,0,6,0,True,False
